{
  "version": "4.5.6",
  "flags": {},
  "shapes": [
    {
      "label": "细胞膜",
      "points": [
        [
          141.85714285714286,
          8.285714285714286
        ],
        [
          153.85714285714286,
          14.571428571428573
        ],
        [
          166.42857142857142,
          21.428571428571427
        ],
        [
          180.71428571428572,
          28.285714285714285
        ],
        [
          196.71428571428572,
          36.285714285714285
        ],
        [
          212.71428571428572,
          40.857142857142854
        ],
        [
          237.28571428571428,
          44.857142857142854
        ],
        [
          258.42857142857144,
          44.857142857142854
        ],
        [
          281.2857142857143,
          40.285714285714285
        ],
        [
          284.7142857142857,
          35.714285714285715
        ],
        [
          270.42857142857144,
          28.285714285714285
        ],
        [
          253.28571428571428,
          23.142857142857142
        ],
        [
          234.42857142857144,
          18.571428571428573
        ],
        [
          204.71428571428572,
          9.428571428571429
        ],
        [
          177.28571428571428,
          4.285714285714286
        ],
        [
          149.85714285714286,
          3.7142857142857144
        ]
      ],
      "group_id": null,
      "shape_type": "polygon",
      "flags": {}
    },
    {
      "label": "细胞核",
      "points": [
        [
          185.85714285714286,
          12.285714285714286
        ],
        [
          188.14285714285714,
          21.428571428571427
        ],
        [
          196.71428571428572,
          28.285714285714285
        ],
        [
          207.57142857142858,
          35.714285714285715
        ],
        [
          220.14285714285714,
          39.142857142857146
        ],
        [
          233.28571428571428,
          42.0
        ],
        [
          247.57142857142856,
          40.857142857142854
        ],
        [
          257.85714285714283,
          36.285714285714285
        ],
        [
          259.57142857142856,
          27.714285714285715
        ],
        [
          254.42857142857144,
          25.428571428571427
        ],
        [
          240.14285714285717,
          21.428571428571427
        ],
        [
          228.14285714285717,
          18.571428571428573
        ],
        [
          211.57142857142858,
          13.428571428571429
        ],
        [
          200.71428571428572,
          10.571428571428571
        ],
        [
          189.85714285714286,
          6.571428571428571
        ]
      ],
      "group_id": null,
      "shape_type": "polygon",
      "flags": {}
    },
    {
      "label": "细胞膜",
      "points": [
        [
          137.28571428571428,
          302.0
        ],
        [
          134.42857142857142,
          312.2857142857143
        ],
        [
          123.0,
          315.7142857142857
        ],
        [
          102.42857142857142,
          320.85714285714283
        ],
        [
          87.57142857142857,
          324.85714285714283
        ],
        [
          79.0,
          334.0
        ],
        [
          75.0,
          342.57142857142856
        ],
        [
          75.0,
          356.2857142857143
        ],
        [
          73.28571428571429,
          367.14285714285717
        ],
        [
          77.85714285714286,
          373.42857142857144
        ],
        [
          74.42857142857143,
          380.85714285714283
        ],
        [
          69.28571428571429,
          387.7142857142857
        ],
        [
          83.57142857142857,
          389.42857142857144
        ],
        [
          107.0,
          388.85714285714283
        ],
        [
          127.57142857142858,
          382.57142857142856
        ],
        [
          141.85714285714286,
          364.85714285714283
        ],
        [
          146.42857142857142,
          351.14285714285717
        ],
        [
          147.57142857142858,
          334.57142857142856
        ],
        [
          144.14285714285714,
          322.0
        ],
        [
          140.14285714285714,
          312.2857142857143
        ]
      ],
      "group_id": null,
      "shape_type": "polygon",
      "flags": {}
    },
    {
      "label": "细胞膜",
      "points": [
        [
          7.571428571428569,
          303.7142857142857
        ],
        [
          18.42857142857143,
          298.57142857142856
        ],
        [
          22.42857142857143,
          290.0
        ],
        [
          27.0,
          285.42857142857144
        ],
        [
          34.42857142857143,
          283.7142857142857
        ],
        [
          40.71428571428571,
          290.0
        ],
        [
          39.57142857142857,
          300.85714285714283
        ],
        [
          34.42857142857143,
          312.2857142857143
        ],
        [
          33.285714285714285,
          323.7142857142857
        ],
        [
          25.285714285714285,
          339.14285714285717
        ],
        [
          17.285714285714285,
          353.42857142857144
        ],
        [
          1.8571428571428577,
          372.2857142857143
        ],
        [
          0.14285714285714235,
          314.0
        ]
      ],
      "group_id": null,
      "shape_type": "polygon",
      "flags": {}
    },
    {
      "label": "细胞膜",
      "points": [
        [
          3.5714285714285694,
          237.42857142857142
        ],
        [
          19.0,
          231.71428571428572
        ],
        [
          29.857142857142854,
          221.42857142857142
        ],
        [
          36.14285714285714,
          209.42857142857142
        ],
        [
          43.57142857142857,
          194.0
        ],
        [
          34.42857142857143,
          179.71428571428572
        ],
        [
          30.42857142857143,
          175.14285714285714
        ],
        [
          20.142857142857146,
          175.14285714285714
        ],
        [
          8.142857142857146,
          178.57142857142858
        ],
        [
          0,
          179
        ],
        [
          0,
          236
        ]
      ],
      "group_id": null,
      "shape_type": "polygon",
      "flags": {}
    },
    {
      "label": "细胞膜",
      "points": [
        [
          71.57142857142857,
          163.71428571428572
        ],
        [
          73.85714285714286,
          189.42857142857142
        ],
        [
          81.28571428571429,
          203.71428571428572
        ],
        [
          90.42857142857143,
          206.57142857142858
        ],
        [
          98.42857142857143,
          200.28571428571428
        ],
        [
          105.28571428571428,
          194.57142857142858
        ],
        [
          113.85714285714286,
          188.85714285714286
        ],
        [
          118.42857142857142,
          181.42857142857142
        ],
        [
          128.71428571428572,
          180.85714285714286
        ],
        [
          132.14285714285714,
          176.85714285714286
        ],
        [
          137.85714285714286,
          171.14285714285714
        ],
        [
          138.42857142857142,
          163.71428571428572
        ],
        [
          134.42857142857142,
          159.14285714285714
        ],
        [
          134.42857142857142,
          152.85714285714286
        ],
        [
          130.42857142857142,
          147.71428571428572
        ],
        [
          124.71428571428572,
          145.42857142857142
        ],
        [
          119.57142857142858,
          153.42857142857142
        ],
        [
          115.57142857142858,
          150.0
        ],
        [
          107.57142857142858,
          144.85714285714286
        ],
        [
          95.0,
          144.85714285714286
        ],
        [
          86.42857142857143,
          146.0
        ],
        [
          79.57142857142857,
          151.71428571428572
        ]
      ],
      "group_id": null,
      "shape_type": "polygon",
      "flags": {}
    },
    {
      "label": "细胞膜",
      "points": [
        [
          43.57142857142857,
          88.85714285714286
        ],
        [
          45.28571428571429,
          77.42857142857143
        ],
        [
          45.28571428571429,
          66.0
        ],
        [
          49.85714285714286,
          54.57142857142857
        ],
        [
          61.85714285714286,
          51.714285714285715
        ],
        [
          71.57142857142857,
          54.0
        ],
        [
          90.42857142857143,
          62.57142857142857
        ],
        [
          104.14285714285714,
          71.14285714285714
        ],
        [
          119.0,
          88.28571428571429
        ],
        [
          128.14285714285714,
          98.0
        ],
        [
          137.85714285714286,
          107.71428571428571
        ],
        [
          141.28571428571428,
          114.57142857142857
        ],
        [
          131.57142857142858,
          120.85714285714286
        ],
        [
          119.57142857142858,
          128.28571428571428
        ],
        [
          105.28571428571428,
          129.42857142857142
        ],
        [
          95.0,
          127.71428571428572
        ],
        [
          88.14285714285714,
          120.28571428571429
        ],
        [
          83.57142857142857,
          114.0
        ],
        [
          77.28571428571429,
          107.71428571428571
        ],
        [
          68.14285714285714,
          104.85714285714286
        ],
        [
          58.42857142857143,
          103.71428571428571
        ],
        [
          51.0,
          101.42857142857143
        ],
        [
          45.85714285714286,
          96.85714285714286
        ]
      ],
      "group_id": null,
      "shape_type": "polygon",
      "flags": {}
    },
    {
      "label": "细胞膜",
      "points": [
        [
          4.142857142857146,
          124.85714285714286
        ],
        [
          25.857142857142854,
          127.14285714285714
        ],
        [
          33.285714285714285,
          129.42857142857142
        ],
        [
          36.14285714285714,
          137.42857142857142
        ],
        [
          36.14285714285714,
          148.28571428571428
        ],
        [
          36.14285714285714,
          159.71428571428572
        ],
        [
          31.57142857142857,
          167.71428571428572
        ],
        [
          29.285714285714285,
          172.28571428571428
        ],
        [
          15.0,
          174.57142857142858
        ],
        [
          4.714285714285715,
          175.71428571428572
        ],
        [
          0.14285714285714235,
          174.57142857142858
        ],
        [
          0.14285714285714235,
          130.0
        ]
      ],
      "group_id": null,
      "shape_type": "polygon",
      "flags": {}
    },
    {
      "label": "细胞膜",
      "points": [
        [
          0.14285714285714235,
          92.85714285714286
        ],
        [
          6.428571428571431,
          92.28571428571429
        ],
        [
          12.142857142857146,
          87.71428571428571
        ],
        [
          27.0,
          87.14285714285714
        ],
        [
          39.0,
          92.28571428571429
        ],
        [
          45.28571428571429,
          96.85714285714286
        ],
        [
          53.85714285714286,
          106.0
        ],
        [
          39.0,
          116.28571428571429
        ],
        [
          28.142857142857146,
          125.42857142857143
        ],
        [
          2.428571428571427,
          123.71428571428571
        ],
        [
          0,
          116
        ],
        [
          0,
          94
        ],
        [
          0,
          91
        ]
      ],
      "group_id": null,
      "shape_type": "polygon",
      "flags": {}
    },
    {
      "label": "细胞膜",
      "points": [
        [
          41.85714285714286,
          227.71428571428572
        ],
        [
          50.42857142857143,
          209.42857142857142
        ],
        [
          62.42857142857143,
          191.71428571428572
        ],
        [
          72.14285714285714,
          180.85714285714286
        ],
        [
          69.28571428571429,
          166.57142857142858
        ],
        [
          63.57142857142857,
          160.28571428571428
        ],
        [
          51.57142857142857,
          155.71428571428572
        ],
        [
          38.42857142857143,
          155.71428571428572
        ],
        [
          31.57142857142857,
          170.0
        ],
        [
          39.57142857142857,
          183.14285714285714
        ],
        [
          45.85714285714286,
          194.57142857142858
        ],
        [
          40.14285714285714,
          209.42857142857142
        ],
        [
          36.14285714285714,
          223.14285714285714
        ],
        [
          35.57142857142857,
          233.42857142857142
        ]
      ],
      "group_id": null,
      "shape_type": "polygon",
      "flags": {}
    },
    {
      "label": "细胞膜",
      "points": [
        [
          57.28571428571429,
          107.71428571428571
        ],
        [
          72.71428571428571,
          107.71428571428571
        ],
        [
          84.14285714285714,
          119.14285714285714
        ],
        [
          90.42857142857143,
          126.57142857142858
        ],
        [
          95.0,
          136.28571428571428
        ],
        [
          95.0,
          142.0
        ],
        [
          83.0,
          145.42857142857142
        ],
        [
          74.42857142857143,
          155.14285714285714
        ],
        [
          71.0,
          161.42857142857142
        ],
        [
          63.0,
          159.14285714285714
        ],
        [
          53.28571428571429,
          154.57142857142858
        ],
        [
          44.14285714285714,
          152.85714285714286
        ],
        [
          39.0,
          152.85714285714286
        ],
        [
          37.28571428571429,
          140.85714285714286
        ],
        [
          35.57142857142857,
          128.85714285714286
        ],
        [
          34.42857142857143,
          122.57142857142857
        ],
        [
          40.71428571428571,
          118.0
        ]
      ],
      "group_id": null,
      "shape_type": "polygon",
      "flags": {}
    },
    {
      "label": "细胞膜",
      "points": [
        [
          363.0,
          10.0
        ],
        [
          337.2857142857143,
          18.0
        ],
        [
          316.7142857142857,
          22.0
        ],
        [
          282.42857142857144,
          23.142857142857142
        ],
        [
          259.0,
          21.428571428571427
        ],
        [
          234.42857142857144,
          17.428571428571427
        ],
        [
          208.14285714285714,
          10.571428571428571
        ],
        [
          192.71428571428572,
          4.285714285714286
        ],
        [
          175.57142857142858,
          3.1428571428571432
        ],
        [
          143.57142857142858,
          4.285714285714286
        ],
        [
          113.28571428571428,
          7.7142857142857135
        ],
        [
          97.85714285714286,
          8.857142857142858
        ],
        [
          73.28571428571429,
          7.142857142857142
        ],
        [
          71,
          0
        ],
        [
          287.0,
          0.2857142857142856
        ],
        [
          305.85714285714283,
          2.571428571428571
        ],
        [
          333.2857142857143,
          5.428571428571429
        ],
        [
          355.0,
          7.7142857142857135
        ]
      ],
      "group_id": null,
      "shape_type": "polygon",
      "flags": {}
    },
    {
      "label": "细胞膜",
      "points": [
        [
          479.57142857142856,
          2.0
        ],
        [
          475.0,
          17.428571428571427
        ],
        [
          480.7142857142857,
          19.142857142857142
        ],
        [
          484.1428571428571,
          15.714285714285715
        ],
        [
          489.8571428571429,
          36.285714285714285
        ],
        [
          500.1428571428571,
          54.0
        ],
        [
          509.8571428571429,
          62.0
        ],
        [
          511.0,
          0.2857142857142856
        ]
      ],
      "group_id": null,
      "shape_type": "polygon",
      "flags": {}
    },
    {
      "label": "细胞膜",
      "points": [
        [
          203.0,
          154.57142857142858
        ],
        [
          228.14285714285717,
          134.57142857142858
        ],
        [
          256.7142857142857,
          116.85714285714286
        ],
        [
          276.14285714285717,
          98.57142857142857
        ],
        [
          299.0,
          81.42857142857143
        ],
        [
          319.0,
          69.42857142857143
        ],
        [
          336.14285714285717,
          59.714285714285715
        ],
        [
          353.85714285714283,
          59.142857142857146
        ],
        [
          374.42857142857144,
          60.857142857142854
        ],
        [
          379.57142857142856,
          64.28571428571429
        ],
        [
          377.85714285714283,
          74.0
        ],
        [
          365.2857142857143,
          86.0
        ],
        [
          353.2857142857143,
          103.14285714285714
        ],
        [
          339.0,
          111.71428571428571
        ],
        [
          296.7142857142857,
          126.0
        ],
        [
          277.85714285714283,
          131.71428571428572
        ],
        [
          273.85714285714283,
          138.0
        ],
        [
          254.42857142857144,
          144.28571428571428
        ],
        [
          227.57142857142856,
          157.42857142857142
        ],
        [
          212.14285714285714,
          162.0
        ],
        [
          195.57142857142858,
          163.14285714285714
        ],
        [
          193.28571428571428,
          158.57142857142858
        ]
      ],
      "group_id": null,
      "shape_type": "polygon",
      "flags": {}
    },
    {
      "label": "细胞膜",
      "points": [
        [
          280.14285714285717,
          140.85714285714286
        ],
        [
          301.2857142857143,
          159.71428571428572
        ],
        [
          316.14285714285717,
          171.14285714285714
        ],
        [
          332.7142857142857,
          176.85714285714286
        ],
        [
          348.14285714285717,
          176.28571428571428
        ],
        [
          357.2857142857143,
          170.57142857142858
        ],
        [
          360.7142857142857,
          158.57142857142858
        ],
        [
          363.57142857142856,
          145.42857142857142
        ],
        [
          363.57142857142856,
          132.28571428571428
        ],
        [
          357.85714285714283,
          118.0
        ],
        [
          349.2857142857143,
          110.0
        ],
        [
          335.0,
          115.71428571428571
        ],
        [
          313.85714285714283,
          121.42857142857143
        ],
        [
          286.42857142857144,
          131.14285714285714
        ]
      ],
      "group_id": null,
      "shape_type": "polygon",
      "flags": {}
    },
    {
      "label": "细胞膜",
      "points": [
        [
          405.2857142857143,
          59.714285714285715
        ],
        [
          393.2857142857143,
          83.14285714285714
        ],
        [
          385.2857142857143,
          96.85714285714286
        ],
        [
          384.7142857142857,
          118.0
        ],
        [
          392.14285714285717,
          138.57142857142858
        ],
        [
          403.0,
          150.0
        ],
        [
          413.2857142857143,
          150.57142857142858
        ],
        [
          433.85714285714283,
          134.57142857142858
        ],
        [
          439.57142857142856,
          136.85714285714286
        ],
        [
          444.7142857142857,
          156.85714285714286
        ],
        [
          451.0,
          166.57142857142858
        ],
        [
          465.85714285714283,
          178.57142857142858
        ],
        [
          466.42857142857144,
          162.57142857142858
        ],
        [
          463.0,
          139.14285714285714
        ],
        [
          457.2857142857143,
          120.85714285714286
        ],
        [
          451.0,
          101.42857142857143
        ],
        [
          448.14285714285717,
          87.71428571428571
        ],
        [
          439.57142857142856,
          70.57142857142857
        ],
        [
          432.14285714285717,
          59.142857142857146
        ],
        [
          421.2857142857143,
          53.42857142857143
        ]
      ],
      "group_id": null,
      "shape_type": "polygon",
      "flags": {}
    },
    {
      "label": "细胞膜",
      "points": [
        [
          384.14285714285717,
          181.42857142857142
        ],
        [
          374.42857142857144,
          208.85714285714286
        ],
        [
          368.14285714285717,
          227.71428571428572
        ],
        [
          367.57142857142856,
          235.14285714285714
        ],
        [
          381.2857142857143,
          234.0
        ],
        [
          397.85714285714283,
          222.57142857142858
        ],
        [
          408.14285714285717,
          204.85714285714286
        ],
        [
          423.57142857142856,
          190.0
        ],
        [
          436.14285714285717,
          168.85714285714286
        ],
        [
          441.85714285714283,
          156.28571428571428
        ],
        [
          436.7142857142857,
          139.14285714285714
        ],
        [
          433.85714285714283,
          136.85714285714286
        ],
        [
          413.2857142857143,
          153.42857142857142
        ],
        [
          407.57142857142856,
          154.0
        ]
      ],
      "group_id": null,
      "shape_type": "polygon",
      "flags": {}
    },
    {
      "label": "细胞膜",
      "points": [
        [
          315.57142857142856,
          183.14285714285714
        ],
        [
          311.57142857142856,
          203.14285714285714
        ],
        [
          317.85714285714283,
          227.71428571428572
        ],
        [
          327.57142857142856,
          246.57142857142858
        ],
        [
          340.7142857142857,
          255.71428571428572
        ],
        [
          350.42857142857144,
          257.42857142857144
        ],
        [
          357.85714285714283,
          245.42857142857142
        ],
        [
          364.7142857142857,
          236.28571428571428
        ],
        [
          367.57142857142856,
          220.28571428571428
        ],
        [
          373.2857142857143,
          204.85714285714286
        ],
        [
          377.2857142857143,
          190.0
        ],
        [
          383.57142857142856,
          178.57142857142858
        ],
        [
          364.14285714285717,
          172.85714285714286
        ],
        [
          357.85714285714283,
          172.85714285714286
        ],
        [
          348.7142857142857,
          179.71428571428572
        ],
        [
          336.7142857142857,
          179.71428571428572
        ],
        [
          328.14285714285717,
          179.14285714285714
        ]
      ],
      "group_id": null,
      "shape_type": "polygon",
      "flags": {}
    },
    {
      "label": "细胞膜",
      "points": [
        [
          372.14285714285717,
          244.28571428571428
        ],
        [
          356.7142857142857,
          263.7142857142857
        ],
        [
          355.0,
          277.42857142857144
        ],
        [
          365.2857142857143,
          287.7142857142857
        ],
        [
          373.2857142857143,
          298.0
        ],
        [
          380.14285714285717,
          312.85714285714283
        ],
        [
          388.7142857142857,
          327.7142857142857
        ],
        [
          398.42857142857144,
          346.0
        ],
        [
          403.57142857142856,
          337.42857142857144
        ],
        [
          399.57142857142856,
          322.57142857142856
        ],
        [
          397.85714285714283,
          303.14285714285717
        ],
        [
          402.42857142857144,
          287.7142857142857
        ],
        [
          406.42857142857144,
          273.42857142857144
        ],
        [
          409.2857142857143,
          258.57142857142856
        ],
        [
          412.7142857142857,
          249.42857142857142
        ],
        [
          413.2857142857143,
          239.71428571428572
        ],
        [
          412.7142857142857,
          235.71428571428572
        ],
        [
          404.14285714285717,
          234.0
        ],
        [
          392.7142857142857,
          236.85714285714286
        ],
        [
          375.0,
          237.42857142857142
        ]
      ],
      "group_id": null,
      "shape_type": "polygon",
      "flags": {}
    },
    {
      "label": "细胞膜",
      "points": [
        [
          432.14285714285717,
          408.2857142857143
        ],
        [
          440.7142857142857,
          455.7142857142857
        ],
        [
          450.42857142857144,
          492.2857142857143
        ],
        [
          458,
          511
        ],
        [
          506,
          511
        ],
        [
          509.28571428571433,
          502.57142857142856
        ],
        [
          506.42857142857144,
          490.0
        ],
        [
          500.71428571428567,
          477.42857142857144
        ],
        [
          495.57142857142856,
          465.42857142857144
        ],
        [
          485.8571428571429,
          454.0
        ],
        [
          471.0,
          443.7142857142857
        ],
        [
          450.42857142857144,
          423.7142857142857
        ],
        [
          437.85714285714283,
          407.7142857142857
        ]
      ],
      "group_id": null,
      "shape_type": "polygon",
      "flags": {}
    },
    {
      "label": "细胞膜",
      "points": [
        [
          407.57142857142856,
          471.7142857142857
        ],
        [
          395.57142857142856,
          483.14285714285717
        ],
        [
          387.0,
          494.57142857142856
        ],
        [
          387.0,
          503.7142857142857
        ],
        [
          392.14285714285717,
          510.57142857142856
        ],
        [
          408,
          511
        ],
        [
          434.42857142857144,
          510.0
        ],
        [
          437.85714285714283,
          499.7142857142857
        ],
        [
          436.7142857142857,
          483.7142857142857
        ],
        [
          433.2857142857143,
          469.42857142857144
        ],
        [
          428.14285714285717,
          466.57142857142856
        ]
      ],
      "group_id": null,
      "shape_type": "polygon",
      "flags": {}
    },
    {
      "label": "细胞膜",
      "points": [
        [
          425.2857142857143,
          448.2857142857143
        ],
        [
          412.7142857142857,
          459.14285714285717
        ],
        [
          400.14285714285717,
          468.2857142857143
        ],
        [
          377.85714285714283,
          472.2857142857143
        ],
        [
          356.14285714285717,
          471.14285714285717
        ],
        [
          347.0,
          469.42857142857144
        ],
        [
          342.42857142857144,
          462.0
        ],
        [
          344.7142857142857,
          444.2857142857143
        ],
        [
          356.7142857142857,
          431.7142857142857
        ],
        [
          372.7142857142857,
          419.14285714285717
        ],
        [
          394.42857142857144,
          416.2857142857143
        ],
        [
          417.85714285714283,
          415.7142857142857
        ],
        [
          431.0,
          419.14285714285717
        ],
        [
          436.14285714285717,
          432.2857142857143
        ]
      ],
      "group_id": null,
      "shape_type": "polygon",
      "flags": {}
    },
    {
      "label": "细胞膜",
      "points": [
        [
          72.14285714285714,
          478.0
        ],
        [
          32.714285714285715,
          509.42857142857144
        ],
        [
          87.57142857142857,
          510.57142857142856
        ],
        [
          100.71428571428572,
          503.14285714285717
        ],
        [
          105.28571428571428,
          488.85714285714283
        ],
        [
          100.14285714285714,
          475.14285714285717
        ],
        [
          92.14285714285714,
          469.42857142857144
        ],
        [
          87.57142857142857,
          463.14285714285717
        ],
        [
          77.28571428571429,
          464.85714285714283
        ]
      ],
      "group_id": null,
      "shape_type": "polygon",
      "flags": {}
    },
    {
      "label": "细胞膜",
      "points": [
        [
          84.71428571428571,
          422.57142857142856
        ],
        [
          95.57142857142857,
          453.42857142857144
        ],
        [
          104.14285714285714,
          464.85714285714283
        ],
        [
          113.85714285714286,
          469.42857142857144
        ],
        [
          133.85714285714286,
          464.2857142857143
        ],
        [
          148.14285714285714,
          455.7142857142857
        ],
        [
          168.71428571428572,
          442.0
        ],
        [
          175.57142857142858,
          430.0
        ],
        [
          170.42857142857142,
          414.0
        ],
        [
          164.14285714285714,
          403.7142857142857
        ],
        [
          143.57142857142858,
          397.42857142857144
        ],
        [
          124.71428571428572,
          397.42857142857144
        ],
        [
          105.85714285714286,
          401.42857142857144
        ],
        [
          90.42857142857143,
          408.2857142857143
        ]
      ],
      "group_id": null,
      "shape_type": "polygon",
      "flags": {}
    },
    {
      "label": "细胞膜",
      "points": [
        [
          104.14285714285714,
          474.57142857142856
        ],
        [
          128.14285714285714,
          467.7142857142857
        ],
        [
          145.28571428571428,
          464.2857142857143
        ],
        [
          155.0,
          467.7142857142857
        ],
        [
          159.0,
          478.57142857142856
        ],
        [
          161.85714285714286,
          489.42857142857144
        ],
        [
          164,
          511
        ],
        [
          104,
          511
        ],
        [
          105.85714285714286,
          498.0
        ],
        [
          108.71428571428572,
          485.42857142857144
        ]
      ],
      "group_id": null,
      "shape_type": "polygon",
      "flags": {}
    },
    {
      "label": "细胞膜",
      "points": [
        [
          168.14285714285714,
          494.57142857142856
        ],
        [
          197.28571428571428,
          484.2857142857143
        ],
        [
          223.57142857142858,
          472.2857142857143
        ],
        [
          247.0,
          456.85714285714283
        ],
        [
          251.57142857142856,
          442.0
        ],
        [
          247.57142857142856,
          431.7142857142857
        ],
        [
          232.14285714285717,
          423.7142857142857
        ],
        [
          215.57142857142858,
          420.85714285714283
        ],
        [
          200.14285714285714,
          423.7142857142857
        ],
        [
          183.0,
          434.57142857142856
        ],
        [
          172.14285714285714,
          440.85714285714283
        ],
        [
          161.28571428571428,
          465.42857142857144
        ],
        [
          160.14285714285714,
          470.57142857142856
        ]
      ],
      "group_id": null,
      "shape_type": "polygon",
      "flags": {}
    },
    {
      "label": "细胞膜",
      "points": [
        [
          270.42857142857144,
          368.85714285714283
        ],
        [
          257.2857142857143,
          395.14285714285717
        ],
        [
          255.0,
          410.57142857142856
        ],
        [
          257.85714285714283,
          426.0
        ],
        [
          261.2857142857143,
          438.0
        ],
        [
          269.85714285714283,
          440.85714285714283
        ],
        [
          277.85714285714283,
          436.2857142857143
        ],
        [
          284.14285714285717,
          428.2857142857143
        ],
        [
          296.7142857142857,
          416.2857142857143
        ],
        [
          308.14285714285717,
          401.42857142857144
        ],
        [
          315.0,
          391.14285714285717
        ],
        [
          312.7142857142857,
          376.85714285714283
        ],
        [
          300.7142857142857,
          364.2857142857143
        ],
        [
          290.42857142857144,
          360.85714285714283
        ],
        [
          282.42857142857144,
          360.85714285714283
        ]
      ],
      "group_id": null,
      "shape_type": "polygon",
      "flags": {}
    },
    {
      "label": "细胞膜",
      "points": [
        [
          331.0,
          346.57142857142856
        ],
        [
          320.14285714285717,
          368.2857142857143
        ],
        [
          321.85714285714283,
          386.57142857142856
        ],
        [
          321.85714285714283,
          399.14285714285717
        ],
        [
          324.7142857142857,
          406.57142857142856
        ],
        [
          337.85714285714283,
          409.42857142857144
        ],
        [
          355.0,
          403.7142857142857
        ],
        [
          368.14285714285717,
          392.85714285714283
        ],
        [
          375.57142857142856,
          380.2857142857143
        ],
        [
          375.57142857142856,
          367.7142857142857
        ],
        [
          369.85714285714283,
          356.2857142857143
        ],
        [
          358.42857142857144,
          342.0
        ],
        [
          347.57142857142856,
          332.2857142857143
        ]
      ],
      "group_id": null,
      "shape_type": "polygon",
      "flags": {}
    },
    {
      "label": "细胞膜",
      "points": [
        [
          383.57142857142856,
          377.42857142857144
        ],
        [
          386.42857142857144,
          360.85714285714283
        ],
        [
          384.7142857142857,
          341.42857142857144
        ],
        [
          381.85714285714283,
          324.2857142857143
        ],
        [
          377.85714285714283,
          308.85714285714283
        ],
        [
          367.57142857142856,
          293.42857142857144
        ],
        [
          360.14285714285717,
          283.7142857142857
        ],
        [
          349.85714285714283,
          281.42857142857144
        ],
        [
          332.14285714285717,
          292.85714285714283
        ],
        [
          329.2857142857143,
          306.57142857142856
        ],
        [
          317.85714285714283,
          312.2857142857143
        ],
        [
          329.2857142857143,
          319.14285714285717
        ],
        [
          332.14285714285717,
          339.14285714285717
        ],
        [
          345.85714285714283,
          331.7142857142857
        ],
        [
          356.14285714285717,
          336.2857142857143
        ],
        [
          366.42857142857144,
          346.0
        ],
        [
          375.57142857142856,
          360.85714285714283
        ],
        [
          379.57142857142856,
          372.85714285714283
        ]
      ],
      "group_id": null,
      "shape_type": "polygon",
      "flags": {}
    },
    {
      "label": "细胞膜",
      "points": [
        [
          225.85714285714286,
          281.42857142857144
        ],
        [
          221.28571428571428,
          293.42857142857144
        ],
        [
          220.71428571428572,
          305.42857142857144
        ],
        [
          236.14285714285717,
          313.42857142857144
        ],
        [
          264.14285714285717,
          321.42857142857144
        ],
        [
          295.0,
          319.7142857142857
        ],
        [
          302.42857142857144,
          311.14285714285717
        ],
        [
          308.14285714285717,
          303.14285714285717
        ],
        [
          320.7142857142857,
          302.57142857142856
        ],
        [
          328.7142857142857,
          299.7142857142857
        ],
        [
          329.2857142857143,
          289.42857142857144
        ],
        [
          320.7142857142857,
          284.85714285714283
        ],
        [
          307.0,
          280.85714285714283
        ],
        [
          292.7142857142857,
          275.7142857142857
        ],
        [
          278.42857142857144,
          272.2857142857143
        ],
        [
          260.14285714285717,
          267.7142857142857
        ],
        [
          247.57142857142856,
          267.14285714285717
        ],
        [
          235.0,
          272.2857142857143
        ]
      ],
      "group_id": null,
      "shape_type": "polygon",
      "flags": {}
    },
    {
      "label": "细胞膜",
      "points": [
        [
          180.71428571428572,
          352.85714285714283
        ],
        [
          201.28571428571428,
          339.7142857142857
        ],
        [
          233.85714285714283,
          334.57142857142856
        ],
        [
          259.0,
          338.57142857142856
        ],
        [
          276.14285714285717,
          346.0
        ],
        [
          283.0,
          355.7142857142857
        ],
        [
          271.57142857142856,
          362.57142857142856
        ],
        [
          259.0,
          370.57142857142856
        ],
        [
          249.28571428571428,
          380.2857142857143
        ],
        [
          239.0,
          386.0
        ],
        [
          229.28571428571428,
          390.0
        ],
        [
          219.0,
          387.7142857142857
        ],
        [
          212.14285714285714,
          388.2857142857143
        ],
        [
          201.28571428571428,
          382.0
        ],
        [
          187.57142857142858,
          373.42857142857144
        ],
        [
          179.57142857142858,
          370.0
        ]
      ],
      "group_id": null,
      "shape_type": "polygon",
      "flags": {}
    },
    {
      "label": "细胞膜",
      "points": [
        [
          156.14285714285714,
          393.42857142857144
        ],
        [
          164.14285714285714,
          381.42857142857144
        ],
        [
          183.0,
          375.14285714285717
        ],
        [
          208.14285714285714,
          384.2857142857143
        ],
        [
          220.71428571428572,
          391.7142857142857
        ],
        [
          223.0,
          407.14285714285717
        ],
        [
          219.57142857142858,
          417.42857142857144
        ],
        [
          206.42857142857142,
          422.0
        ],
        [
          191.0,
          429.42857142857144
        ],
        [
          181.28571428571428,
          430.0
        ],
        [
          172.71428571428572,
          420.2857142857143
        ],
        [
          168.71428571428572,
          406.0
        ],
        [
          161.85714285714286,
          396.85714285714283
        ]
      ],
      "group_id": null,
      "shape_type": "polygon",
      "flags": {}
    },
    {
      "label": "细胞膜",
      "points": [
        [
          155.0,
          192.85714285714286
        ],
        [
          151.57142857142858,
          215.71428571428572
        ],
        [
          149.28571428571428,
          233.42857142857142
        ],
        [
          138.42857142857142,
          249.42857142857142
        ],
        [
          133.85714285714286,
          267.7142857142857
        ],
        [
          133.28571428571428,
          284.2857142857143
        ],
        [
          141.85714285714286,
          296.85714285714283
        ],
        [
          155.0,
          294.0
        ],
        [
          175.0,
          277.42857142857144
        ],
        [
          185.85714285714286,
          267.14285714285717
        ],
        [
          192.14285714285714,
          255.71428571428572
        ],
        [
          189.28571428571428,
          241.42857142857142
        ],
        [
          184.71428571428572,
          229.42857142857142
        ],
        [
          180.14285714285714,
          219.14285714285714
        ],
        [
          179.57142857142858,
          206.57142857142858
        ],
        [
          183.57142857142858,
          195.14285714285714
        ],
        [
          176.71428571428572,
          185.42857142857142
        ],
        [
          169.85714285714286,
          184.28571428571428
        ],
        [
          160.71428571428572,
          187.71428571428572
        ]
      ],
      "group_id": null,
      "shape_type": "polygon",
      "flags": {}
    },
    {
      "label": "细胞膜",
      "points": [
        [
          158.42857142857142,
          296.2857142857143
        ],
        [
          157.85714285714286,
          312.85714285714283
        ],
        [
          168.14285714285714,
          335.14285714285717
        ],
        [
          176.14285714285714,
          346.0
        ],
        [
          192.71428571428572,
          342.57142857142856
        ],
        [
          210.42857142857142,
          336.85714285714283
        ],
        [
          222.42857142857142,
          328.2857142857143
        ],
        [
          223.0,
          317.42857142857144
        ],
        [
          219.57142857142858,
          303.7142857142857
        ],
        [
          207.0,
          291.14285714285717
        ],
        [
          199.0,
          281.42857142857144
        ],
        [
          191.0,
          274.0
        ],
        [
          186.42857142857142,
          271.7142857142857
        ],
        [
          168.71428571428572,
          286.0
        ]
      ],
      "group_id": null,
      "shape_type": "polygon",
      "flags": {}
    },
    {
      "label": "细胞膜",
      "points": [
        [
          188.14285714285714,
          224.85714285714286
        ],
        [
          197.28571428571428,
          218.0
        ],
        [
          210.42857142857142,
          214.57142857142858
        ],
        [
          223.57142857142858,
          214.57142857142858
        ],
        [
          234.42857142857144,
          216.85714285714286
        ],
        [
          252.14285714285717,
          212.85714285714286
        ],
        [
          252.14285714285717,
          231.14285714285714
        ],
        [
          245.85714285714283,
          243.71428571428572
        ],
        [
          233.28571428571428,
          248.85714285714286
        ],
        [
          226.42857142857142,
          265.42857142857144
        ],
        [
          224.14285714285714,
          276.85714285714283
        ],
        [
          221.85714285714286,
          290.0
        ],
        [
          219.57142857142858,
          300.2857142857143
        ],
        [
          207.57142857142858,
          287.14285714285717
        ],
        [
          192.14285714285714,
          270.57142857142856
        ],
        [
          188.71428571428572,
          266.0
        ],
        [
          194.42857142857142,
          255.14285714285717
        ],
        [
          192.71428571428572,
          244.28571428571428
        ],
        [
          189.85714285714286,
          234.57142857142858
        ]
      ],
      "group_id": null,
      "shape_type": "polygon",
      "flags": {}
    },
    {
      "label": "细胞核",
      "points": [
        [
          3.0,
          343.7142857142857
        ],
        [
          10.42857142857143,
          342.57142857142856
        ],
        [
          15.0,
          346.0
        ],
        [
          16.142857142857146,
          350.0
        ],
        [
          5.857142857142854,
          364.2857142857143
        ],
        [
          1.8571428571428577,
          362.57142857142856
        ]
      ],
      "group_id": null,
      "shape_type": "polygon",
      "flags": {}
    },
    {
      "label": "细胞核",
      "points": [
        [
          2.428571428571427,
          203.71428571428572
        ],
        [
          10.42857142857143,
          203.14285714285714
        ],
        [
          16.142857142857146,
          203.14285714285714
        ],
        [
          17.285714285714285,
          199.14285714285714
        ],
        [
          17.285714285714285,
          192.28571428571428
        ],
        [
          19.57142857142857,
          184.85714285714286
        ],
        [
          23.57142857142857,
          180.85714285714286
        ],
        [
          32.714285714285715,
          182.0
        ],
        [
          39.0,
          187.14285714285714
        ],
        [
          39.0,
          194.57142857142858
        ],
        [
          35.0,
          208.28571428571428
        ],
        [
          27.57142857142857,
          218.0
        ],
        [
          17.285714285714285,
          227.71428571428572
        ],
        [
          8.714285714285715,
          228.85714285714286
        ],
        [
          1.2857142857142847,
          224.85714285714286
        ]
      ],
      "group_id": null,
      "shape_type": "polygon",
      "flags": {}
    },
    {
      "label": "细胞核",
      "points": [
        [
          41.85714285714286,
          178.57142857142858
        ],
        [
          49.28571428571429,
          176.28571428571428
        ],
        [
          59.57142857142857,
          175.71428571428572
        ],
        [
          69.28571428571429,
          180.85714285714286
        ],
        [
          68.71428571428571,
          171.71428571428572
        ],
        [
          63.57142857142857,
          163.71428571428572
        ],
        [
          59.0,
          159.14285714285714
        ],
        [
          48.14285714285714,
          157.42857142857142
        ],
        [
          41.28571428571429,
          158.57142857142858
        ],
        [
          35.57142857142857,
          164.85714285714286
        ]
      ],
      "group_id": null,
      "shape_type": "polygon",
      "flags": {}
    },
    {
      "label": "细胞核",
      "points": [
        [
          108.71428571428572,
          170.57142857142858
        ],
        [
          111.57142857142858,
          166.0
        ],
        [
          113.28571428571428,
          157.42857142857142
        ],
        [
          111.57142857142858,
          152.85714285714286
        ],
        [
          105.28571428571428,
          146.57142857142858
        ],
        [
          94.42857142857143,
          147.14285714285714
        ],
        [
          83.57142857142857,
          154.0
        ],
        [
          76.14285714285714,
          159.71428571428572
        ],
        [
          73.28571428571429,
          167.71428571428572
        ],
        [
          75.57142857142857,
          180.85714285714286
        ],
        [
          81.85714285714286,
          187.14285714285714
        ],
        [
          92.14285714285714,
          190.57142857142858
        ],
        [
          98.42857142857143,
          187.71428571428572
        ],
        [
          100.14285714285714,
          182.0
        ],
        [
          90.42857142857143,
          178.57142857142858
        ],
        [
          80.71428571428571,
          174.57142857142858
        ],
        [
          78.42857142857143,
          169.42857142857142
        ],
        [
          80.71428571428571,
          163.14285714285714
        ],
        [
          88.71428571428571,
          162.57142857142858
        ],
        [
          97.85714285714286,
          168.28571428571428
        ]
      ],
      "group_id": null,
      "shape_type": "polygon",
      "flags": {}
    },
    {
      "label": "细胞核",
      "points": [
        [
          2.428571428571427,
          99.71428571428571
        ],
        [
          2.428571428571427,
          108.85714285714286
        ],
        [
          8.714285714285715,
          116.28571428571429
        ],
        [
          19.0,
          115.71428571428571
        ],
        [
          24.142857142857146,
          112.85714285714286
        ],
        [
          39.0,
          110.57142857142857
        ],
        [
          48.14285714285714,
          105.42857142857143
        ],
        [
          47.0,
          102.0
        ],
        [
          37.85714285714286,
          95.71428571428571
        ],
        [
          32.714285714285715,
          92.28571428571429
        ],
        [
          25.285714285714285,
          90.0
        ],
        [
          19.57142857142857,
          89.42857142857143
        ],
        [
          12.142857142857146,
          90.0
        ]
      ],
      "group_id": null,
      "shape_type": "polygon",
      "flags": {}
    },
    {
      "label": "细胞核",
      "points": [
        [
          6.428571428571431,
          132.85714285714286
        ],
        [
          16.714285714285715,
          135.14285714285714
        ],
        [
          25.285714285714285,
          138.0
        ],
        [
          31.0,
          146.57142857142858
        ],
        [
          32.714285714285715,
          157.42857142857142
        ],
        [
          29.857142857142854,
          166.57142857142858
        ],
        [
          22.42857142857143,
          170.57142857142858
        ],
        [
          14.42857142857143,
          170.57142857142858
        ],
        [
          5.857142857142854,
          170.0
        ],
        [
          1.2857142857142847,
          165.42857142857142
        ],
        [
          0.7142857142857153,
          152.28571428571428
        ],
        [
          1.8571428571428577,
          140.85714285714286
        ]
      ],
      "group_id": null,
      "shape_type": "polygon",
      "flags": {}
    },
    {
      "label": "细胞核",
      "points": [
        [
          52.14285714285714,
          119.14285714285714
        ],
        [
          48.71428571428571,
          128.85714285714286
        ],
        [
          43.57142857142857,
          138.0
        ],
        [
          41.28571428571429,
          145.42857142857142
        ],
        [
          47.0,
          151.14285714285714
        ],
        [
          63.57142857142857,
          153.42857142857142
        ],
        [
          71.57142857142857,
          153.42857142857142
        ],
        [
          80.71428571428571,
          143.14285714285714
        ],
        [
          80.71428571428571,
          135.14285714285714
        ],
        [
          83.57142857142857,
          127.14285714285714
        ],
        [
          83.57142857142857,
          122.0
        ],
        [
          77.85714285714286,
          112.85714285714286
        ],
        [
          72.14285714285714,
          109.42857142857143
        ],
        [
          65.28571428571429,
          109.42857142857143
        ]
      ],
      "group_id": null,
      "shape_type": "polygon",
      "flags": {}
    },
    {
      "label": "细胞核",
      "points": [
        [
          55.57142857142857,
          59.142857142857146
        ],
        [
          61.85714285714286,
          55.714285714285715
        ],
        [
          75.0,
          58.0
        ],
        [
          91.0,
          65.42857142857143
        ],
        [
          93.28571428571429,
          71.71428571428571
        ],
        [
          91.57142857142857,
          79.71428571428571
        ],
        [
          87.0,
          81.42857142857143
        ],
        [
          84.71428571428571,
          86.0
        ],
        [
          88.71428571428571,
          90.57142857142857
        ],
        [
          91.0,
          96.85714285714286
        ],
        [
          85.85714285714286,
          103.14285714285714
        ],
        [
          79.57142857142857,
          104.28571428571429
        ],
        [
          65.28571428571429,
          102.0
        ],
        [
          55.0,
          100.28571428571429
        ],
        [
          47.57142857142857,
          94.57142857142857
        ],
        [
          47.0,
          86.0
        ],
        [
          49.28571428571429,
          76.85714285714286
        ],
        [
          50.42857142857143,
          66.57142857142857
        ]
      ],
      "group_id": null,
      "shape_type": "polygon",
      "flags": {}
    },
    {
      "label": "细胞核",
      "points": [
        [
          208.71428571428572,
          1.4285714285714284
        ],
        [
          267.0,
          1.4285714285714284
        ],
        [
          272.7142857142857,
          4.857142857142857
        ],
        [
          272.14285714285717,
          10.0
        ],
        [
          267.57142857142856,
          14.571428571428573
        ],
        [
          261.2857142857143,
          18.571428571428573
        ],
        [
          245.85714285714283,
          18.571428571428573
        ],
        [
          232.14285714285717,
          15.714285714285715
        ],
        [
          219.57142857142858,
          11.714285714285714
        ],
        [
          209.28571428571428,
          10.0
        ],
        [
          204.71428571428572,
          7.142857142857142
        ]
      ],
      "group_id": null,
      "shape_type": "polygon",
      "flags": {}
    },
    {
      "label": "细胞核",
      "points": [
        [
          488.1428571428571,
          3.7142857142857144
        ],
        [
          489.28571428571433,
          12.857142857142858
        ],
        [
          490.42857142857144,
          19.714285714285715
        ],
        [
          495.0,
          23.142857142857142
        ],
        [
          498.42857142857144,
          24.285714285714285
        ],
        [
          498.42857142857144,
          32.857142857142854
        ],
        [
          500.1428571428571,
          37.42857142857143
        ],
        [
          508.71428571428567,
          40.857142857142854
        ],
        [
          509.8571428571429,
          2.571428571428571
        ]
      ],
      "group_id": null,
      "shape_type": "polygon",
      "flags": {}
    },
    {
      "label": "细胞核",
      "points": [
        [
          282.42857142857144,
          97.42857142857143
        ],
        [
          281.85714285714283,
          111.14285714285714
        ],
        [
          284.7142857142857,
          118.0
        ],
        [
          295.0,
          121.42857142857143
        ],
        [
          312.7142857142857,
          119.71428571428571
        ],
        [
          329.85714285714283,
          112.85714285714286
        ],
        [
          344.7142857142857,
          107.14285714285714
        ],
        [
          351.57142857142856,
          102.0
        ],
        [
          354.42857142857144,
          76.85714285714286
        ],
        [
          351.0,
          68.85714285714286
        ],
        [
          344.14285714285717,
          62.57142857142857
        ],
        [
          332.7142857142857,
          62.57142857142857
        ],
        [
          287.57142857142856,
          92.28571428571429
        ]
      ],
      "group_id": null,
      "shape_type": "polygon",
      "flags": {}
    },
    {
      "label": "细胞核",
      "points": [
        [
          155.0,
          235.14285714285714
        ],
        [
          164.71428571428572,
          237.42857142857142
        ],
        [
          173.85714285714286,
          244.85714285714286
        ],
        [
          181.28571428571428,
          250.57142857142858
        ],
        [
          183.0,
          260.2857142857143
        ],
        [
          180.14285714285714,
          269.42857142857144
        ],
        [
          170.42857142857142,
          278.0
        ],
        [
          160.14285714285714,
          288.85714285714283
        ],
        [
          149.85714285714286,
          294.0
        ],
        [
          143.57142857142858,
          294.57142857142856
        ],
        [
          136.71428571428572,
          289.42857142857144
        ],
        [
          135.0,
          279.7142857142857
        ],
        [
          135.0,
          267.7142857142857
        ],
        [
          137.85714285714286,
          259.7142857142857
        ],
        [
          139.0,
          250.0
        ],
        [
          144.14285714285714,
          242.57142857142858
        ]
      ],
      "group_id": null,
      "shape_type": "polygon",
      "flags": {}
    },
    {
      "label": "细胞核",
      "points": [
        [
          191.57142857142858,
          228.28571428571428
        ],
        [
          192.71428571428572,
          238.0
        ],
        [
          195.57142857142858,
          242.57142857142858
        ],
        [
          203.57142857142858,
          242.57142857142858
        ],
        [
          215.0,
          247.14285714285714
        ],
        [
          224.14285714285714,
          244.85714285714286
        ],
        [
          229.28571428571428,
          241.42857142857142
        ],
        [
          232.71428571428572,
          231.71428571428572
        ],
        [
          231.0,
          225.42857142857142
        ],
        [
          228.71428571428572,
          220.85714285714286
        ],
        [
          222.42857142857142,
          218.57142857142858
        ],
        [
          212.14285714285714,
          217.42857142857142
        ],
        [
          201.85714285714286,
          217.42857142857142
        ]
      ],
      "group_id": null,
      "shape_type": "polygon",
      "flags": {}
    },
    {
      "label": "细胞核",
      "points": [
        [
          411.57142857142856,
          76.85714285714286
        ],
        [
          399.57142857142856,
          87.71428571428571
        ],
        [
          393.2857142857143,
          103.71428571428571
        ],
        [
          391.57142857142856,
          112.85714285714286
        ],
        [
          391.57142857142856,
          126.0
        ],
        [
          401.2857142857143,
          138.0
        ],
        [
          408.7142857142857,
          143.14285714285714
        ],
        [
          417.2857142857143,
          143.14285714285714
        ],
        [
          427.0,
          133.42857142857142
        ],
        [
          427.57142857142856,
          124.28571428571429
        ],
        [
          425.2857142857143,
          114.0
        ],
        [
          419.57142857142856,
          110.57142857142857
        ],
        [
          418.42857142857144,
          106.57142857142857
        ],
        [
          423.0,
          104.28571428571429
        ],
        [
          432.14285714285717,
          100.28571428571429
        ],
        [
          436.14285714285717,
          92.85714285714286
        ],
        [
          438.42857142857144,
          80.85714285714286
        ],
        [
          433.2857142857143,
          72.28571428571429
        ],
        [
          424.14285714285717,
          70.57142857142857
        ]
      ],
      "group_id": null,
      "shape_type": "polygon",
      "flags": {}
    },
    {
      "label": "细胞核",
      "points": [
        [
          301.85714285714283,
          126.57142857142858
        ],
        [
          319.0,
          126.57142857142858
        ],
        [
          340.7142857142857,
          126.57142857142858
        ],
        [
          352.7142857142857,
          134.0
        ],
        [
          356.7142857142857,
          145.42857142857142
        ],
        [
          356.7142857142857,
          157.42857142857142
        ],
        [
          352.14285714285717,
          168.28571428571428
        ],
        [
          340.7142857142857,
          174.57142857142858
        ],
        [
          329.2857142857143,
          172.28571428571428
        ],
        [
          318.42857142857144,
          167.71428571428572
        ],
        [
          308.14285714285717,
          158.57142857142858
        ],
        [
          296.7142857142857,
          151.14285714285714
        ],
        [
          292.7142857142857,
          143.14285714285714
        ],
        [
          292.7142857142857,
          134.57142857142858
        ]
      ],
      "group_id": null,
      "shape_type": "polygon",
      "flags": {}
    },
    {
      "label": "细胞核",
      "points": [
        [
          324.14285714285717,
          192.28571428571428
        ],
        [
          335.57142857142856,
          192.28571428571428
        ],
        [
          347.57142857142856,
          199.14285714285714
        ],
        [
          352.7142857142857,
          207.14285714285714
        ],
        [
          356.14285714285717,
          219.14285714285714
        ],
        [
          357.85714285714283,
          230.0
        ],
        [
          358.42857142857144,
          240.85714285714286
        ],
        [
          351.0,
          250.57142857142858
        ],
        [
          348.7142857142857,
          256.2857142857143
        ],
        [
          336.14285714285717,
          250.0
        ],
        [
          325.2857142857143,
          240.28571428571428
        ],
        [
          324.7142857142857,
          230.0
        ],
        [
          324.7142857142857,
          225.42857142857142
        ],
        [
          319.0,
          219.71428571428572
        ],
        [
          315.0,
          209.42857142857142
        ],
        [
          312.7142857142857,
          200.85714285714286
        ],
        [
          316.7142857142857,
          194.57142857142858
        ]
      ],
      "group_id": null,
      "shape_type": "polygon",
      "flags": {}
    },
    {
      "label": "细胞核",
      "points": [
        [
          413.85714285714283,
          152.85714285714286
        ],
        [
          417.85714285714283,
          158.57142857142858
        ],
        [
          419.0,
          168.28571428571428
        ],
        [
          415.0,
          176.85714285714286
        ],
        [
          414.42857142857144,
          179.71428571428572
        ],
        [
          417.2857142857143,
          182.57142857142858
        ],
        [
          419.57142857142856,
          187.14285714285714
        ],
        [
          413.85714285714283,
          196.28571428571428
        ],
        [
          404.7142857142857,
          203.71428571428572
        ],
        [
          398.42857142857144,
          210.57142857142858
        ],
        [
          393.85714285714283,
          215.71428571428572
        ],
        [
          388.7142857142857,
          218.0
        ],
        [
          382.42857142857144,
          214.0
        ],
        [
          376.7142857142857,
          210.0
        ],
        [
          378.42857142857144,
          199.14285714285714
        ],
        [
          383.57142857142856,
          187.71428571428572
        ],
        [
          386.42857142857144,
          180.85714285714286
        ],
        [
          389.2857142857143,
          175.71428571428572
        ],
        [
          407.57142857142856,
          155.14285714285714
        ]
      ],
      "group_id": null,
      "shape_type": "polygon",
      "flags": {}
    },
    {
      "label": "细胞核",
      "points": [
        [
          377.85714285714283,
          240.85714285714286
        ],
        [
          387.0,
          240.28571428571428
        ],
        [
          396.7142857142857,
          241.42857142857142
        ],
        [
          400.7142857142857,
          245.42857142857142
        ],
        [
          400.7142857142857,
          256.85714285714283
        ],
        [
          400.14285714285717,
          260.2857142857143
        ],
        [
          404.14285714285717,
          270.0
        ],
        [
          403.0,
          281.42857142857144
        ],
        [
          400.14285714285717,
          289.42857142857144
        ],
        [
          392.14285714285717,
          291.14285714285717
        ],
        [
          384.7142857142857,
          284.85714285714283
        ],
        [
          381.2857142857143,
          276.2857142857143
        ],
        [
          376.14285714285717,
          274.57142857142856
        ],
        [
          367.0,
          278.0
        ],
        [
          360.14285714285717,
          276.85714285714283
        ],
        [
          356.7142857142857,
          270.0
        ],
        [
          357.85714285714283,
          264.2857142857143
        ],
        [
          367.57142857142856,
          254.0
        ]
      ],
      "group_id": null,
      "shape_type": "polygon",
      "flags": {}
    },
    {
      "label": "细胞核",
      "points": [
        [
          243.57142857142856,
          280.85714285714283
        ],
        [
          249.85714285714283,
          279.14285714285717
        ],
        [
          255.0,
          282.57142857142856
        ],
        [
          267.0,
          291.7142857142857
        ],
        [
          282.42857142857144,
          299.14285714285717
        ],
        [
          281.85714285714283,
          307.14285714285717
        ],
        [
          272.14285714285717,
          315.7142857142857
        ],
        [
          267.0,
          318.0
        ],
        [
          263.0,
          318.0
        ],
        [
          236.71428571428572,
          310.57142857142856
        ],
        [
          231.0,
          304.85714285714283
        ],
        [
          228.71428571428572,
          294.0
        ],
        [
          232.71428571428572,
          286.0
        ]
      ],
      "group_id": null,
      "shape_type": "polygon",
      "flags": {}
    },
    {
      "label": "细胞核",
      "points": [
        [
          84.14285714285714,
          354.57142857142856
        ],
        [
          93.85714285714286,
          355.7142857142857
        ],
        [
          101.28571428571428,
          352.2857142857143
        ],
        [
          102.42857142857142,
          347.14285714285717
        ],
        [
          106.42857142857142,
          344.2857142857143
        ],
        [
          113.28571428571428,
          344.85714285714283
        ],
        [
          120.14285714285714,
          348.85714285714283
        ],
        [
          128.71428571428572,
          350.57142857142856
        ],
        [
          137.28571428571428,
          350.0
        ],
        [
          142.42857142857142,
          343.7142857142857
        ],
        [
          144.71428571428572,
          335.14285714285717
        ],
        [
          144.14285714285714,
          327.7142857142857
        ],
        [
          138.42857142857142,
          322.0
        ],
        [
          131.57142857142858,
          319.14285714285717
        ],
        [
          124.71428571428572,
          316.85714285714283
        ],
        [
          109.85714285714286,
          321.42857142857144
        ],
        [
          99.0,
          323.7142857142857
        ],
        [
          89.85714285714286,
          327.7142857142857
        ],
        [
          81.85714285714286,
          335.14285714285717
        ],
        [
          78.42857142857143,
          342.57142857142856
        ],
        [
          79.0,
          349.42857142857144
        ]
      ],
      "group_id": null,
      "shape_type": "polygon",
      "flags": {}
    },
    {
      "label": "细胞核",
      "points": [
        [
          169.85714285714286,
          306.57142857142856
        ],
        [
          166.42857142857142,
          314.0
        ],
        [
          168.14285714285714,
          322.0
        ],
        [
          173.28571428571428,
          325.42857142857144
        ],
        [
          177.28571428571428,
          324.2857142857143
        ],
        [
          181.85714285714286,
          328.2857142857143
        ],
        [
          184.71428571428572,
          336.85714285714283
        ],
        [
          189.28571428571428,
          340.85714285714283
        ],
        [
          196.71428571428572,
          339.7142857142857
        ],
        [
          206.42857142857142,
          336.85714285714283
        ],
        [
          209.85714285714286,
          331.14285714285717
        ],
        [
          212.71428571428572,
          322.57142857142856
        ],
        [
          214.42857142857142,
          312.85714285714283
        ],
        [
          214.42857142857142,
          305.42857142857144
        ],
        [
          211.0,
          299.14285714285717
        ],
        [
          201.28571428571428,
          295.14285714285717
        ],
        [
          197.85714285714286,
          291.14285714285717
        ],
        [
          191.57142857142858,
          290.57142857142856
        ],
        [
          188.71428571428572,
          296.85714285714283
        ],
        [
          185.28571428571428,
          302.57142857142856
        ],
        [
          182.42857142857142,
          307.14285714285717
        ],
        [
          179.57142857142858,
          307.14285714285717
        ]
      ],
      "group_id": null,
      "shape_type": "polygon",
      "flags": {}
    },
    {
      "label": "细胞核",
      "points": [
        [
          199.57142857142858,
          341.42857142857144
        ],
        [
          195.57142857142858,
          347.7142857142857
        ],
        [
          192.14285714285714,
          352.85714285714283
        ],
        [
          187.0,
          356.85714285714283
        ],
        [
          187.57142857142858,
          362.0
        ],
        [
          192.14285714285714,
          367.14285714285717
        ],
        [
          195.0,
          370.57142857142856
        ],
        [
          195.0,
          374.57142857142856
        ],
        [
          199.0,
          380.85714285714283
        ],
        [
          209.28571428571428,
          384.2857142857143
        ],
        [
          213.85714285714286,
          384.85714285714283
        ],
        [
          216.71428571428572,
          380.85714285714283
        ],
        [
          227.0,
          381.42857142857144
        ],
        [
          235.0,
          381.42857142857144
        ],
        [
          244.71428571428572,
          379.14285714285717
        ],
        [
          246.42857142857144,
          375.14285714285717
        ],
        [
          239.0,
          367.7142857142857
        ],
        [
          232.71428571428572,
          363.14285714285717
        ],
        [
          230.42857142857144,
          358.57142857142856
        ],
        [
          231.57142857142856,
          351.14285714285717
        ],
        [
          231.57142857142856,
          346.0
        ],
        [
          226.42857142857142,
          341.42857142857144
        ],
        [
          221.28571428571428,
          338.57142857142856
        ]
      ],
      "group_id": null,
      "shape_type": "polygon",
      "flags": {}
    },
    {
      "label": "细胞核",
      "points": [
        [
          275.0,
          372.2857142857143
        ],
        [
          267.0,
          380.85714285714283
        ],
        [
          264.7142857142857,
          389.42857142857144
        ],
        [
          264.7142857142857,
          395.14285714285717
        ],
        [
          269.2857142857143,
          396.2857142857143
        ],
        [
          276.7142857142857,
          395.7142857142857
        ],
        [
          279.57142857142856,
          400.2857142857143
        ],
        [
          283.0,
          403.7142857142857
        ],
        [
          291.57142857142856,
          401.42857142857144
        ],
        [
          296.14285714285717,
          404.85714285714283
        ],
        [
          307.0,
          401.42857142857144
        ],
        [
          310.42857142857144,
          395.14285714285717
        ],
        [
          311.57142857142856,
          388.2857142857143
        ],
        [
          310.42857142857144,
          382.0
        ],
        [
          305.85714285714283,
          374.57142857142856
        ],
        [
          299.57142857142856,
          368.85714285714283
        ],
        [
          295.57142857142856,
          366.0
        ],
        [
          289.2857142857143,
          366.0
        ],
        [
          283.57142857142856,
          366.0
        ]
      ],
      "group_id": null,
      "shape_type": "polygon",
      "flags": {}
    },
    {
      "label": "细胞核",
      "points": [
        [
          336.7142857142857,
          299.7142857142857
        ],
        [
          337.85714285714283,
          313.42857142857144
        ],
        [
          342.42857142857144,
          324.2857142857143
        ],
        [
          348.7142857142857,
          330.0
        ],
        [
          356.7142857142857,
          334.0
        ],
        [
          365.2857142857143,
          340.85714285714283
        ],
        [
          372.7142857142857,
          340.2857142857143
        ],
        [
          373.85714285714283,
          332.85714285714283
        ],
        [
          373.2857142857143,
          323.14285714285717
        ],
        [
          369.85714285714283,
          314.57142857142856
        ],
        [
          369.85714285714283,
          304.2857142857143
        ],
        [
          367.57142857142856,
          296.2857142857143
        ],
        [
          362.42857142857144,
          291.14285714285717
        ],
        [
          359.0,
          287.7142857142857
        ],
        [
          347.0,
          291.7142857142857
        ]
      ],
      "group_id": null,
      "shape_type": "polygon",
      "flags": {}
    },
    {
      "label": "细胞核",
      "points": [
        [
          347.57142857142856,
          342.0
        ],
        [
          352.7142857142857,
          342.0
        ],
        [
          356.14285714285717,
          348.2857142857143
        ],
        [
          361.85714285714283,
          355.7142857142857
        ],
        [
          368.14285714285717,
          364.2857142857143
        ],
        [
          371.57142857142856,
          368.85714285714283
        ],
        [
          368.14285714285717,
          376.85714285714283
        ],
        [
          361.85714285714283,
          377.42857142857144
        ],
        [
          354.42857142857144,
          376.2857142857143
        ],
        [
          351.0,
          375.14285714285717
        ],
        [
          348.14285714285717,
          381.42857142857144
        ],
        [
          347.0,
          386.0
        ],
        [
          340.7142857142857,
          387.7142857142857
        ],
        [
          328.14285714285717,
          386.57142857142856
        ],
        [
          325.2857142857143,
          380.2857142857143
        ],
        [
          323.0,
          370.0
        ],
        [
          324.14285714285717,
          361.42857142857144
        ],
        [
          328.14285714285717,
          355.7142857142857
        ],
        [
          336.14285714285717,
          348.85714285714283
        ]
      ],
      "group_id": null,
      "shape_type": "polygon",
      "flags": {}
    },
    {
      "label": "细胞核",
      "points": [
        [
          389.85714285714283,
          433.42857142857144
        ],
        [
          395.0,
          435.14285714285717
        ],
        [
          403.57142857142856,
          437.42857142857144
        ],
        [
          408.7142857142857,
          442.0
        ],
        [
          409.85714285714283,
          448.85714285714283
        ],
        [
          407.0,
          458.57142857142856
        ],
        [
          401.2857142857143,
          463.14285714285717
        ],
        [
          390.42857142857144,
          467.14285714285717
        ],
        [
          380.14285714285717,
          470.57142857142856
        ],
        [
          369.85714285714283,
          471.7142857142857
        ],
        [
          361.85714285714283,
          466.0
        ],
        [
          352.7142857142857,
          458.0
        ],
        [
          350.42857142857144,
          447.7142857142857
        ],
        [
          351.0,
          438.57142857142856
        ],
        [
          361.85714285714283,
          429.42857142857144
        ],
        [
          375.0,
          423.7142857142857
        ],
        [
          380.14285714285717,
          423.14285714285717
        ],
        [
          384.14285714285717,
          427.7142857142857
        ]
      ],
      "group_id": null,
      "shape_type": "polygon",
      "flags": {}
    },
    {
      "label": "细胞核",
      "points": [
        [
          455.0,
          474.57142857142856
        ],
        [
          465.85714285714283,
          470.57142857142856
        ],
        [
          480.14285714285717,
          467.14285714285717
        ],
        [
          486.42857142857144,
          468.2857142857143
        ],
        [
          493.8571428571429,
          478.57142857142856
        ],
        [
          499.0,
          488.85714285714283
        ],
        [
          502.42857142857144,
          496.85714285714283
        ],
        [
          505.28571428571433,
          505.42857142857144
        ],
        [
          505.28571428571433,
          508.85714285714283
        ],
        [
          488.71428571428567,
          508.85714285714283
        ],
        [
          462.42857142857144,
          508.85714285714283
        ],
        [
          458.42857142857144,
          503.7142857142857
        ],
        [
          454.42857142857144,
          492.2857142857143
        ],
        [
          449.85714285714283,
          482.0
        ]
      ],
      "group_id": null,
      "shape_type": "polygon",
      "flags": {}
    },
    {
      "label": "细胞核",
      "points": [
        [
          409.2857142857143,
          477.42857142857144
        ],
        [
          406.42857142857144,
          482.0
        ],
        [
          399.57142857142856,
          484.85714285714283
        ],
        [
          394.42857142857144,
          488.2857142857143
        ],
        [
          391.0,
          495.7142857142857
        ],
        [
          391.0,
          502.0
        ],
        [
          396.7142857142857,
          508.2857142857143
        ],
        [
          410.42857142857144,
          507.7142857142857
        ],
        [
          420.7142857142857,
          507.14285714285717
        ],
        [
          425.85714285714283,
          507.14285714285717
        ],
        [
          432.7142857142857,
          502.0
        ],
        [
          435.0,
          491.14285714285717
        ],
        [
          435.0,
          482.0
        ],
        [
          431.0,
          473.42857142857144
        ],
        [
          426.42857142857144,
          471.14285714285717
        ],
        [
          420.7142857142857,
          470.57142857142856
        ],
        [
          415.57142857142856,
          473.42857142857144
        ]
      ],
      "group_id": null,
      "shape_type": "polygon",
      "flags": {}
    },
    {
      "label": "细胞核",
      "points": [
        [
          79.57142857142857,
          479.7142857142857
        ],
        [
          84.71428571428571,
          484.85714285714283
        ],
        [
          87.57142857142857,
          492.85714285714283
        ],
        [
          84.14285714285714,
          501.42857142857144
        ],
        [
          78.42857142857143,
          506.57142857142856
        ],
        [
          44.71428571428571,
          509.42857142857144
        ],
        [
          47.57142857142857,
          504.2857142857143
        ],
        [
          55.0,
          499.7142857142857
        ],
        [
          58.42857142857143,
          494.57142857142856
        ],
        [
          61.85714285714286,
          490.57142857142856
        ],
        [
          69.28571428571429,
          486.57142857142856
        ]
      ],
      "group_id": null,
      "shape_type": "polygon",
      "flags": {}
    },
    {
      "label": "细胞核",
      "points": [
        [
          108.14285714285714,
          436.85714285714283
        ],
        [
          123.0,
          437.42857142857144
        ],
        [
          136.71428571428572,
          439.7142857142857
        ],
        [
          153.28571428571428,
          441.42857142857144
        ],
        [
          160.71428571428572,
          434.0
        ],
        [
          163.57142857142858,
          420.2857142857143
        ],
        [
          163.57142857142858,
          412.2857142857143
        ],
        [
          156.71428571428572,
          406.57142857142856
        ],
        [
          149.28571428571428,
          403.7142857142857
        ],
        [
          138.42857142857142,
          400.2857142857143
        ],
        [
          126.42857142857142,
          399.7142857142857
        ],
        [
          113.28571428571428,
          400.85714285714283
        ],
        [
          102.42857142857142,
          407.7142857142857
        ],
        [
          97.85714285714286,
          418.0
        ],
        [
          97.85714285714286,
          428.2857142857143
        ]
      ],
      "group_id": null,
      "shape_type": "polygon",
      "flags": {}
    },
    {
      "label": "细胞核",
      "points": [
        [
          175.57142857142858,
          449.42857142857144
        ],
        [
          177.28571428571428,
          459.14285714285717
        ],
        [
          188.14285714285714,
          462.0
        ],
        [
          200.71428571428572,
          462.57142857142856
        ],
        [
          207.57142857142858,
          463.14285714285717
        ],
        [
          215.57142857142858,
          465.42857142857144
        ],
        [
          229.85714285714283,
          464.85714285714283
        ],
        [
          238.42857142857144,
          459.14285714285717
        ],
        [
          243.57142857142856,
          452.2857142857143
        ],
        [
          241.28571428571428,
          448.2857142857143
        ],
        [
          240.71428571428572,
          439.14285714285717
        ],
        [
          237.85714285714283,
          432.2857142857143
        ],
        [
          235.0,
          427.7142857142857
        ],
        [
          225.85714285714286,
          424.85714285714283
        ],
        [
          213.28571428571428,
          424.85714285714283
        ],
        [
          202.42857142857142,
          424.85714285714283
        ],
        [
          193.85714285714286,
          427.7142857142857
        ],
        [
          184.71428571428572,
          436.2857142857143
        ],
        [
          176.71428571428572,
          443.14285714285717
        ]
      ],
      "group_id": null,
      "shape_type": "polygon",
      "flags": {}
    },
    {
      "label": "细胞核",
      "points": [
        [
          123.57142857142858,
          473.42857142857144
        ],
        [
          120.14285714285714,
          479.7142857142857
        ],
        [
          118.42857142857142,
          486.57142857142856
        ],
        [
          121.28571428571428,
          495.14285714285717
        ],
        [
          121.28571428571428,
          504.2857142857143
        ],
        [
          122.42857142857142,
          508.85714285714283
        ],
        [
          159.0,
          508.2857142857143
        ],
        [
          159.0,
          496.2857142857143
        ],
        [
          157.28571428571428,
          483.7142857142857
        ],
        [
          155.0,
          476.2857142857143
        ],
        [
          153.28571428571428,
          471.14285714285717
        ],
        [
          152.14285714285714,
          468.2857142857143
        ],
        [
          144.14285714285714,
          466.0
        ],
        [
          133.28571428571428,
          467.7142857142857
        ]
      ],
      "group_id": null,
      "shape_type": "polygon",
      "flags": {}
    },
    {
      "label": "细胞核",
      "points": [
        [
          171.0,
          388.2857142857143
        ],
        [
          177.28571428571428,
          384.85714285714283
        ],
        [
          186.42857142857142,
          382.57142857142856
        ],
        [
          196.14285714285714,
          383.7142857142857
        ],
        [
          204.71428571428572,
          387.14285714285717
        ],
        [
          214.42857142857142,
          389.42857142857144
        ],
        [
          217.85714285714286,
          393.42857142857144
        ],
        [
          217.85714285714286,
          407.7142857142857
        ],
        [
          218.42857142857142,
          412.2857142857143
        ],
        [
          212.71428571428572,
          412.85714285714283
        ],
        [
          206.42857142857142,
          412.2857142857143
        ],
        [
          203.0,
          417.42857142857144
        ],
        [
          202.42857142857142,
          420.85714285714283
        ],
        [
          192.71428571428572,
          424.85714285714283
        ],
        [
          187.57142857142858,
          428.85714285714283
        ],
        [
          181.28571428571428,
          425.42857142857144
        ],
        [
          176.71428571428572,
          420.2857142857143
        ],
        [
          173.28571428571428,
          412.2857142857143
        ],
        [
          170.42857142857142,
          403.14285714285717
        ],
        [
          167.57142857142858,
          398.0
        ]
      ],
      "group_id": null,
      "shape_type": "polygon",
      "flags": {}
    }
  ],
  "imagePath": "002ff91e-bbb8-11e8-b2ba-ac1f6b6435d0_dst.png",
  "imageData": null,
  "imageHeight": 512,
  "imageWidth": 512
}