{
  "version": "4.5.6",
  "flags": {},
  "shapes": [
    {
      "label": "细胞膜",
      "points": [
        [
          260.7142857142857,
          10.571428571428571
        ],
        [
          251.0,
          19.142857142857142
        ],
        [
          250.42857142857144,
          27.714285714285715
        ],
        [
          252.71428571428572,
          36.285714285714285
        ],
        [
          247.57142857142856,
          43.142857142857146
        ],
        [
          250.42857142857144,
          53.42857142857143
        ],
        [
          256.14285714285717,
          65.42857142857143
        ],
        [
          260.7142857142857,
          72.85714285714286
        ],
        [
          263.0,
          81.42857142857143
        ],
        [
          270.42857142857144,
          80.28571428571429
        ],
        [
          278.42857142857144,
          75.14285714285714
        ],
        [
          289.85714285714283,
          71.14285714285714
        ],
        [
          296.14285714285717,
          59.142857142857146
        ],
        [
          296.7142857142857,
          44.285714285714285
        ],
        [
          296.7142857142857,
          32.285714285714285
        ],
        [
          296.14285714285717,
          17.428571428571427
        ],
        [
          291.57142857142856,
          11.142857142857142
        ],
        [
          284.14285714285717,
          6.0
        ],
        [
          271.57142857142856,
          4.857142857142857
        ]
      ],
      "group_id": null,
      "shape_type": "polygon",
      "flags": {}
    },
    {
      "label": "细胞膜",
      "points": [
        [
          191.0,
          76.85714285714286
        ],
        [
          209.85714285714286,
          85.42857142857143
        ],
        [
          233.85714285714283,
          90.57142857142857
        ],
        [
          256.14285714285717,
          99.14285714285714
        ],
        [
          277.2857142857143,
          110.0
        ],
        [
          293.85714285714283,
          117.42857142857143
        ],
        [
          307.57142857142856,
          122.57142857142857
        ],
        [
          325.2857142857143,
          127.14285714285714
        ],
        [
          339.0,
          127.14285714285714
        ],
        [
          347.0,
          136.85714285714286
        ],
        [
          348.14285714285717,
          144.28571428571428
        ],
        [
          343.57142857142856,
          154.0
        ],
        [
          331.0,
          158.0
        ],
        [
          316.7142857142857,
          164.28571428571428
        ],
        [
          304.7142857142857,
          166.57142857142858
        ],
        [
          298.42857142857144,
          168.28571428571428
        ],
        [
          287.0,
          165.42857142857142
        ],
        [
          275.57142857142856,
          161.42857142857142
        ],
        [
          272.14285714285717,
          147.71428571428572
        ],
        [
          267.57142857142856,
          137.42857142857142
        ],
        [
          258.42857142857144,
          130.57142857142858
        ],
        [
          243.57142857142856,
          118.0
        ],
        [
          223.0,
          109.42857142857143
        ],
        [
          206.42857142857142,
          98.0
        ],
        [
          200.14285714285714,
          92.85714285714286
        ],
        [
          193.85714285714286,
          85.42857142857143
        ]
      ],
      "group_id": null,
      "shape_type": "polygon",
      "flags": {}
    },
    {
      "label": "细胞膜",
      "points": [
        [
          477.85714285714283,
          1.4285714285714284
        ],
        [
          473.2857142857143,
          18.0
        ],
        [
          468.14285714285717,
          42.57142857142857
        ],
        [
          468.14285714285717,
          66.0
        ],
        [
          472.14285714285717,
          90.57142857142857
        ],
        [
          475.57142857142856,
          106.0
        ],
        [
          483.57142857142856,
          120.28571428571429
        ],
        [
          493.8571428571429,
          130.57142857142858
        ],
        [
          504.1428571428571,
          136.28571428571428
        ],
        [
          511,
          133
        ],
        [
          511,
          0
        ],
        [
          479,
          0
        ]
      ],
      "group_id": null,
      "shape_type": "polygon",
      "flags": {}
    },
    {
      "label": "细胞膜",
      "points": [
        [
          188.14285714285714,
          158.57142857142858
        ],
        [
          201.85714285714286,
          154.57142857142858
        ],
        [
          219.57142857142858,
          151.14285714285714
        ],
        [
          232.71428571428572,
          151.14285714285714
        ],
        [
          242.42857142857144,
          160.85714285714286
        ],
        [
          249.85714285714283,
          172.85714285714286
        ],
        [
          252.71428571428572,
          190.57142857142858
        ],
        [
          249.85714285714283,
          203.71428571428572
        ],
        [
          244.71428571428572,
          213.42857142857142
        ],
        [
          237.85714285714283,
          218.57142857142858
        ],
        [
          233.85714285714283,
          228.85714285714286
        ],
        [
          228.14285714285717,
          234.0
        ],
        [
          221.85714285714286,
          239.71428571428572
        ],
        [
          213.85714285714286,
          239.14285714285714
        ],
        [
          207.0,
          243.14285714285714
        ],
        [
          197.85714285714286,
          244.85714285714286
        ],
        [
          187.0,
          238.0
        ],
        [
          184.71428571428572,
          231.71428571428572
        ],
        [
          184.14285714285714,
          224.85714285714286
        ],
        [
          177.85714285714286,
          216.85714285714286
        ],
        [
          176.14285714285714,
          206.0
        ],
        [
          176.14285714285714,
          192.28571428571428
        ],
        [
          178.42857142857142,
          179.14285714285714
        ],
        [
          181.28571428571428,
          174.57142857142858
        ],
        [
          182.42857142857142,
          167.71428571428572
        ],
        [
          181.28571428571428,
          162.57142857142858
        ],
        [
          181.28571428571428,
          158.0
        ]
      ],
      "group_id": null,
      "shape_type": "polygon",
      "flags": {}
    },
    {
      "label": "细胞膜",
      "points": [
        [
          358.42857142857144,
          152.28571428571428
        ],
        [
          351.57142857142856,
          161.42857142857142
        ],
        [
          344.14285714285717,
          169.42857142857142
        ],
        [
          336.14285714285717,
          175.14285714285714
        ],
        [
          329.2857142857143,
          180.85714285714286
        ],
        [
          323.57142857142856,
          190.0
        ],
        [
          316.14285714285717,
          195.71428571428572
        ],
        [
          312.7142857142857,
          206.57142857142858
        ],
        [
          311.0,
          219.71428571428572
        ],
        [
          313.85714285714283,
          234.0
        ],
        [
          318.42857142857144,
          238.57142857142858
        ],
        [
          328.14285714285717,
          238.57142857142858
        ],
        [
          333.2857142857143,
          238.57142857142858
        ],
        [
          338.42857142857144,
          244.85714285714286
        ],
        [
          347.57142857142856,
          247.71428571428572
        ],
        [
          353.85714285714283,
          246.0
        ],
        [
          355.57142857142856,
          239.71428571428572
        ],
        [
          363.0,
          234.57142857142858
        ],
        [
          371.57142857142856,
          226.0
        ],
        [
          381.2857142857143,
          218.0
        ],
        [
          390.42857142857144,
          212.28571428571428
        ],
        [
          401.2857142857143,
          207.71428571428572
        ],
        [
          405.85714285714283,
          200.85714285714286
        ],
        [
          403.57142857142856,
          191.14285714285714
        ],
        [
          403.57142857142856,
          181.42857142857142
        ],
        [
          399.0,
          175.71428571428572
        ],
        [
          399.57142857142856,
          167.14285714285714
        ],
        [
          399.0,
          158.57142857142858
        ],
        [
          393.85714285714283,
          154.0
        ],
        [
          384.7142857142857,
          152.85714285714286
        ],
        [
          373.85714285714283,
          149.42857142857142
        ],
        [
          364.7142857142857,
          149.42857142857142
        ]
      ],
      "group_id": null,
      "shape_type": "polygon",
      "flags": {}
    },
    {
      "label": "细胞膜",
      "points": [
        [
          112.14285714285714,
          182.0
        ],
        [
          120.71428571428572,
          190.0
        ],
        [
          128.14285714285714,
          198.57142857142858
        ],
        [
          142.42857142857142,
          206.57142857142858
        ],
        [
          150.42857142857142,
          211.14285714285714
        ],
        [
          156.14285714285714,
          220.28571428571428
        ],
        [
          154.42857142857142,
          228.28571428571428
        ],
        [
          157.85714285714286,
          237.42857142857142
        ],
        [
          160.14285714285714,
          250.57142857142858
        ],
        [
          148.71428571428572,
          268.2857142857143
        ],
        [
          139.0,
          277.42857142857144
        ],
        [
          140.71428571428572,
          287.7142857142857
        ],
        [
          137.28571428571428,
          287.7142857142857
        ],
        [
          132.71428571428572,
          285.42857142857144
        ],
        [
          130.42857142857142,
          280.2857142857143
        ],
        [
          113.28571428571428,
          287.14285714285717
        ],
        [
          92.71428571428571,
          291.7142857142857
        ],
        [
          85.85714285714286,
          287.14285714285717
        ],
        [
          79.57142857142857,
          276.85714285714283
        ],
        [
          67.0,
          267.14285714285717
        ],
        [
          59.57142857142857,
          261.42857142857144
        ],
        [
          51.57142857142857,
          256.85714285714283
        ],
        [
          53.85714285714286,
          247.14285714285714
        ],
        [
          58.42857142857143,
          247.14285714285714
        ],
        [
          64.14285714285714,
          243.14285714285714
        ],
        [
          69.28571428571429,
          229.42857142857142
        ],
        [
          76.14285714285714,
          219.14285714285714
        ],
        [
          79.57142857142857,
          209.42857142857142
        ],
        [
          83.57142857142857,
          200.85714285714286
        ],
        [
          86.42857142857143,
          195.14285714285714
        ],
        [
          91.57142857142857,
          191.71428571428572
        ],
        [
          98.42857142857143,
          190.57142857142858
        ],
        [
          101.28571428571428,
          184.28571428571428
        ],
        [
          104.71428571428572,
          180.85714285714286
        ]
      ],
      "group_id": null,
      "shape_type": "polygon",
      "flags": {}
    },
    {
      "label": "细胞膜",
      "points": [
        [
          285.2857142857143,
          283.7142857142857
        ],
        [
          295.57142857142856,
          278.57142857142856
        ],
        [
          303.57142857142856,
          272.2857142857143
        ],
        [
          316.7142857142857,
          268.85714285714283
        ],
        [
          331.57142857142856,
          271.7142857142857
        ],
        [
          345.2857142857143,
          275.7142857142857
        ],
        [
          356.7142857142857,
          274.0
        ],
        [
          364.14285714285717,
          279.14285714285717
        ],
        [
          368.7142857142857,
          292.2857142857143
        ],
        [
          368.7142857142857,
          302.57142857142856
        ],
        [
          356.14285714285717,
          310.0
        ],
        [
          351.0,
          315.14285714285717
        ],
        [
          345.85714285714283,
          322.0
        ],
        [
          313.85714285714283,
          377.42857142857144
        ],
        [
          311.57142857142856,
          385.42857142857144
        ],
        [
          307.0,
          411.7142857142857
        ],
        [
          295.0,
          418.57142857142856
        ],
        [
          280.14285714285717,
          418.0
        ],
        [
          272.7142857142857,
          406.0
        ],
        [
          273.2857142857143,
          390.57142857142856
        ],
        [
          277.85714285714283,
          374.0
        ],
        [
          280.7142857142857,
          358.57142857142856
        ],
        [
          279.0,
          346.57142857142856
        ],
        [
          273.85714285714283,
          328.2857142857143
        ],
        [
          272.14285714285717,
          314.57142857142856
        ],
        [
          274.42857142857144,
          300.2857142857143
        ],
        [
          277.85714285714283,
          290.57142857142856
        ]
      ],
      "group_id": null,
      "shape_type": "polygon",
      "flags": {}
    },
    {
      "label": "细胞膜",
      "points": [
        [
          501.28571428571433,
          362.0
        ],
        [
          485.8571428571429,
          383.14285714285717
        ],
        [
          469.2857142857143,
          412.2857142857143
        ],
        [
          459.57142857142856,
          427.14285714285717
        ],
        [
          453.85714285714283,
          434.0
        ],
        [
          443.57142857142856,
          433.42857142857144
        ],
        [
          438.42857142857144,
          444.2857142857143
        ],
        [
          433.85714285714283,
          458.57142857142856
        ],
        [
          437.2857142857143,
          466.57142857142856
        ],
        [
          433.2857142857143,
          472.2857142857143
        ],
        [
          409.85714285714283,
          468.2857142857143
        ],
        [
          406.42857142857144,
          464.2857142857143
        ],
        [
          407.0,
          454.0
        ],
        [
          412.7142857142857,
          452.2857142857143
        ],
        [
          417.85714285714283,
          438.0
        ],
        [
          420.7142857142857,
          428.85714285714283
        ],
        [
          405.2857142857143,
          420.85714285714283
        ],
        [
          393.85714285714283,
          412.85714285714283
        ],
        [
          396.14285714285717,
          398.0
        ],
        [
          402.42857142857144,
          384.2857142857143
        ],
        [
          412.7142857142857,
          380.2857142857143
        ],
        [
          425.85714285714283,
          380.2857142857143
        ],
        [
          429.2857142857143,
          379.7142857142857
        ],
        [
          428.14285714285717,
          359.14285714285717
        ],
        [
          428.14285714285717,
          346.0
        ],
        [
          429.2857142857143,
          332.2857142857143
        ],
        [
          436.7142857142857,
          324.2857142857143
        ],
        [
          459.0,
          312.85714285714283
        ],
        [
          473.85714285714283,
          303.7142857142857
        ],
        [
          489.28571428571433,
          296.2857142857143
        ],
        [
          503.57142857142856,
          295.14285714285717
        ],
        [
          508.1428571428571,
          295.14285714285717
        ],
        [
          503.57142857142856,
          306.57142857142856
        ],
        [
          501.8571428571429,
          314.0
        ],
        [
          508.1428571428571,
          315.14285714285717
        ],
        [
          511,
          320
        ],
        [
          510.42857142857144,
          348.85714285714283
        ]
      ],
      "group_id": null,
      "shape_type": "polygon",
      "flags": {}
    },
    {
      "label": "细胞膜",
      "points": [
        [
          511.0,
          432.2857142857143
        ],
        [
          496.71428571428567,
          446.0
        ],
        [
          478.42857142857144,
          464.2857142857143
        ],
        [
          473.85714285714283,
          483.14285714285717
        ],
        [
          477.85714285714283,
          498.57142857142856
        ],
        [
          480.14285714285717,
          507.14285714285717
        ],
        [
          488.71428571428567,
          509.42857142857144
        ],
        [
          511,
          510
        ],
        [
          511,
          434
        ]
      ],
      "group_id": null,
      "shape_type": "polygon",
      "flags": {}
    },
    {
      "label": "细胞膜",
      "points": [
        [
          23.57142857142857,
          266.0
        ],
        [
          43.57142857142857,
          270.57142857142856
        ],
        [
          55.57142857142857,
          278.57142857142856
        ],
        [
          69.85714285714286,
          293.42857142857144
        ],
        [
          81.28571428571429,
          305.42857142857144
        ],
        [
          85.28571428571429,
          317.42857142857144
        ],
        [
          81.85714285714286,
          325.42857142857144
        ],
        [
          76.71428571428571,
          338.0
        ],
        [
          74.42857142857143,
          345.42857142857144
        ],
        [
          64.71428571428571,
          344.85714285714283
        ],
        [
          54.42857142857143,
          340.85714285714283
        ],
        [
          43.57142857142857,
          343.14285714285717
        ],
        [
          37.28571428571429,
          331.7142857142857
        ],
        [
          27.57142857142857,
          318.57142857142856
        ],
        [
          15.57142857142857,
          305.42857142857144
        ],
        [
          13.857142857142854,
          291.14285714285717
        ],
        [
          17.857142857142854,
          278.0
        ]
      ],
      "group_id": null,
      "shape_type": "polygon",
      "flags": {}
    },
    {
      "label": "细胞膜",
      "points": [
        [
          55.0,
          351.7142857142857
        ],
        [
          51.0,
          360.85714285714283
        ],
        [
          53.28571428571429,
          378.57142857142856
        ],
        [
          62.42857142857143,
          392.85714285714283
        ],
        [
          80.71428571428571,
          412.2857142857143
        ],
        [
          97.28571428571429,
          420.2857142857143
        ],
        [
          112.71428571428572,
          411.7142857142857
        ],
        [
          117.28571428571428,
          404.2857142857143
        ],
        [
          120.14285714285714,
          419.14285714285717
        ],
        [
          123.0,
          433.42857142857144
        ],
        [
          131.57142857142858,
          442.57142857142856
        ],
        [
          144.14285714285714,
          445.42857142857144
        ],
        [
          151.57142857142858,
          435.14285714285717
        ],
        [
          148.71428571428572,
          418.0
        ],
        [
          146.42857142857142,
          405.42857142857144
        ],
        [
          131.0,
          395.14285714285717
        ],
        [
          136.14285714285714,
          378.0
        ],
        [
          131.57142857142858,
          364.2857142857143
        ],
        [
          123.0,
          358.0
        ],
        [
          113.28571428571428,
          352.85714285714283
        ],
        [
          103.57142857142858,
          340.85714285714283
        ],
        [
          95.0,
          327.14285714285717
        ],
        [
          85.85714285714286,
          322.0
        ],
        [
          80.14285714285714,
          328.2857142857143
        ],
        [
          79.0,
          338.57142857142856
        ],
        [
          77.85714285714286,
          346.0
        ],
        [
          62.42857142857143,
          347.7142857142857
        ]
      ],
      "group_id": null,
      "shape_type": "polygon",
      "flags": {}
    },
    {
      "label": "细胞核",
      "points": [
        [
          22.42857142857143,
          278.0
        ],
        [
          36.71428571428571,
          275.7142857142857
        ],
        [
          47.57142857142857,
          278.0
        ],
        [
          57.28571428571429,
          283.7142857142857
        ],
        [
          67.57142857142857,
          295.7142857142857
        ],
        [
          75.57142857142857,
          303.14285714285717
        ],
        [
          79.0,
          311.14285714285717
        ],
        [
          80.14285714285714,
          316.85714285714283
        ],
        [
          75.0,
          323.7142857142857
        ],
        [
          67.0,
          323.14285714285717
        ],
        [
          59.0,
          327.7142857142857
        ],
        [
          48.14285714285714,
          330.0
        ],
        [
          33.857142857142854,
          316.85714285714283
        ],
        [
          27.57142857142857,
          303.14285714285717
        ],
        [
          21.857142857142854,
          299.14285714285717
        ],
        [
          20.714285714285715,
          288.85714285714283
        ],
        [
          20.142857142857146,
          283.7142857142857
        ]
      ],
      "group_id": null,
      "shape_type": "polygon",
      "flags": {}
    },
    {
      "label": "细胞核",
      "points": [
        [
          87.57142857142857,
          327.14285714285717
        ],
        [
          95.57142857142857,
          334.0
        ],
        [
          102.42857142857142,
          344.85714285714283
        ],
        [
          110.42857142857142,
          352.85714285714283
        ],
        [
          113.28571428571428,
          362.0
        ],
        [
          108.71428571428572,
          368.85714285714283
        ],
        [
          99.57142857142858,
          373.42857142857144
        ],
        [
          91.0,
          378.57142857142856
        ],
        [
          80.71428571428571,
          380.85714285714283
        ],
        [
          71.0,
          379.7142857142857
        ],
        [
          63.0,
          373.42857142857144
        ],
        [
          61.28571428571429,
          364.2857142857143
        ],
        [
          61.28571428571429,
          356.2857142857143
        ],
        [
          61.28571428571429,
          350.57142857142856
        ],
        [
          69.85714285714286,
          348.85714285714283
        ],
        [
          78.42857142857143,
          348.85714285714283
        ],
        [
          80.71428571428571,
          343.7142857142857
        ],
        [
          80.71428571428571,
          334.0
        ]
      ],
      "group_id": null,
      "shape_type": "polygon",
      "flags": {}
    },
    {
      "label": "细胞核",
      "points": [
        [
          95.57142857142857,
          246.57142857142858
        ],
        [
          89.85714285714286,
          256.85714285714283
        ],
        [
          89.85714285714286,
          267.7142857142857
        ],
        [
          92.14285714285714,
          276.2857142857143
        ],
        [
          110.42857142857142,
          279.14285714285717
        ],
        [
          128.71428571428572,
          275.14285714285717
        ],
        [
          142.42857142857142,
          267.7142857142857
        ],
        [
          152.71428571428572,
          258.57142857142856
        ],
        [
          155.57142857142858,
          247.14285714285714
        ],
        [
          152.14285714285714,
          238.57142857142858
        ],
        [
          150.42857142857142,
          232.85714285714286
        ],
        [
          151.0,
          226.57142857142858
        ],
        [
          151.0,
          217.42857142857142
        ],
        [
          145.85714285714286,
          211.14285714285714
        ],
        [
          138.42857142857142,
          207.14285714285714
        ],
        [
          129.85714285714286,
          207.14285714285714
        ],
        [
          121.28571428571428,
          210.57142857142858
        ],
        [
          112.14285714285714,
          221.42857142857142
        ],
        [
          105.28571428571428,
          227.71428571428572
        ],
        [
          101.85714285714286,
          235.14285714285714
        ],
        [
          101.28571428571428,
          243.14285714285714
        ]
      ],
      "group_id": null,
      "shape_type": "polygon",
      "flags": {}
    },
    {
      "label": "细胞核",
      "points": [
        [
          186.42857142857142,
          215.71428571428572
        ],
        [
          196.14285714285714,
          212.85714285714286
        ],
        [
          197.85714285714286,
          205.42857142857142
        ],
        [
          201.28571428571428,
          195.14285714285714
        ],
        [
          205.85714285714286,
          188.85714285714286
        ],
        [
          216.71428571428572,
          187.14285714285714
        ],
        [
          224.71428571428572,
          187.71428571428572
        ],
        [
          227.57142857142856,
          198.57142857142858
        ],
        [
          228.71428571428572,
          207.14285714285714
        ],
        [
          235.0,
          212.28571428571428
        ],
        [
          240.14285714285717,
          210.57142857142858
        ],
        [
          244.14285714285717,
          208.28571428571428
        ],
        [
          249.85714285714283,
          197.42857142857142
        ],
        [
          248.14285714285717,
          183.71428571428572
        ],
        [
          245.28571428571428,
          175.14285714285714
        ],
        [
          240.71428571428572,
          166.0
        ],
        [
          235.57142857142856,
          163.14285714285714
        ],
        [
          225.85714285714286,
          161.42857142857142
        ],
        [
          215.0,
          159.14285714285714
        ],
        [
          200.71428571428572,
          160.28571428571428
        ],
        [
          193.28571428571428,
          164.28571428571428
        ],
        [
          187.57142857142858,
          172.28571428571428
        ],
        [
          182.42857142857142,
          179.71428571428572
        ],
        [
          180.71428571428572,
          187.14285714285714
        ],
        [
          180.71428571428572,
          197.42857142857142
        ],
        [
          181.85714285714286,
          207.71428571428572
        ]
      ],
      "group_id": null,
      "shape_type": "polygon",
      "flags": {}
    },
    {
      "label": "细胞核",
      "points": [
        [
          272.14285714285717,
          114.0
        ],
        [
          272.14285714285717,
          118.57142857142857
        ],
        [
          269.85714285714283,
          126.0
        ],
        [
          268.7142857142857,
          130.0
        ],
        [
          271.0,
          136.85714285714286
        ],
        [
          275.57142857142856,
          149.42857142857142
        ],
        [
          281.85714285714283,
          157.42857142857142
        ],
        [
          291.0,
          161.42857142857142
        ],
        [
          302.42857142857144,
          159.14285714285714
        ],
        [
          308.14285714285717,
          157.42857142857142
        ],
        [
          319.0,
          155.71428571428572
        ],
        [
          328.14285714285717,
          152.85714285714286
        ],
        [
          331.57142857142856,
          144.85714285714286
        ],
        [
          329.85714285714283,
          135.71428571428572
        ],
        [
          324.14285714285717,
          131.14285714285714
        ],
        [
          313.85714285714283,
          128.85714285714286
        ],
        [
          301.2857142857143,
          124.85714285714286
        ],
        [
          294.42857142857144,
          118.57142857142857
        ],
        [
          283.0,
          115.14285714285714
        ]
      ],
      "group_id": null,
      "shape_type": "polygon",
      "flags": {}
    },
    {
      "label": "细胞核",
      "points": [
        [
          355.57142857142856,
          167.71428571428572
        ],
        [
          353.2857142857143,
          178.57142857142858
        ],
        [
          358.42857142857144,
          188.85714285714286
        ],
        [
          362.42857142857144,
          195.14285714285714
        ],
        [
          363.57142857142856,
          202.57142857142858
        ],
        [
          355.57142857142856,
          209.42857142857142
        ],
        [
          348.7142857142857,
          216.28571428571428
        ],
        [
          348.7142857142857,
          223.14285714285714
        ],
        [
          354.42857142857144,
          230.0
        ],
        [
          364.7142857142857,
          227.14285714285714
        ],
        [
          374.42857142857144,
          217.42857142857142
        ],
        [
          384.7142857142857,
          210.0
        ],
        [
          391.57142857142856,
          203.14285714285714
        ],
        [
          395.0,
          188.28571428571428
        ],
        [
          397.2857142857143,
          178.0
        ],
        [
          394.42857142857144,
          165.42857142857142
        ],
        [
          388.7142857142857,
          157.42857142857142
        ],
        [
          380.14285714285717,
          154.0
        ],
        [
          371.0,
          152.28571428571428
        ],
        [
          367.57142857142856,
          156.85714285714286
        ],
        [
          361.85714285714283,
          161.42857142857142
        ]
      ],
      "group_id": null,
      "shape_type": "polygon",
      "flags": {}
    },
    {
      "label": "细胞核",
      "points": [
        [
          319.0,
          294.0
        ],
        [
          327.0,
          306.57142857142856
        ],
        [
          332.7142857142857,
          316.85714285714283
        ],
        [
          332.14285714285717,
          332.2857142857143
        ],
        [
          324.14285714285717,
          344.2857142857143
        ],
        [
          316.7142857142857,
          350.57142857142856
        ],
        [
          308.7142857142857,
          355.7142857142857
        ],
        [
          301.2857142857143,
          360.2857142857143
        ],
        [
          290.42857142857144,
          357.42857142857144
        ],
        [
          284.14285714285717,
          351.14285714285717
        ],
        [
          279.0,
          331.7142857142857
        ],
        [
          277.85714285714283,
          314.57142857142856
        ],
        [
          280.14285714285717,
          300.2857142857143
        ],
        [
          285.2857142857143,
          288.2857142857143
        ],
        [
          292.7142857142857,
          283.7142857142857
        ],
        [
          303.0,
          281.42857142857144
        ],
        [
          309.85714285714283,
          281.42857142857144
        ]
      ],
      "group_id": null,
      "shape_type": "polygon",
      "flags": {}
    },
    {
      "label": "细胞核",
      "points": [
        [
          265.85714285714283,
          42.0
        ],
        [
          271.57142857142856,
          35.142857142857146
        ],
        [
          275.0,
          32.285714285714285
        ],
        [
          284.14285714285717,
          35.142857142857146
        ],
        [
          292.14285714285717,
          36.285714285714285
        ],
        [
          292.7142857142857,
          26.0
        ],
        [
          292.14285714285717,
          15.714285714285715
        ],
        [
          286.42857142857144,
          10.571428571428571
        ],
        [
          276.7142857142857,
          8.285714285714286
        ],
        [
          269.2857142857143,
          7.142857142857142
        ],
        [
          256.14285714285717,
          15.142857142857142
        ],
        [
          253.28571428571428,
          19.142857142857142
        ],
        [
          252.71428571428572,
          30.0
        ],
        [
          256.7142857142857,
          38.57142857142857
        ]
      ],
      "group_id": null,
      "shape_type": "polygon",
      "flags": {}
    },
    {
      "label": "细胞核",
      "points": [
        [
          481.2857142857143,
          16.285714285714285
        ],
        [
          476.7142857142857,
          27.142857142857142
        ],
        [
          473.2857142857143,
          42.57142857142857
        ],
        [
          472.14285714285717,
          53.42857142857143
        ],
        [
          476.14285714285717,
          70.0
        ],
        [
          482.42857142857144,
          82.57142857142857
        ],
        [
          488.71428571428567,
          93.42857142857143
        ],
        [
          493.8571428571429,
          99.71428571428571
        ],
        [
          497.28571428571433,
          88.28571428571429
        ],
        [
          496.71428571428567,
          77.42857142857143
        ],
        [
          500.1428571428571,
          66.57142857142857
        ],
        [
          505.8571428571429,
          62.0
        ],
        [
          510.42857142857144,
          51.142857142857146
        ],
        [
          508.1428571428571,
          32.285714285714285
        ],
        [
          504.71428571428567,
          24.285714285714285
        ],
        [
          501.8571428571429,
          17.428571428571427
        ],
        [
          504.1428571428571,
          11.142857142857142
        ],
        [
          503.57142857142856,
          4.285714285714286
        ],
        [
          497.28571428571433,
          2.0
        ],
        [
          491.57142857142856,
          3.1428571428571432
        ],
        [
          491.0,
          8.857142857142858
        ],
        [
          488.1428571428571,
          11.142857142857142
        ]
      ],
      "group_id": null,
      "shape_type": "polygon",
      "flags": {}
    },
    {
      "label": "细胞核",
      "points": [
        [
          461.2857142857143,
          339.14285714285717
        ],
        [
          451.0,
          347.7142857142857
        ],
        [
          441.2857142857143,
          356.85714285714283
        ],
        [
          434.42857142857144,
          371.14285714285717
        ],
        [
          440.14285714285717,
          389.42857142857144
        ],
        [
          454.42857142857144,
          394.57142857142856
        ],
        [
          472.7142857142857,
          388.2857142857143
        ],
        [
          488.71428571428567,
          372.2857142857143
        ],
        [
          499.0,
          355.7142857142857
        ],
        [
          499.0,
          344.85714285714283
        ],
        [
          494.42857142857144,
          335.14285714285717
        ],
        [
          486.42857142857144,
          332.2857142857143
        ],
        [
          473.2857142857143,
          331.7142857142857
        ]
      ],
      "group_id": null,
      "shape_type": "polygon",
      "flags": {}
    },
    {
      "label": "细胞核",
      "points": [
        [
          500.71428571428567,
          460.2857142857143
        ],
        [
          495.57142857142856,
          472.85714285714283
        ],
        [
          489.28571428571433,
          484.85714285714283
        ],
        [
          484.71428571428567,
          490.57142857142856
        ],
        [
          489.8571428571429,
          503.14285714285717
        ],
        [
          500.71428571428567,
          507.7142857142857
        ],
        [
          508.71428571428567,
          499.7142857142857
        ],
        [
          510.42857142857144,
          455.14285714285717
        ]
      ],
      "group_id": null,
      "shape_type": "polygon",
      "flags": {}
    }
  ],
  "imagePath": "04b951a6-bbb3-11e8-b2ba-ac1f6b6435d0_dst.png",
  "imageData": null,
  "imageHeight": 512,
  "imageWidth": 512
}