{
  "version": "4.5.6",
  "flags": {},
  "shapes": [
    {
      "label": "细胞膜",
      "points": [
        [
          0.7142857142857153,
          311.14285714285717
        ],
        [
          19.57142857142857,
          316.2857142857143
        ],
        [
          39.0,
          328.2857142857143
        ],
        [
          56.71428571428571,
          335.7142857142857
        ],
        [
          71.0,
          340.2857142857143
        ],
        [
          67.0,
          349.42857142857144
        ],
        [
          57.85714285714286,
          357.42857142857144
        ],
        [
          53.28571428571429,
          358.0
        ],
        [
          45.85714285714286,
          363.14285714285717
        ],
        [
          39.57142857142857,
          367.7142857142857
        ],
        [
          24.142857142857146,
          371.7142857142857
        ],
        [
          11.0,
          376.85714285714283
        ],
        [
          0.7142857142857153,
          380.2857142857143
        ]
      ],
      "group_id": null,
      "shape_type": "polygon",
      "flags": {}
    },
    {
      "label": "细胞膜",
      "points": [
        [
          36.71428571428571,
          260.2857142857143
        ],
        [
          47.57142857142857,
          252.85714285714286
        ],
        [
          57.85714285714286,
          252.28571428571428
        ],
        [
          78.42857142857143,
          252.28571428571428
        ],
        [
          92.71428571428571,
          255.71428571428572
        ],
        [
          110.42857142857142,
          265.42857142857144
        ],
        [
          121.28571428571428,
          274.0
        ],
        [
          124.71428571428572,
          285.42857142857144
        ],
        [
          120.71428571428572,
          299.7142857142857
        ],
        [
          98.42857142857143,
          305.42857142857144
        ],
        [
          68.71428571428571,
          305.42857142857144
        ],
        [
          43.57142857142857,
          298.0
        ],
        [
          35.57142857142857,
          291.7142857142857
        ],
        [
          30.42857142857143,
          272.2857142857143
        ]
      ],
      "group_id": null,
      "shape_type": "polygon",
      "flags": {}
    },
    {
      "label": "细胞膜",
      "points": [
        [
          75.57142857142857,
          203.14285714285714
        ],
        [
          87.57142857142857,
          195.14285714285714
        ],
        [
          101.85714285714286,
          182.57142857142858
        ],
        [
          115.0,
          181.42857142857142
        ],
        [
          136.71428571428572,
          183.14285714285714
        ],
        [
          150.42857142857142,
          191.71428571428572
        ],
        [
          157.28571428571428,
          208.85714285714286
        ],
        [
          159.0,
          222.57142857142858
        ],
        [
          152.14285714285714,
          240.85714285714286
        ],
        [
          133.85714285714286,
          251.14285714285714
        ],
        [
          112.71428571428572,
          256.2857142857143
        ],
        [
          100.71428571428572,
          259.7142857142857
        ],
        [
          83.57142857142857,
          251.14285714285714
        ],
        [
          74.42857142857143,
          245.42857142857142
        ],
        [
          74.42857142857143,
          231.71428571428572
        ],
        [
          72.71428571428571,
          216.28571428571428
        ]
      ],
      "group_id": null,
      "shape_type": "polygon",
      "flags": {}
    },
    {
      "label": "细胞膜",
      "points": [
        [
          145.28571428571428,
          92.85714285714286
        ],
        [
          127.57142857142858,
          98.0
        ],
        [
          115.57142857142858,
          107.14285714285714
        ],
        [
          103.0,
          116.28571428571429
        ],
        [
          97.85714285714286,
          129.42857142857142
        ],
        [
          93.28571428571429,
          142.57142857142858
        ],
        [
          95.0,
          159.71428571428572
        ],
        [
          101.28571428571428,
          169.42857142857142
        ],
        [
          118.42857142857142,
          166.0
        ],
        [
          145.85714285714286,
          152.28571428571428
        ],
        [
          159.57142857142858,
          142.57142857142858
        ],
        [
          168.14285714285714,
          119.71428571428571
        ],
        [
          168.14285714285714,
          108.28571428571429
        ],
        [
          168.71428571428572,
          96.85714285714286
        ],
        [
          166.42857142857142,
          87.71428571428571
        ],
        [
          154.42857142857142,
          89.42857142857143
        ]
      ],
      "group_id": null,
      "shape_type": "polygon",
      "flags": {}
    },
    {
      "label": "细胞膜",
      "points": [
        [
          203.0,
          126.57142857142858
        ],
        [
          212.14285714285714,
          123.71428571428571
        ],
        [
          220.14285714285714,
          123.71428571428571
        ],
        [
          233.28571428571428,
          130.0
        ],
        [
          244.14285714285717,
          138.0
        ],
        [
          248.14285714285717,
          148.85714285714286
        ],
        [
          248.71428571428572,
          154.57142857142858
        ],
        [
          249.85714285714283,
          173.42857142857142
        ],
        [
          245.85714285714283,
          186.57142857142858
        ],
        [
          234.42857142857144,
          201.42857142857142
        ],
        [
          217.28571428571428,
          211.71428571428572
        ],
        [
          205.28571428571428,
          214.57142857142858
        ],
        [
          193.85714285714286,
          203.14285714285714
        ],
        [
          187.57142857142858,
          186.0
        ],
        [
          187.0,
          170.0
        ],
        [
          189.85714285714286,
          155.14285714285714
        ],
        [
          196.14285714285714,
          142.57142857142858
        ]
      ],
      "group_id": null,
      "shape_type": "polygon",
      "flags": {}
    },
    {
      "label": "细胞膜",
      "points": [
        [
          236.71428571428572,
          235.71428571428572
        ],
        [
          252.71428571428572,
          232.28571428571428
        ],
        [
          263.0,
          234.0
        ],
        [
          276.14285714285717,
          240.85714285714286
        ],
        [
          283.0,
          251.14285714285714
        ],
        [
          285.85714285714283,
          266.0
        ],
        [
          285.85714285714283,
          279.7142857142857
        ],
        [
          281.2857142857143,
          283.14285714285717
        ],
        [
          260.14285714285717,
          291.7142857142857
        ],
        [
          245.85714285714283,
          290.0
        ],
        [
          231.57142857142856,
          275.14285714285717
        ],
        [
          223.57142857142858,
          256.85714285714283
        ],
        [
          225.85714285714286,
          244.85714285714286
        ]
      ],
      "group_id": null,
      "shape_type": "polygon",
      "flags": {}
    },
    {
      "label": "细胞膜",
      "points": [
        [
          314.42857142857144,
          239.71428571428572
        ],
        [
          330.42857142857144,
          231.71428571428572
        ],
        [
          347.0,
          230.0
        ],
        [
          364.7142857142857,
          235.14285714285714
        ],
        [
          375.57142857142856,
          243.14285714285714
        ],
        [
          380.7142857142857,
          258.57142857142856
        ],
        [
          385.2857142857143,
          267.14285714285717
        ],
        [
          385.85714285714283,
          272.85714285714283
        ],
        [
          385.85714285714283,
          278.57142857142856
        ],
        [
          379.57142857142856,
          279.14285714285717
        ],
        [
          368.7142857142857,
          274.0
        ],
        [
          349.85714285714283,
          271.7142857142857
        ],
        [
          335.57142857142856,
          278.57142857142856
        ],
        [
          327.0,
          283.7142857142857
        ],
        [
          318.42857142857144,
          291.14285714285717
        ],
        [
          309.85714285714283,
          297.42857142857144
        ],
        [
          305.85714285714283,
          302.0
        ],
        [
          304.14285714285717,
          318.0
        ],
        [
          300.7142857142857,
          316.2857142857143
        ],
        [
          297.2857142857143,
          304.85714285714283
        ],
        [
          297.2857142857143,
          291.14285714285717
        ],
        [
          301.2857142857143,
          284.2857142857143
        ],
        [
          303.0,
          271.14285714285717
        ],
        [
          304.7142857142857,
          258.0
        ],
        [
          308.14285714285717,
          250.0
        ]
      ],
      "group_id": null,
      "shape_type": "polygon",
      "flags": {}
    },
    {
      "label": "细胞膜",
      "points": [
        [
          98.42857142857143,
          27.142857142857142
        ],
        [
          101.85714285714286,
          46.0
        ],
        [
          114.42857142857142,
          59.142857142857146
        ],
        [
          139.57142857142858,
          74.57142857142857
        ],
        [
          154.42857142857142,
          77.42857142857143
        ],
        [
          161.28571428571428,
          82.0
        ],
        [
          167.57142857142858,
          80.28571428571429
        ],
        [
          169.28571428571428,
          68.28571428571429
        ],
        [
          163.57142857142858,
          57.42857142857143
        ],
        [
          157.28571428571428,
          43.142857142857146
        ],
        [
          147.0,
          35.142857142857146
        ],
        [
          137.28571428571428,
          27.714285714285715
        ],
        [
          124.71428571428572,
          23.142857142857142
        ],
        [
          113.85714285714286,
          22.0
        ]
      ],
      "group_id": null,
      "shape_type": "polygon",
      "flags": {}
    },
    {
      "label": "细胞膜",
      "points": [
        [
          167.57142857142858,
          47.142857142857146
        ],
        [
          179.57142857142858,
          39.714285714285715
        ],
        [
          195.57142857142858,
          37.42857142857143
        ],
        [
          210.42857142857142,
          37.42857142857143
        ],
        [
          228.14285714285717,
          44.857142857142854
        ],
        [
          241.85714285714283,
          55.714285714285715
        ],
        [
          250.42857142857144,
          66.0
        ],
        [
          251.57142857142856,
          70.57142857142857
        ],
        [
          239.0,
          74.57142857142857
        ],
        [
          220.71428571428572,
          76.28571428571429
        ],
        [
          205.28571428571428,
          76.28571428571429
        ],
        [
          181.85714285714286,
          73.42857142857143
        ],
        [
          172.14285714285714,
          67.71428571428571
        ],
        [
          165.28571428571428,
          56.857142857142854
        ]
      ],
      "group_id": null,
      "shape_type": "polygon",
      "flags": {}
    },
    {
      "label": "细胞膜",
      "points": [
        [
          242.42857142857144,
          0.2857142857142856
        ],
        [
          253.28571428571428,
          9.428571428571429
        ],
        [
          264.14285714285717,
          13.428571428571429
        ],
        [
          277.2857142857143,
          20.285714285714285
        ],
        [
          297.2857142857143,
          27.142857142857142
        ],
        [
          317.85714285714283,
          29.428571428571427
        ],
        [
          340.7142857142857,
          28.285714285714285
        ],
        [
          356.14285714285717,
          27.714285714285715
        ],
        [
          362.42857142857144,
          21.428571428571427
        ],
        [
          364.7142857142857,
          4.285714285714286
        ],
        [
          363.57142857142856,
          0.2857142857142856
        ]
      ],
      "group_id": null,
      "shape_type": "polygon",
      "flags": {}
    },
    {
      "label": "细胞膜",
      "points": [
        [
          424.14285714285717,
          120.85714285714286
        ],
        [
          443.57142857142856,
          112.85714285714286
        ],
        [
          454.42857142857144,
          110.0
        ],
        [
          465.2857142857143,
          108.28571428571429
        ],
        [
          472.7142857142857,
          109.42857142857143
        ],
        [
          473.2857142857143,
          116.85714285714286
        ],
        [
          472.7142857142857,
          129.42857142857142
        ],
        [
          467.57142857142856,
          140.85714285714286
        ],
        [
          457.85714285714283,
          148.28571428571428
        ],
        [
          449.2857142857143,
          157.42857142857142
        ],
        [
          439.0,
          164.85714285714286
        ],
        [
          424.14285714285717,
          171.14285714285714
        ],
        [
          405.2857142857143,
          172.85714285714286
        ],
        [
          394.42857142857144,
          169.42857142857142
        ],
        [
          389.2857142857143,
          162.57142857142858
        ],
        [
          394.42857142857144,
          151.14285714285714
        ],
        [
          397.2857142857143,
          142.57142857142858
        ],
        [
          406.42857142857144,
          132.85714285714286
        ],
        [
          413.85714285714283,
          128.28571428571428
        ]
      ],
      "group_id": null,
      "shape_type": "polygon",
      "flags": {}
    },
    {
      "label": "细胞膜",
      "points": [
        [
          431.57142857142856,
          212.28571428571428
        ],
        [
          445.2857142857143,
          207.71428571428572
        ],
        [
          466.42857142857144,
          211.71428571428572
        ],
        [
          487.0,
          224.28571428571428
        ],
        [
          500.71428571428567,
          244.85714285714286
        ],
        [
          497.28571428571433,
          264.2857142857143
        ],
        [
          484.71428571428567,
          279.14285714285717
        ],
        [
          463.57142857142856,
          286.57142857142856
        ],
        [
          440.7142857142857,
          287.14285714285717
        ],
        [
          422.42857142857144,
          284.85714285714283
        ],
        [
          409.85714285714283,
          274.57142857142856
        ],
        [
          403.0,
          258.57142857142856
        ],
        [
          407.57142857142856,
          240.85714285714286
        ],
        [
          415.0,
          224.28571428571428
        ],
        [
          425.85714285714283,
          217.42857142857142
        ]
      ],
      "group_id": null,
      "shape_type": "polygon",
      "flags": {}
    },
    {
      "label": "细胞膜",
      "points": [
        [
          319.57142857142856,
          299.14285714285717
        ],
        [
          324.7142857142857,
          320.2857142857143
        ],
        [
          333.2857142857143,
          342.57142857142856
        ],
        [
          344.7142857142857,
          352.85714285714283
        ],
        [
          368.14285714285717,
          356.2857142857143
        ],
        [
          380.7142857142857,
          346.57142857142856
        ],
        [
          384.7142857142857,
          326.0
        ],
        [
          379.57142857142856,
          308.2857142857143
        ],
        [
          374.42857142857144,
          297.42857142857144
        ],
        [
          375.57142857142856,
          283.14285714285717
        ],
        [
          372.7142857142857,
          276.85714285714283
        ],
        [
          350.42857142857144,
          274.57142857142856
        ],
        [
          333.85714285714283,
          280.2857142857143
        ],
        [
          324.14285714285717,
          290.57142857142856
        ]
      ],
      "group_id": null,
      "shape_type": "polygon",
      "flags": {}
    },
    {
      "label": "细胞膜",
      "points": [
        [
          155.0,
          319.14285714285717
        ],
        [
          174.42857142857142,
          322.0
        ],
        [
          189.28571428571428,
          330.57142857142856
        ],
        [
          199.57142857142858,
          352.2857142857143
        ],
        [
          201.28571428571428,
          367.14285714285717
        ],
        [
          193.28571428571428,
          379.7142857142857
        ],
        [
          179.0,
          384.85714285714283
        ],
        [
          161.28571428571428,
          378.0
        ],
        [
          151.57142857142858,
          364.85714285714283
        ],
        [
          145.85714285714286,
          348.85714285714283
        ],
        [
          147.0,
          335.14285714285717
        ]
      ],
      "group_id": null,
      "shape_type": "polygon",
      "flags": {}
    },
    {
      "label": "细胞膜",
      "points": [
        [
          2.428571428571427,
          464.2857142857143
        ],
        [
          25.285714285714285,
          453.42857142857144
        ],
        [
          41.28571428571429,
          450.57142857142856
        ],
        [
          55.0,
          451.14285714285717
        ],
        [
          62.42857142857143,
          458.0
        ],
        [
          65.85714285714286,
          473.42857142857144
        ],
        [
          68.71428571428571,
          487.14285714285717
        ],
        [
          65.28571428571429,
          499.14285714285717
        ],
        [
          61.85714285714286,
          504.2857142857143
        ],
        [
          51.0,
          508.85714285714283
        ],
        [
          36.71428571428571,
          509.42857142857144
        ],
        [
          19.0,
          508.2857142857143
        ],
        [
          8.142857142857146,
          506.0
        ],
        [
          0,
          501
        ],
        [
          0,
          464
        ]
      ],
      "group_id": null,
      "shape_type": "polygon",
      "flags": {}
    },
    {
      "label": "细胞膜",
      "points": [
        [
          223.57142857142858,
          352.85714285714283
        ],
        [
          221.85714285714286,
          367.14285714285717
        ],
        [
          231.0,
          388.85714285714283
        ],
        [
          230.42857142857144,
          407.7142857142857
        ],
        [
          231.0,
          442.0
        ],
        [
          247.57142857142856,
          472.2857142857143
        ],
        [
          265.2857142857143,
          483.7142857142857
        ],
        [
          289.85714285714283,
          498.57142857142856
        ],
        [
          316.7142857142857,
          505.42857142857144
        ],
        [
          337.2857142857143,
          498.57142857142856
        ],
        [
          345.2857142857143,
          487.7142857142857
        ],
        [
          348.7142857142857,
          469.42857142857144
        ],
        [
          350.42857142857144,
          455.7142857142857
        ],
        [
          339.57142857142856,
          429.42857142857144
        ],
        [
          331.0,
          412.2857142857143
        ],
        [
          323.0,
          398.57142857142856
        ],
        [
          303.57142857142856,
          383.14285714285717
        ],
        [
          288.7142857142857,
          375.14285714285717
        ],
        [
          275.57142857142856,
          363.14285714285717
        ],
        [
          259.0,
          356.85714285714283
        ],
        [
          251.57142857142856,
          350.57142857142856
        ],
        [
          243.57142857142856,
          339.14285714285717
        ],
        [
          229.28571428571428,
          335.7142857142857
        ],
        [
          220.71428571428572,
          340.2857142857143
        ]
      ],
      "group_id": null,
      "shape_type": "polygon",
      "flags": {}
    },
    {
      "label": "细胞膜",
      "points": [
        [
          361.2857142857143,
          383.7142857142857
        ],
        [
          358.42857142857144,
          399.14285714285717
        ],
        [
          369.85714285714283,
          428.2857142857143
        ],
        [
          390.42857142857144,
          446.0
        ],
        [
          405.85714285714283,
          446.0
        ],
        [
          418.42857142857144,
          439.14285714285717
        ],
        [
          420.7142857142857,
          424.85714285714283
        ],
        [
          425.85714285714283,
          409.42857142857144
        ],
        [
          424.7142857142857,
          399.14285714285717
        ],
        [
          416.14285714285717,
          387.14285714285717
        ],
        [
          399.57142857142856,
          377.42857142857144
        ],
        [
          382.42857142857144,
          374.0
        ],
        [
          368.14285714285717,
          372.85714285714283
        ]
      ],
      "group_id": null,
      "shape_type": "polygon",
      "flags": {}
    },
    {
      "label": "细胞膜",
      "points": [
        [
          429.85714285714283,
          443.14285714285717
        ],
        [
          444.14285714285717,
          435.14285714285717
        ],
        [
          461.2857142857143,
          434.0
        ],
        [
          473.2857142857143,
          440.2857142857143
        ],
        [
          480.7142857142857,
          453.42857142857144
        ],
        [
          480.14285714285717,
          471.7142857142857
        ],
        [
          468.7142857142857,
          485.42857142857144
        ],
        [
          451.0,
          491.7142857142857
        ],
        [
          432.7142857142857,
          492.85714285714283
        ],
        [
          416.14285714285717,
          483.7142857142857
        ],
        [
          411.57142857142856,
          470.57142857142856
        ],
        [
          415.57142857142856,
          456.85714285714283
        ],
        [
          421.85714285714283,
          450.57142857142856
        ]
      ],
      "group_id": null,
      "shape_type": "polygon",
      "flags": {}
    },
    {
      "label": "细胞膜",
      "points": [
        [
          473.85714285714283,
          491.14285714285717
        ],
        [
          471.0,
          504.2857142857143
        ],
        [
          474,
          511
        ],
        [
          510,
          511
        ],
        [
          511,
          483
        ],
        [
          499.57142857142856,
          474.0
        ],
        [
          491.57142857142856,
          474.0
        ],
        [
          483.57142857142856,
          480.2857142857143
        ]
      ],
      "group_id": null,
      "shape_type": "polygon",
      "flags": {}
    },
    {
      "label": "细胞核",
      "points": [
        [
          108.14285714285714,
          32.857142857142854
        ],
        [
          114.42857142857142,
          28.285714285714285
        ],
        [
          119.57142857142858,
          27.142857142857142
        ],
        [
          129.85714285714286,
          30.57142857142857
        ],
        [
          143.57142857142858,
          38.57142857142857
        ],
        [
          147.0,
          46.57142857142857
        ],
        [
          151.0,
          56.857142857142854
        ],
        [
          151.57142857142858,
          67.14285714285714
        ],
        [
          148.14285714285714,
          71.14285714285714
        ],
        [
          140.71428571428572,
          72.28571428571429
        ],
        [
          127.0,
          62.57142857142857
        ],
        [
          117.85714285714286,
          54.57142857142857
        ],
        [
          109.85714285714286,
          43.714285714285715
        ]
      ],
      "group_id": null,
      "shape_type": "polygon",
      "flags": {}
    },
    {
      "label": "细胞核",
      "points": [
        [
          178.42857142857142,
          50.0
        ],
        [
          188.71428571428572,
          46.57142857142857
        ],
        [
          205.85714285714286,
          45.42857142857143
        ],
        [
          212.71428571428572,
          47.714285714285715
        ],
        [
          215.57142857142858,
          59.714285714285715
        ],
        [
          212.14285714285714,
          66.57142857142857
        ],
        [
          207.0,
          70.0
        ],
        [
          193.85714285714286,
          70.0
        ],
        [
          180.71428571428572,
          64.85714285714286
        ],
        [
          172.14285714285714,
          56.285714285714285
        ]
      ],
      "group_id": null,
      "shape_type": "polygon",
      "flags": {}
    },
    {
      "label": "细胞核",
      "points": [
        [
          296.7142857142857,
          1.4285714285714284
        ],
        [
          341.2857142857143,
          1.4285714285714284
        ],
        [
          342.42857142857144,
          8.857142857142858
        ],
        [
          342.42857142857144,
          16.285714285714285
        ],
        [
          337.2857142857143,
          24.857142857142858
        ],
        [
          320.14285714285717,
          27.142857142857142
        ],
        [
          311.57142857142856,
          26.0
        ],
        [
          302.42857142857144,
          20.857142857142858
        ],
        [
          296.14285714285717,
          12.285714285714286
        ]
      ],
      "group_id": null,
      "shape_type": "polygon",
      "flags": {}
    },
    {
      "label": "细胞核",
      "points": [
        [
          416.7142857142857,
          136.28571428571428
        ],
        [
          431.0,
          130.0
        ],
        [
          446.42857142857144,
          128.85714285714286
        ],
        [
          451.0,
          132.28571428571428
        ],
        [
          452.14285714285717,
          144.28571428571428
        ],
        [
          447.0,
          151.14285714285714
        ],
        [
          438.42857142857144,
          156.85714285714286
        ],
        [
          426.42857142857144,
          165.42857142857142
        ],
        [
          417.85714285714283,
          166.57142857142858
        ],
        [
          404.7142857142857,
          158.57142857142858
        ],
        [
          403.0,
          148.28571428571428
        ],
        [
          405.85714285714283,
          140.28571428571428
        ]
      ],
      "group_id": null,
      "shape_type": "polygon",
      "flags": {}
    },
    {
      "label": "细胞核",
      "points": [
        [
          142.42857142857142,
          101.42857142857143
        ],
        [
          153.85714285714286,
          111.71428571428571
        ],
        [
          151.0,
          129.42857142857142
        ],
        [
          145.28571428571428,
          139.14285714285714
        ],
        [
          137.85714285714286,
          144.85714285714286
        ],
        [
          127.57142857142858,
          142.57142857142858
        ],
        [
          113.28571428571428,
          138.57142857142858
        ],
        [
          108.71428571428572,
          132.28571428571428
        ],
        [
          107.57142857142858,
          122.57142857142857
        ],
        [
          111.0,
          115.71428571428571
        ],
        [
          132.14285714285714,
          102.0
        ]
      ],
      "group_id": null,
      "shape_type": "polygon",
      "flags": {}
    },
    {
      "label": "细胞核",
      "points": [
        [
          207.57142857142858,
          138.57142857142858
        ],
        [
          215.57142857142858,
          135.14285714285714
        ],
        [
          226.42857142857142,
          134.57142857142858
        ],
        [
          235.0,
          144.28571428571428
        ],
        [
          241.28571428571428,
          154.0
        ],
        [
          243.57142857142856,
          169.42857142857142
        ],
        [
          234.42857142857144,
          181.42857142857142
        ],
        [
          226.42857142857142,
          186.0
        ],
        [
          212.71428571428572,
          183.71428571428572
        ],
        [
          203.0,
          179.14285714285714
        ],
        [
          199.57142857142858,
          166.57142857142858
        ],
        [
          198.42857142857142,
          155.14285714285714
        ],
        [
          202.42857142857142,
          144.28571428571428
        ]
      ],
      "group_id": null,
      "shape_type": "polygon",
      "flags": {}
    },
    {
      "label": "细胞核",
      "points": [
        [
          115.57142857142858,
          188.85714285714286
        ],
        [
          112.14285714285714,
          197.42857142857142
        ],
        [
          116.14285714285714,
          208.28571428571428
        ],
        [
          124.71428571428572,
          212.28571428571428
        ],
        [
          139.57142857142858,
          213.42857142857142
        ],
        [
          148.71428571428572,
          208.85714285714286
        ],
        [
          149.85714285714286,
          200.28571428571428
        ],
        [
          146.42857142857142,
          194.0
        ],
        [
          140.71428571428572,
          190.0
        ],
        [
          135.57142857142858,
          187.14285714285714
        ],
        [
          128.71428571428572,
          187.14285714285714
        ]
      ],
      "group_id": null,
      "shape_type": "polygon",
      "flags": {}
    },
    {
      "label": "细胞核",
      "points": [
        [
          117.28571428571428,
          224.28571428571428
        ],
        [
          128.71428571428572,
          220.85714285714286
        ],
        [
          141.28571428571428,
          222.0
        ],
        [
          147.57142857142858,
          225.42857142857142
        ],
        [
          149.85714285714286,
          231.71428571428572
        ],
        [
          145.85714285714286,
          239.71428571428572
        ],
        [
          136.14285714285714,
          244.28571428571428
        ],
        [
          130.42857142857142,
          247.71428571428572
        ],
        [
          119.0,
          251.14285714285714
        ],
        [
          112.71428571428572,
          252.85714285714286
        ],
        [
          105.28571428571428,
          244.85714285714286
        ],
        [
          105.28571428571428,
          235.71428571428572
        ],
        [
          109.85714285714286,
          228.85714285714286
        ]
      ],
      "group_id": null,
      "shape_type": "polygon",
      "flags": {}
    },
    {
      "label": "细胞核",
      "points": [
        [
          79.0,
          269.42857142857144
        ],
        [
          69.85714285714286,
          276.85714285714283
        ],
        [
          65.85714285714286,
          283.7142857142857
        ],
        [
          66.42857142857143,
          290.57142857142856
        ],
        [
          75.57142857142857,
          298.0
        ],
        [
          87.57142857142857,
          299.7142857142857
        ],
        [
          99.57142857142858,
          295.14285714285717
        ],
        [
          109.28571428571428,
          288.2857142857143
        ],
        [
          112.14285714285714,
          278.0
        ],
        [
          110.42857142857142,
          272.2857142857143
        ],
        [
          103.57142857142858,
          266.0
        ],
        [
          96.71428571428571,
          264.2857142857143
        ],
        [
          89.28571428571429,
          263.7142857142857
        ]
      ],
      "group_id": null,
      "shape_type": "polygon",
      "flags": {}
    },
    {
      "label": "细胞核",
      "points": [
        [
          245.28571428571428,
          258.0
        ],
        [
          253.85714285714283,
          251.14285714285714
        ],
        [
          264.14285714285717,
          248.85714285714286
        ],
        [
          274.42857142857144,
          251.14285714285714
        ],
        [
          277.85714285714283,
          256.2857142857143
        ],
        [
          276.14285714285717,
          267.14285714285717
        ],
        [
          272.7142857142857,
          275.7142857142857
        ],
        [
          264.14285714285717,
          276.85714285714283
        ],
        [
          256.14285714285717,
          277.42857142857144
        ],
        [
          251.57142857142856,
          283.14285714285717
        ],
        [
          244.14285714285717,
          279.14285714285717
        ],
        [
          237.85714285714283,
          270.0
        ],
        [
          239.0,
          263.14285714285717
        ]
      ],
      "group_id": null,
      "shape_type": "polygon",
      "flags": {}
    },
    {
      "label": "细胞核",
      "points": [
        [
          315.57142857142856,
          250.0
        ],
        [
          325.2857142857143,
          243.14285714285714
        ],
        [
          337.85714285714283,
          238.57142857142858
        ],
        [
          352.14285714285717,
          239.14285714285714
        ],
        [
          357.85714285714283,
          244.85714285714286
        ],
        [
          356.14285714285717,
          256.85714285714283
        ],
        [
          348.7142857142857,
          267.14285714285717
        ],
        [
          337.2857142857143,
          272.2857142857143
        ],
        [
          328.7142857142857,
          277.42857142857144
        ],
        [
          320.14285714285717,
          280.2857142857143
        ],
        [
          311.57142857142856,
          277.42857142857144
        ],
        [
          308.14285714285717,
          268.2857142857143
        ],
        [
          308.7142857142857,
          257.42857142857144
        ]
      ],
      "group_id": null,
      "shape_type": "polygon",
      "flags": {}
    },
    {
      "label": "细胞核",
      "points": [
        [
          455.0,
          225.42857142857142
        ],
        [
          461.85714285714283,
          221.42857142857142
        ],
        [
          471.0,
          220.28571428571428
        ],
        [
          479.57142857142856,
          222.57142857142858
        ],
        [
          491.57142857142856,
          231.71428571428572
        ],
        [
          495.57142857142856,
          241.42857142857142
        ],
        [
          496.71428571428567,
          252.85714285714286
        ],
        [
          493.8571428571429,
          261.42857142857144
        ],
        [
          486.42857142857144,
          265.42857142857144
        ],
        [
          477.2857142857143,
          266.57142857142856
        ],
        [
          466.42857142857144,
          262.57142857142856
        ],
        [
          456.14285714285717,
          255.71428571428572
        ],
        [
          447.57142857142856,
          247.14285714285714
        ],
        [
          447.0,
          236.85714285714286
        ]
      ],
      "group_id": null,
      "shape_type": "polygon",
      "flags": {}
    },
    {
      "label": "细胞核",
      "points": [
        [
          337.85714285714283,
          295.7142857142857
        ],
        [
          349.2857142857143,
          291.7142857142857
        ],
        [
          353.85714285714283,
          289.42857142857144
        ],
        [
          364.14285714285717,
          294.0
        ],
        [
          368.7142857142857,
          300.2857142857143
        ],
        [
          371.0,
          308.2857142857143
        ],
        [
          371.57142857142856,
          315.7142857142857
        ],
        [
          369.2857142857143,
          321.42857142857144
        ],
        [
          364.14285714285717,
          327.7142857142857
        ],
        [
          353.2857142857143,
          328.85714285714283
        ],
        [
          341.2857142857143,
          326.57142857142856
        ],
        [
          334.42857142857144,
          323.14285714285717
        ],
        [
          328.14285714285717,
          311.7142857142857
        ],
        [
          327.57142857142856,
          300.2857142857143
        ],
        [
          331.0,
          296.85714285714283
        ]
      ],
      "group_id": null,
      "shape_type": "polygon",
      "flags": {}
    },
    {
      "label": "细胞核",
      "points": [
        [
          378.42857142857144,
          382.0
        ],
        [
          375.0,
          388.85714285714283
        ],
        [
          375.57142857142856,
          395.7142857142857
        ],
        [
          383.57142857142856,
          405.42857142857144
        ],
        [
          397.85714285714283,
          412.2857142857143
        ],
        [
          408.7142857142857,
          415.7142857142857
        ],
        [
          417.2857142857143,
          411.14285714285717
        ],
        [
          421.2857142857143,
          403.7142857142857
        ],
        [
          419.57142857142856,
          394.57142857142856
        ],
        [
          415.0,
          389.42857142857144
        ],
        [
          406.42857142857144,
          384.2857142857143
        ],
        [
          398.42857142857144,
          380.2857142857143
        ],
        [
          390.42857142857144,
          379.7142857142857
        ]
      ],
      "group_id": null,
      "shape_type": "polygon",
      "flags": {}
    },
    {
      "label": "细胞核",
      "points": [
        [
          448.14285714285717,
          448.2857142857143
        ],
        [
          441.2857142857143,
          460.85714285714283
        ],
        [
          438.42857142857144,
          470.57142857142856
        ],
        [
          437.2857142857143,
          478.0
        ],
        [
          440.14285714285717,
          484.2857142857143
        ],
        [
          452.7142857142857,
          486.57142857142856
        ],
        [
          468.14285714285717,
          482.0
        ],
        [
          472.7142857142857,
          472.2857142857143
        ],
        [
          474.42857142857144,
          464.85714285714283
        ],
        [
          471.0,
          454.57142857142856
        ],
        [
          465.85714285714283,
          448.85714285714283
        ],
        [
          457.85714285714283,
          446.57142857142856
        ]
      ],
      "group_id": null,
      "shape_type": "polygon",
      "flags": {}
    },
    {
      "label": "细胞核",
      "points": [
        [
          480.14285714285717,
          508.2857142857143
        ],
        [
          508.71428571428567,
          509.42857142857144
        ],
        [
          508.1428571428571,
          494.57142857142856
        ],
        [
          499.57142857142856,
          489.42857142857144
        ],
        [
          491.0,
          490.0
        ],
        [
          484.1428571428571,
          494.57142857142856
        ],
        [
          481.2857142857143,
          498.57142857142856
        ]
      ],
      "group_id": null,
      "shape_type": "polygon",
      "flags": {}
    },
    {
      "label": "细胞核",
      "points": [
        [
          292.7142857142857,
          399.7142857142857
        ],
        [
          288.7142857142857,
          411.14285714285717
        ],
        [
          294.42857142857144,
          428.85714285714283
        ],
        [
          308.14285714285717,
          437.42857142857144
        ],
        [
          326.42857142857144,
          439.7142857142857
        ],
        [
          329.85714285714283,
          431.14285714285717
        ],
        [
          329.85714285714283,
          417.42857142857144
        ],
        [
          324.14285714285717,
          404.85714285714283
        ],
        [
          316.14285714285717,
          396.85714285714283
        ],
        [
          307.57142857142856,
          392.85714285714283
        ],
        [
          299.0,
          392.85714285714283
        ]
      ],
      "group_id": null,
      "shape_type": "polygon",
      "flags": {}
    },
    {
      "label": "细胞核",
      "points": [
        [
          251.57142857142856,
          395.14285714285717
        ],
        [
          261.85714285714283,
          388.2857142857143
        ],
        [
          277.2857142857143,
          392.85714285714283
        ],
        [
          279.0,
          402.57142857142856
        ],
        [
          272.7142857142857,
          416.85714285714283
        ],
        [
          269.85714285714283,
          432.85714285714283
        ],
        [
          263.0,
          441.42857142857144
        ],
        [
          252.14285714285717,
          440.2857142857143
        ],
        [
          238.42857142857144,
          432.85714285714283
        ],
        [
          234.42857142857144,
          419.7142857142857
        ],
        [
          236.71428571428572,
          407.7142857142857
        ],
        [
          241.28571428571428,
          400.85714285714283
        ]
      ],
      "group_id": null,
      "shape_type": "polygon",
      "flags": {}
    },
    {
      "label": "细胞核",
      "points": [
        [
          1.8571428571428577,
          357.42857142857144
        ],
        [
          2.428571428571427,
          315.7142857142857
        ],
        [
          16.714285714285715,
          320.85714285714283
        ],
        [
          25.285714285714285,
          328.2857142857143
        ],
        [
          43.57142857142857,
          335.14285714285717
        ],
        [
          57.85714285714286,
          339.14285714285717
        ],
        [
          59.0,
          346.57142857142856
        ],
        [
          47.57142857142857,
          347.14285714285717
        ],
        [
          36.71428571428571,
          342.57142857142856
        ],
        [
          32.714285714285715,
          342.57142857142856
        ],
        [
          28.714285714285715,
          349.42857142857144
        ],
        [
          18.42857142857143,
          354.57142857142856
        ],
        [
          9.857142857142854,
          356.2857142857143
        ]
      ],
      "group_id": null,
      "shape_type": "polygon",
      "flags": {}
    },
    {
      "label": "细胞核",
      "points": [
        [
          154.42857142857142,
          332.2857142857143
        ],
        [
          152.71428571428572,
          341.42857142857144
        ],
        [
          152.71428571428572,
          354.57142857142856
        ],
        [
          164.14285714285714,
          366.0
        ],
        [
          178.42857142857142,
          366.0
        ],
        [
          188.14285714285714,
          359.14285714285717
        ],
        [
          189.28571428571428,
          352.2857142857143
        ],
        [
          185.28571428571428,
          343.14285714285717
        ],
        [
          180.71428571428572,
          333.42857142857144
        ],
        [
          173.28571428571428,
          328.2857142857143
        ],
        [
          164.71428571428572,
          326.0
        ],
        [
          159.57142857142858,
          326.0
        ]
      ],
      "group_id": null,
      "shape_type": "polygon",
      "flags": {}
    },
    {
      "label": "细胞核",
      "points": [
        [
          23.57142857142857,
          467.14285714285717
        ],
        [
          35.0,
          475.14285714285717
        ],
        [
          40.71428571428571,
          488.2857142857143
        ],
        [
          39.57142857142857,
          499.14285714285717
        ],
        [
          34.42857142857143,
          504.85714285714283
        ],
        [
          22.42857142857143,
          503.7142857142857
        ],
        [
          11.57142857142857,
          499.14285714285717
        ],
        [
          3.0,
          489.42857142857144
        ],
        [
          1.2857142857142847,
          478.0
        ],
        [
          5.285714285714285,
          470.57142857142856
        ],
        [
          13.285714285714285,
          467.14285714285717
        ]
      ],
      "group_id": null,
      "shape_type": "polygon",
      "flags": {}
    }
  ],
  "imagePath": "16ae61b0-bbc9-11e8-b2bc-ac1f6b6435d0_dst.png",
  "imageData": null,
  "imageHeight": 512,
  "imageWidth": 512
}