{
  "version": "4.5.6",
  "flags": {},
  "shapes": [
    {
      "label": "细胞膜",
      "points": [
        [
          1.8571428571428577,
          286.0
        ],
        [
          0.7142857142857153,
          371.7142857142857
        ],
        [
          9.857142857142854,
          369.42857142857144
        ],
        [
          12.714285714285715,
          355.14285714285717
        ],
        [
          15.57142857142857,
          347.14285714285717
        ],
        [
          24.142857142857146,
          336.2857142857143
        ],
        [
          35.0,
          324.85714285714283
        ],
        [
          40.14285714285714,
          315.7142857142857
        ],
        [
          41.85714285714286,
          303.7142857142857
        ],
        [
          38.42857142857143,
          290.57142857142856
        ],
        [
          29.857142857142854,
          284.2857142857143
        ],
        [
          29.857142857142854,
          279.7142857142857
        ],
        [
          31.0,
          274.0
        ],
        [
          25.857142857142854,
          269.42857142857144
        ],
        [
          19.57142857142857,
          266.0
        ],
        [
          16.714285714285715,
          267.7142857142857
        ],
        [
          16.142857142857146,
          272.85714285714283
        ],
        [
          13.857142857142854,
          280.2857142857143
        ],
        [
          11.0,
          283.14285714285717
        ]
      ],
      "group_id": null,
      "shape_type": "polygon",
      "flags": {}
    },
    {
      "label": "细胞膜",
      "points": [
        [
          17.285714285714285,
          415.14285714285717
        ],
        [
          29.857142857142854,
          415.14285714285717
        ],
        [
          41.28571428571429,
          417.42857142857144
        ],
        [
          60.14285714285714,
          420.2857142857143
        ],
        [
          65.85714285714286,
          418.57142857142856
        ],
        [
          70.42857142857143,
          410.57142857142856
        ],
        [
          70.42857142857143,
          396.85714285714283
        ],
        [
          70.42857142857143,
          388.85714285714283
        ],
        [
          71.0,
          380.2857142857143
        ],
        [
          75.0,
          379.7142857142857
        ],
        [
          79.57142857142857,
          377.42857142857144
        ],
        [
          87.0,
          370.57142857142856
        ],
        [
          93.28571428571429,
          359.7142857142857
        ],
        [
          95.57142857142857,
          365.42857142857144
        ],
        [
          99.0,
          384.2857142857143
        ],
        [
          102.42857142857142,
          398.57142857142856
        ],
        [
          104.14285714285714,
          406.0
        ],
        [
          106.42857142857142,
          416.2857142857143
        ],
        [
          109.85714285714286,
          427.7142857142857
        ],
        [
          114.42857142857142,
          436.85714285714283
        ],
        [
          116.71428571428572,
          443.14285714285717
        ],
        [
          121.28571428571428,
          450.0
        ],
        [
          129.28571428571428,
          454.0
        ],
        [
          133.28571428571428,
          457.42857142857144
        ],
        [
          133.28571428571428,
          461.42857142857144
        ],
        [
          130.42857142857142,
          473.42857142857144
        ],
        [
          121.85714285714286,
          478.0
        ],
        [
          118.42857142857142,
          479.14285714285717
        ],
        [
          113.85714285714286,
          480.2857142857143
        ],
        [
          108.14285714285714,
          480.2857142857143
        ],
        [
          107.0,
          483.7142857142857
        ],
        [
          106.42857142857142,
          488.2857142857143
        ],
        [
          94.42857142857143,
          484.2857142857143
        ],
        [
          90.42857142857143,
          482.0
        ],
        [
          81.85714285714286,
          481.42857142857144
        ],
        [
          76.14285714285714,
          478.0
        ],
        [
          71.0,
          480.2857142857143
        ],
        [
          68.71428571428571,
          483.14285714285717
        ],
        [
          62.42857142857143,
          486.57142857142856
        ],
        [
          48.14285714285714,
          484.85714285714283
        ],
        [
          41.85714285714286,
          477.42857142857144
        ],
        [
          19.57142857142857,
          473.42857142857144
        ],
        [
          12.142857142857146,
          464.85714285714283
        ],
        [
          3.0,
          455.14285714285717
        ],
        [
          0.7142857142857153,
          438.0
        ],
        [
          4.142857142857146,
          428.2857142857143
        ]
      ],
      "group_id": null,
      "shape_type": "polygon",
      "flags": {}
    },
    {
      "label": "细胞膜",
      "points": [
        [
          40.71428571428571,
          233.42857142857142
        ],
        [
          38.42857142857143,
          243.14285714285714
        ],
        [
          31.57142857142857,
          250.57142857142858
        ],
        [
          25.285714285714285,
          258.57142857142856
        ],
        [
          27.0,
          265.42857142857144
        ],
        [
          33.857142857142854,
          271.7142857142857
        ],
        [
          33.285714285714285,
          282.0
        ],
        [
          41.28571428571429,
          289.42857142857144
        ],
        [
          47.57142857142857,
          300.85714285714283
        ],
        [
          57.28571428571429,
          302.57142857142856
        ],
        [
          75.0,
          296.2857142857143
        ],
        [
          99.0,
          288.85714285714283
        ],
        [
          109.85714285714286,
          284.2857142857143
        ],
        [
          109.85714285714286,
          276.85714285714283
        ],
        [
          98.42857142857143,
          270.57142857142856
        ],
        [
          93.85714285714286,
          259.7142857142857
        ],
        [
          92.14285714285714,
          246.57142857142858
        ],
        [
          86.42857142857143,
          236.85714285714286
        ],
        [
          77.85714285714286,
          224.28571428571428
        ],
        [
          47.0,
          228.85714285714286
        ]
      ],
      "group_id": null,
      "shape_type": "polygon",
      "flags": {}
    },
    {
      "label": "细胞膜",
      "points": [
        [
          146.42857142857142,
          106.0
        ],
        [
          139.57142857142858,
          121.42857142857143
        ],
        [
          143.0,
          136.28571428571428
        ],
        [
          156.71428571428572,
          154.57142857142858
        ],
        [
          171.0,
          167.14285714285714
        ],
        [
          190.42857142857142,
          178.0
        ],
        [
          205.85714285714286,
          178.0
        ],
        [
          216.14285714285714,
          172.85714285714286
        ],
        [
          222.42857142857142,
          156.85714285714286
        ],
        [
          229.28571428571428,
          139.71428571428572
        ],
        [
          230.42857142857144,
          124.85714285714286
        ],
        [
          230.42857142857144,
          112.28571428571429
        ],
        [
          228.14285714285717,
          98.57142857142857
        ],
        [
          225.28571428571428,
          88.28571428571429
        ],
        [
          220.71428571428572,
          84.28571428571429
        ],
        [
          204.71428571428572,
          83.14285714285714
        ],
        [
          191.57142857142858,
          84.28571428571429
        ],
        [
          179.0,
          91.14285714285714
        ],
        [
          159.57142857142858,
          98.0
        ],
        [
          150.42857142857142,
          100.28571428571429
        ]
      ],
      "group_id": null,
      "shape_type": "polygon",
      "flags": {}
    },
    {
      "label": "细胞膜",
      "points": [
        [
          240.14285714285717,
          122.0
        ],
        [
          259.57142857142856,
          131.14285714285714
        ],
        [
          272.7142857142857,
          142.57142857142858
        ],
        [
          281.85714285714283,
          148.28571428571428
        ],
        [
          296.14285714285717,
          148.28571428571428
        ],
        [
          309.85714285714283,
          156.28571428571428
        ],
        [
          327.57142857142856,
          164.85714285714286
        ],
        [
          339.0,
          166.0
        ],
        [
          347.0,
          159.14285714285714
        ],
        [
          363.0,
          155.71428571428572
        ],
        [
          365.2857142857143,
          146.57142857142858
        ],
        [
          372.14285714285717,
          130.57142857142858
        ],
        [
          378.42857142857144,
          119.14285714285714
        ],
        [
          383.57142857142856,
          108.85714285714286
        ],
        [
          384.7142857142857,
          96.85714285714286
        ],
        [
          381.85714285714283,
          80.28571428571429
        ],
        [
          363.0,
          74.0
        ],
        [
          331.0,
          68.28571428571429
        ],
        [
          311.57142857142856,
          66.0
        ],
        [
          281.2857142857143,
          58.0
        ],
        [
          260.14285714285717,
          48.285714285714285
        ],
        [
          244.14285714285717,
          40.857142857142854
        ],
        [
          236.14285714285717,
          31.714285714285715
        ],
        [
          226.42857142857142,
          38.57142857142857
        ],
        [
          217.85714285714286,
          36.285714285714285
        ],
        [
          202.42857142857142,
          32.857142857142854
        ],
        [
          189.28571428571428,
          35.142857142857146
        ],
        [
          168.14285714285714,
          42.57142857142857
        ],
        [
          163.57142857142858,
          46.0
        ],
        [
          159.0,
          57.42857142857143
        ],
        [
          143.57142857142858,
          56.285714285714285
        ],
        [
          128.71428571428572,
          57.42857142857143
        ],
        [
          115.0,
          64.85714285714286
        ],
        [
          102.42857142857142,
          78.57142857142857
        ],
        [
          97.28571428571429,
          87.71428571428571
        ],
        [
          108.14285714285714,
          88.28571428571429
        ],
        [
          131.57142857142858,
          87.14285714285714
        ],
        [
          161.85714285714286,
          84.28571428571429
        ],
        [
          193.85714285714286,
          82.57142857142857
        ],
        [
          207.0,
          80.85714285714286
        ],
        [
          224.71428571428572,
          83.14285714285714
        ],
        [
          232.71428571428572,
          89.42857142857143
        ],
        [
          234.42857142857144,
          104.28571428571429
        ]
      ],
      "group_id": null,
      "shape_type": "polygon",
      "flags": {}
    },
    {
      "label": "细胞膜",
      "points": [
        [
          91.57142857142857,
          227.14285714285714
        ],
        [
          91.57142857142857,
          239.71428571428572
        ],
        [
          98.42857142857143,
          257.42857142857144
        ],
        [
          112.14285714285714,
          264.85714285714283
        ],
        [
          128.14285714285714,
          265.42857142857144
        ],
        [
          149.85714285714286,
          260.85714285714283
        ],
        [
          153.28571428571428,
          247.14285714285714
        ],
        [
          152.14285714285714,
          232.28571428571428
        ],
        [
          148.14285714285714,
          222.0
        ],
        [
          140.71428571428572,
          211.14285714285714
        ],
        [
          131.0,
          203.71428571428572
        ],
        [
          117.85714285714286,
          192.85714285714286
        ],
        [
          111.57142857142858,
          189.42857142857142
        ],
        [
          104.71428571428572,
          195.71428571428572
        ],
        [
          102.42857142857142,
          205.42857142857142
        ],
        [
          97.28571428571429,
          214.0
        ]
      ],
      "group_id": null,
      "shape_type": "polygon",
      "flags": {}
    },
    {
      "label": "细胞膜",
      "points": [
        [
          174.42857142857142,
          244.85714285714286
        ],
        [
          190.42857142857142,
          244.85714285714286
        ],
        [
          203.57142857142858,
          244.85714285714286
        ],
        [
          211.0,
          246.57142857142858
        ],
        [
          222.42857142857142,
          256.2857142857143
        ],
        [
          227.0,
          268.85714285714283
        ],
        [
          220.71428571428572,
          276.85714285714283
        ],
        [
          214.42857142857142,
          282.0
        ],
        [
          202.42857142857142,
          284.85714285714283
        ],
        [
          188.71428571428572,
          280.85714285714283
        ],
        [
          178.42857142857142,
          273.42857142857144
        ],
        [
          172.71428571428572,
          263.7142857142857
        ],
        [
          172.14285714285714,
          253.42857142857142
        ]
      ],
      "group_id": null,
      "shape_type": "polygon",
      "flags": {}
    },
    {
      "label": "细胞膜",
      "points": [
        [
          411.0,
          0.2857142857142856
        ],
        [
          384.14285714285717,
          0.2857142857142856
        ],
        [
          391.0,
          22.0
        ],
        [
          406.42857142857144,
          65.42857142857143
        ],
        [
          427.57142857142856,
          103.71428571428571
        ],
        [
          441.2857142857143,
          111.71428571428571
        ],
        [
          446.42857142857144,
          107.14285714285714
        ],
        [
          445.85714285714283,
          96.28571428571429
        ],
        [
          446.42857142857144,
          74.0
        ],
        [
          449.85714285714283,
          57.42857142857143
        ],
        [
          449.85714285714283,
          38.57142857142857
        ],
        [
          449.85714285714283,
          26.0
        ],
        [
          447.57142857142856,
          18.0
        ],
        [
          432.14285714285717,
          14.571428571428573
        ],
        [
          416.14285714285717,
          9.428571428571429
        ]
      ],
      "group_id": null,
      "shape_type": "polygon",
      "flags": {}
    },
    {
      "label": "细胞膜",
      "points": [
        [
          463.57142857142856,
          4.285714285714286
        ],
        [
          455.0,
          25.428571428571427
        ],
        [
          452.7142857142857,
          41.42857142857143
        ],
        [
          453.85714285714283,
          64.85714285714286
        ],
        [
          453.85714285714283,
          92.85714285714286
        ],
        [
          451.0,
          112.28571428571429
        ],
        [
          451.57142857142856,
          135.14285714285714
        ],
        [
          462.42857142857144,
          152.85714285714286
        ],
        [
          473.2857142857143,
          167.71428571428572
        ],
        [
          479.0,
          183.71428571428572
        ],
        [
          483.0,
          203.71428571428572
        ],
        [
          493.8571428571429,
          219.71428571428572
        ],
        [
          501.28571428571433,
          217.42857142857142
        ],
        [
          502.42857142857144,
          207.71428571428572
        ],
        [
          502.42857142857144,
          179.71428571428572
        ],
        [
          501.28571428571433,
          156.85714285714286
        ],
        [
          508.71428571428567,
          131.71428571428572
        ],
        [
          511,
          117
        ],
        [
          511.0,
          98.0
        ],
        [
          511,
          43
        ],
        [
          498.42857142857144,
          10.571428571428571
        ],
        [
          489.28571428571433,
          2.0
        ],
        [
          466,
          0
        ]
      ],
      "group_id": null,
      "shape_type": "polygon",
      "flags": {}
    },
    {
      "label": "细胞膜",
      "points": [
        [
          429.85714285714283,
          146.0
        ],
        [
          419.0,
          172.85714285714286
        ],
        [
          412.14285714285717,
          202.0
        ],
        [
          412.14285714285717,
          230.57142857142858
        ],
        [
          413.85714285714283,
          258.0
        ],
        [
          421.2857142857143,
          278.57142857142856
        ],
        [
          433.85714285714283,
          280.85714285714283
        ],
        [
          448.14285714285717,
          263.7142857142857
        ],
        [
          464.14285714285717,
          238.0
        ],
        [
          473.2857142857143,
          214.0
        ],
        [
          476.7142857142857,
          189.42857142857142
        ],
        [
          473.85714285714283,
          170.0
        ],
        [
          460.14285714285717,
          156.85714285714286
        ],
        [
          452.7142857142857,
          143.71428571428572
        ],
        [
          441.85714285714283,
          140.85714285714286
        ]
      ],
      "group_id": null,
      "shape_type": "polygon",
      "flags": {}
    },
    {
      "label": "细胞膜",
      "points": [
        [
          468.14285714285717,
          299.14285714285717
        ],
        [
          460.14285714285717,
          334.57142857142856
        ],
        [
          459.57142857142856,
          378.0
        ],
        [
          463.0,
          406.57142857142856
        ],
        [
          466.42857142857144,
          420.85714285714283
        ],
        [
          464.14285714285717,
          432.85714285714283
        ],
        [
          476.14285714285717,
          453.42857142857144
        ],
        [
          487.0,
          451.7142857142857
        ],
        [
          499.0,
          440.85714285714283
        ],
        [
          499.57142857142856,
          430.57142857142856
        ],
        [
          508.1428571428571,
          405.42857142857144
        ],
        [
          511,
          398
        ],
        [
          511,
          278
        ],
        [
          498.42857142857144,
          274.0
        ],
        [
          489.28571428571433,
          277.42857142857144
        ],
        [
          479.0,
          286.57142857142856
        ],
        [
          472.7142857142857,
          292.85714285714283
        ]
      ],
      "group_id": null,
      "shape_type": "polygon",
      "flags": {}
    },
    {
      "label": "细胞膜",
      "points": [
        [
          224.14285714285714,
          291.7142857142857
        ],
        [
          242.42857142857144,
          282.0
        ],
        [
          274.42857142857144,
          268.85714285714283
        ],
        [
          292.7142857142857,
          264.2857142857143
        ],
        [
          338.42857142857144,
          261.42857142857144
        ],
        [
          357.85714285714283,
          261.42857142857144
        ],
        [
          376.7142857142857,
          264.85714285714283
        ],
        [
          383.57142857142856,
          267.14285714285717
        ],
        [
          377.2857142857143,
          272.2857142857143
        ],
        [
          364.7142857142857,
          274.57142857142856
        ],
        [
          347.0,
          281.42857142857144
        ],
        [
          320.14285714285717,
          291.7142857142857
        ],
        [
          300.14285714285717,
          298.57142857142856
        ],
        [
          272.14285714285717,
          303.7142857142857
        ],
        [
          251.57142857142856,
          303.7142857142857
        ],
        [
          231.0,
          300.85714285714283
        ],
        [
          225.28571428571428,
          298.57142857142856
        ]
      ],
      "group_id": null,
      "shape_type": "polygon",
      "flags": {}
    },
    {
      "label": "细胞膜",
      "points": [
        [
          389.2857142857143,
          264.85714285714283
        ],
        [
          398.42857142857144,
          261.42857142857144
        ],
        [
          409.2857142857143,
          266.57142857142856
        ],
        [
          416.14285714285717,
          278.57142857142856
        ],
        [
          418.42857142857144,
          295.14285714285717
        ],
        [
          418.42857142857144,
          315.14285714285717
        ],
        [
          410.42857142857144,
          328.2857142857143
        ],
        [
          410.42857142857144,
          353.42857142857144
        ],
        [
          415.0,
          366.57142857142856
        ],
        [
          411.57142857142856,
          383.7142857142857
        ],
        [
          392.7142857142857,
          391.7142857142857
        ],
        [
          373.2857142857143,
          396.2857142857143
        ],
        [
          360.14285714285717,
          392.85714285714283
        ],
        [
          353.85714285714283,
          380.2857142857143
        ],
        [
          353.85714285714283,
          367.7142857142857
        ],
        [
          354.42857142857144,
          352.2857142857143
        ],
        [
          358.42857142857144,
          338.0
        ],
        [
          356.14285714285717,
          326.57142857142856
        ],
        [
          351.57142857142856,
          317.42857142857144
        ],
        [
          351.57142857142856,
          311.7142857142857
        ],
        [
          356.14285714285717,
          299.7142857142857
        ],
        [
          359.0,
          291.7142857142857
        ],
        [
          367.0,
          294.57142857142856
        ],
        [
          365.85714285714283,
          287.14285714285717
        ],
        [
          364.14285714285717,
          281.42857142857144
        ],
        [
          368.14285714285717,
          276.2857142857143
        ],
        [
          375.0,
          273.42857142857144
        ],
        [
          382.42857142857144,
          270.0
        ]
      ],
      "group_id": null,
      "shape_type": "polygon",
      "flags": {}
    },
    {
      "label": "细胞膜",
      "points": [
        [
          69.28571428571429,
          307.14285714285717
        ],
        [
          79.0,
          311.14285714285717
        ],
        [
          87.57142857142857,
          324.85714285714283
        ],
        [
          101.28571428571428,
          342.0
        ],
        [
          108.71428571428572,
          351.14285714285717
        ],
        [
          115.57142857142858,
          355.14285714285717
        ],
        [
          127.57142857142858,
          353.42857142857144
        ],
        [
          142.42857142857142,
          348.85714285714283
        ],
        [
          162.42857142857142,
          338.57142857142856
        ],
        [
          184.14285714285714,
          332.2857142857143
        ],
        [
          200.14285714285714,
          324.85714285714283
        ],
        [
          195.0,
          318.57142857142856
        ],
        [
          188.14285714285714,
          305.42857142857144
        ],
        [
          183.0,
          298.0
        ],
        [
          171.0,
          291.14285714285717
        ],
        [
          167.57142857142858,
          287.14285714285717
        ],
        [
          148.14285714285714,
          290.57142857142856
        ],
        [
          132.14285714285714,
          291.14285714285717
        ],
        [
          107.57142857142858,
          295.14285714285717
        ],
        [
          92.71428571428571,
          297.42857142857144
        ],
        [
          82.42857142857143,
          298.0
        ],
        [
          72.14285714285714,
          302.0
        ]
      ],
      "group_id": null,
      "shape_type": "polygon",
      "flags": {}
    },
    {
      "label": "细胞膜",
      "points": [
        [
          127.57142857142858,
          386.0
        ],
        [
          136.71428571428572,
          388.2857142857143
        ],
        [
          144.71428571428572,
          392.2857142857143
        ],
        [
          170.42857142857142,
          388.85714285714283
        ],
        [
          189.85714285714286,
          384.2857142857143
        ],
        [
          205.28571428571428,
          376.85714285714283
        ],
        [
          216.14285714285714,
          372.85714285714283
        ],
        [
          227.57142857142856,
          365.42857142857144
        ],
        [
          238.42857142857144,
          363.14285714285717
        ],
        [
          271.57142857142856,
          364.85714285714283
        ],
        [
          281.2857142857143,
          369.42857142857144
        ],
        [
          303.0,
          382.0
        ],
        [
          321.85714285714283,
          387.14285714285717
        ],
        [
          343.0,
          386.0
        ],
        [
          352.7142857142857,
          379.14285714285717
        ],
        [
          351.57142857142856,
          366.0
        ],
        [
          351.57142857142856,
          355.7142857142857
        ],
        [
          352.7142857142857,
          347.14285714285717
        ],
        [
          356.14285714285717,
          339.14285714285717
        ],
        [
          354.42857142857144,
          331.14285714285717
        ],
        [
          350.42857142857144,
          322.57142857142856
        ],
        [
          345.2857142857143,
          318.57142857142856
        ],
        [
          331.0,
          317.42857142857144
        ],
        [
          312.7142857142857,
          315.7142857142857
        ],
        [
          291.0,
          316.85714285714283
        ],
        [
          278.42857142857144,
          322.57142857142856
        ],
        [
          271.57142857142856,
          327.14285714285717
        ],
        [
          245.28571428571428,
          327.14285714285717
        ],
        [
          225.28571428571428,
          326.0
        ],
        [
          217.85714285714286,
          318.57142857142856
        ],
        [
          209.85714285714286,
          319.7142857142857
        ],
        [
          200.71428571428572,
          327.14285714285717
        ],
        [
          181.28571428571428,
          336.2857142857143
        ],
        [
          167.0,
          340.85714285714283
        ],
        [
          146.42857142857142,
          348.85714285714283
        ],
        [
          129.85714285714286,
          353.42857142857144
        ],
        [
          121.28571428571428,
          358.0
        ],
        [
          118.42857142857142,
          368.2857142857143
        ],
        [
          118.42857142857142,
          379.7142857142857
        ]
      ],
      "group_id": null,
      "shape_type": "polygon",
      "flags": {}
    },
    {
      "label": "细胞膜",
      "points": [
        [
          351.0,
          400.2857142857143
        ],
        [
          336.7142857142857,
          414.0
        ],
        [
          317.85714285714283,
          428.2857142857143
        ],
        [
          300.14285714285717,
          440.85714285714283
        ],
        [
          295.57142857142856,
          445.42857142857144
        ],
        [
          307.57142857142856,
          482.0
        ],
        [
          318.42857142857144,
          500.2857142857143
        ],
        [
          325.2857142857143,
          510.0
        ],
        [
          356.7142857142857,
          510.57142857142856
        ],
        [
          347.57142857142856,
          500.2857142857143
        ],
        [
          347.0,
          491.14285714285717
        ],
        [
          356.7142857142857,
          485.42857142857144
        ],
        [
          375.57142857142856,
          476.85714285714283
        ],
        [
          384.7142857142857,
          462.57142857142856
        ],
        [
          389.2857142857143,
          448.85714285714283
        ],
        [
          389.2857142857143,
          438.0
        ],
        [
          388.14285714285717,
          428.2857142857143
        ],
        [
          380.14285714285717,
          420.2857142857143
        ],
        [
          371.0,
          413.42857142857144
        ],
        [
          364.7142857142857,
          406.0
        ],
        [
          357.2857142857143,
          403.14285714285717
        ]
      ],
      "group_id": null,
      "shape_type": "polygon",
      "flags": {}
    },
    {
      "label": "细胞膜",
      "points": [
        [
          53.28571428571429,
          166.57142857142858
        ],
        [
          37.28571428571429,
          184.85714285714286
        ],
        [
          36.14285714285714,
          200.85714285714286
        ],
        [
          40.71428571428571,
          217.42857142857142
        ],
        [
          48.14285714285714,
          223.71428571428572
        ],
        [
          64.71428571428571,
          223.71428571428572
        ],
        [
          91.0,
          218.57142857142858
        ],
        [
          96.14285714285714,
          210.57142857142858
        ],
        [
          103.57142857142858,
          190.57142857142858
        ],
        [
          108.14285714285714,
          176.85714285714286
        ],
        [
          107.57142857142858,
          167.71428571428572
        ],
        [
          101.85714285714286,
          156.28571428571428
        ],
        [
          92.14285714285714,
          151.71428571428572
        ],
        [
          79.57142857142857,
          151.71428571428572
        ],
        [
          63.57142857142857,
          158.57142857142858
        ]
      ],
      "group_id": null,
      "shape_type": "polygon",
      "flags": {}
    },
    {
      "label": "细胞膜",
      "points": [
        [
          65.28571428571429,
          111.14285714285714
        ],
        [
          85.28571428571429,
          99.71428571428571
        ],
        [
          93.85714285714286,
          93.42857142857143
        ],
        [
          106.42857142857142,
          92.28571428571429
        ],
        [
          125.28571428571428,
          92.28571428571429
        ],
        [
          132.71428571428572,
          96.28571428571429
        ],
        [
          142.42857142857142,
          101.42857142857143
        ],
        [
          145.85714285714286,
          100.85714285714286
        ],
        [
          138.42857142857142,
          116.85714285714286
        ],
        [
          139.57142857142858,
          132.28571428571428
        ],
        [
          148.14285714285714,
          152.28571428571428
        ],
        [
          159.0,
          162.57142857142858
        ],
        [
          159.57142857142858,
          168.85714285714286
        ],
        [
          148.71428571428572,
          167.71428571428572
        ],
        [
          135.57142857142858,
          172.28571428571428
        ],
        [
          126.42857142857142,
          174.57142857142858
        ],
        [
          116.71428571428572,
          175.14285714285714
        ],
        [
          112.14285714285714,
          175.14285714285714
        ],
        [
          109.28571428571428,
          162.57142857142858
        ],
        [
          104.14285714285714,
          154.0
        ],
        [
          93.28571428571429,
          149.42857142857142
        ],
        [
          80.71428571428571,
          147.71428571428572
        ],
        [
          71.57142857142857,
          151.14285714285714
        ],
        [
          65.28571428571429,
          150.57142857142858
        ],
        [
          65.28571428571429,
          139.71428571428572
        ],
        [
          65.28571428571429,
          128.28571428571428
        ],
        [
          63.57142857142857,
          120.28571428571429
        ]
      ],
      "group_id": null,
      "shape_type": "polygon",
      "flags": {}
    },
    {
      "label": "细胞核",
      "points": [
        [
          61.28571428571429,
          182.0
        ],
        [
          72.14285714285714,
          177.42857142857142
        ],
        [
          85.85714285714286,
          175.14285714285714
        ],
        [
          97.28571428571429,
          175.14285714285714
        ],
        [
          101.28571428571428,
          179.14285714285714
        ],
        [
          101.28571428571428,
          188.28571428571428
        ],
        [
          97.28571428571429,
          203.71428571428572
        ],
        [
          92.14285714285714,
          210.57142857142858
        ],
        [
          84.14285714285714,
          214.0
        ],
        [
          74.42857142857143,
          217.42857142857142
        ],
        [
          61.28571428571429,
          218.0
        ],
        [
          52.14285714285714,
          212.85714285714286
        ],
        [
          48.71428571428571,
          204.85714285714286
        ],
        [
          48.71428571428571,
          193.42857142857142
        ],
        [
          55.0,
          188.85714285714286
        ]
      ],
      "group_id": null,
      "shape_type": "polygon",
      "flags": {}
    },
    {
      "label": "细胞核",
      "points": [
        [
          120.14285714285714,
          155.71428571428572
        ],
        [
          121.28571428571428,
          162.0
        ],
        [
          131.57142857142858,
          162.0
        ],
        [
          142.42857142857142,
          159.14285714285714
        ],
        [
          145.28571428571428,
          155.14285714285714
        ],
        [
          141.28571428571428,
          145.42857142857142
        ],
        [
          139.57142857142858,
          138.0
        ],
        [
          137.85714285714286,
          134.57142857142858
        ],
        [
          132.14285714285714,
          140.85714285714286
        ],
        [
          125.28571428571428,
          148.28571428571428
        ]
      ],
      "group_id": null,
      "shape_type": "polygon",
      "flags": {}
    },
    {
      "label": "细胞核",
      "points": [
        [
          154.42857142857142,
          108.85714285714286
        ],
        [
          149.28571428571428,
          120.28571428571429
        ],
        [
          149.85714285714286,
          130.0
        ],
        [
          157.28571428571428,
          137.42857142857142
        ],
        [
          165.85714285714286,
          140.28571428571428
        ],
        [
          175.57142857142858,
          140.28571428571428
        ],
        [
          187.57142857142858,
          133.42857142857142
        ],
        [
          195.57142857142858,
          122.57142857142857
        ],
        [
          197.28571428571428,
          112.28571428571429
        ],
        [
          193.85714285714286,
          102.57142857142857
        ],
        [
          187.57142857142858,
          100.28571428571429
        ],
        [
          179.0,
          97.42857142857143
        ],
        [
          170.42857142857142,
          98.0
        ],
        [
          158.42857142857142,
          104.28571428571429
        ]
      ],
      "group_id": null,
      "shape_type": "polygon",
      "flags": {}
    },
    {
      "label": "细胞核",
      "points": [
        [
          245.85714285714283,
          94.57142857142857
        ],
        [
          259.57142857142856,
          89.42857142857143
        ],
        [
          273.2857142857143,
          87.71428571428571
        ],
        [
          284.14285714285717,
          93.42857142857143
        ],
        [
          293.2857142857143,
          106.0
        ],
        [
          297.85714285714283,
          116.85714285714286
        ],
        [
          297.2857142857143,
          128.28571428571428
        ],
        [
          289.85714285714283,
          135.14285714285714
        ],
        [
          280.7142857142857,
          136.85714285714286
        ],
        [
          271.0,
          134.0
        ],
        [
          260.14285714285717,
          128.28571428571428
        ],
        [
          251.57142857142856,
          119.71428571428571
        ],
        [
          246.42857142857144,
          111.71428571428571
        ],
        [
          245.85714285714283,
          102.57142857142857
        ]
      ],
      "group_id": null,
      "shape_type": "polygon",
      "flags": {}
    },
    {
      "label": "细胞核",
      "points": [
        [
          411.57142857142856,
          32.285714285714285
        ],
        [
          420.14285714285717,
          30.0
        ],
        [
          431.57142857142856,
          32.857142857142854
        ],
        [
          439.57142857142856,
          42.57142857142857
        ],
        [
          441.85714285714283,
          52.285714285714285
        ],
        [
          441.2857142857143,
          65.42857142857143
        ],
        [
          431.57142857142856,
          72.28571428571429
        ],
        [
          418.42857142857144,
          70.57142857142857
        ],
        [
          411.57142857142856,
          63.71428571428571
        ],
        [
          405.85714285714283,
          52.285714285714285
        ],
        [
          404.7142857142857,
          42.57142857142857
        ]
      ],
      "group_id": null,
      "shape_type": "polygon",
      "flags": {}
    },
    {
      "label": "细胞核",
      "points": [
        [
          108.71428571428572,
          203.71428571428572
        ],
        [
          104.14285714285714,
          210.57142857142858
        ],
        [
          100.71428571428572,
          214.57142857142858
        ],
        [
          99.0,
          220.28571428571428
        ],
        [
          102.42857142857142,
          231.14285714285714
        ],
        [
          109.85714285714286,
          238.57142857142858
        ],
        [
          121.28571428571428,
          242.0
        ],
        [
          132.14285714285714,
          244.85714285714286
        ],
        [
          141.85714285714286,
          239.14285714285714
        ],
        [
          143.0,
          230.0
        ],
        [
          139.57142857142858,
          220.85714285714286
        ],
        [
          135.0,
          215.14285714285714
        ],
        [
          128.71428571428572,
          210.57142857142858
        ],
        [
          123.57142857142858,
          203.71428571428572
        ],
        [
          118.42857142857142,
          200.28571428571428
        ]
      ],
      "group_id": null,
      "shape_type": "polygon",
      "flags": {}
    },
    {
      "label": "细胞核",
      "points": [
        [
          182.42857142857142,
          249.42857142857142
        ],
        [
          179.0,
          257.42857142857144
        ],
        [
          180.14285714285714,
          264.85714285714283
        ],
        [
          185.28571428571428,
          271.7142857142857
        ],
        [
          190.42857142857142,
          275.14285714285717
        ],
        [
          196.71428571428572,
          279.7142857142857
        ],
        [
          207.57142857142858,
          279.14285714285717
        ],
        [
          211.0,
          272.2857142857143
        ],
        [
          210.42857142857142,
          262.0
        ],
        [
          207.57142857142858,
          252.28571428571428
        ],
        [
          201.28571428571428,
          247.71428571428572
        ],
        [
          192.71428571428572,
          247.71428571428572
        ]
      ],
      "group_id": null,
      "shape_type": "polygon",
      "flags": {}
    },
    {
      "label": "细胞核",
      "points": [
        [
          51.57142857142857,
          254.57142857142856
        ],
        [
          47.57142857142857,
          261.42857142857144
        ],
        [
          44.71428571428571,
          266.57142857142856
        ],
        [
          44.14285714285714,
          272.85714285714283
        ],
        [
          54.42857142857143,
          277.42857142857144
        ],
        [
          66.42857142857143,
          278.0
        ],
        [
          76.71428571428571,
          271.14285714285717
        ],
        [
          87.57142857142857,
          267.14285714285717
        ],
        [
          92.14285714285714,
          262.0
        ],
        [
          90.42857142857143,
          252.85714285714286
        ],
        [
          85.85714285714286,
          244.85714285714286
        ],
        [
          81.85714285714286,
          241.42857142857142
        ],
        [
          73.85714285714286,
          240.28571428571428
        ],
        [
          67.57142857142857,
          240.85714285714286
        ],
        [
          60.71428571428571,
          243.14285714285714
        ],
        [
          56.14285714285714,
          247.14285714285714
        ]
      ],
      "group_id": null,
      "shape_type": "polygon",
      "flags": {}
    },
    {
      "label": "细胞核",
      "points": [
        [
          3.0,
          298.0
        ],
        [
          2.428571428571427,
          326.57142857142856
        ],
        [
          8.714285714285715,
          331.14285714285717
        ],
        [
          16.714285714285715,
          327.7142857142857
        ],
        [
          25.285714285714285,
          319.14285714285717
        ],
        [
          29.857142857142854,
          307.14285714285717
        ],
        [
          32.142857142857146,
          301.42857142857144
        ],
        [
          32.142857142857146,
          294.0
        ],
        [
          24.714285714285715,
          288.2857142857143
        ],
        [
          19.0,
          286.57142857142856
        ],
        [
          12.142857142857146,
          287.14285714285717
        ],
        [
          7.571428571428569,
          292.2857142857143
        ]
      ],
      "group_id": null,
      "shape_type": "polygon",
      "flags": {}
    },
    {
      "label": "细胞核",
      "points": [
        [
          92.71428571428571,
          306.57142857142856
        ],
        [
          95.57142857142857,
          315.7142857142857
        ],
        [
          100.14285714285714,
          326.0
        ],
        [
          107.0,
          335.14285714285717
        ],
        [
          115.57142857142858,
          339.14285714285717
        ],
        [
          129.28571428571428,
          338.57142857142856
        ],
        [
          139.0,
          332.85714285714283
        ],
        [
          141.28571428571428,
          322.57142857142856
        ],
        [
          141.28571428571428,
          314.0
        ],
        [
          135.57142857142858,
          306.0
        ],
        [
          128.71428571428572,
          300.85714285714283
        ],
        [
          118.42857142857142,
          299.7142857142857
        ],
        [
          104.14285714285714,
          299.14285714285717
        ],
        [
          94.42857142857143,
          299.14285714285717
        ]
      ],
      "group_id": null,
      "shape_type": "polygon",
      "flags": {}
    },
    {
      "label": "细胞核",
      "points": [
        [
          27.57142857142857,
          422.57142857142856
        ],
        [
          17.285714285714285,
          430.57142857142856
        ],
        [
          14.42857142857143,
          442.0
        ],
        [
          13.857142857142854,
          450.0
        ],
        [
          17.857142857142854,
          460.2857142857143
        ],
        [
          29.285714285714285,
          468.2857142857143
        ],
        [
          41.85714285714286,
          467.7142857142857
        ],
        [
          55.57142857142857,
          455.14285714285717
        ],
        [
          59.57142857142857,
          440.85714285714283
        ],
        [
          59.57142857142857,
          430.57142857142856
        ],
        [
          53.85714285714286,
          426.57142857142856
        ],
        [
          44.71428571428571,
          426.0
        ]
      ],
      "group_id": null,
      "shape_type": "polygon",
      "flags": {}
    },
    {
      "label": "细胞核",
      "points": [
        [
          81.28571428571429,
          408.2857142857143
        ],
        [
          73.28571428571429,
          423.7142857142857
        ],
        [
          69.85714285714286,
          442.57142857142856
        ],
        [
          73.85714285714286,
          452.85714285714283
        ],
        [
          84.14285714285714,
          460.85714285714283
        ],
        [
          91.0,
          462.0
        ],
        [
          103.57142857142858,
          451.14285714285717
        ],
        [
          107.0,
          439.14285714285717
        ],
        [
          108.14285714285714,
          423.7142857142857
        ],
        [
          103.57142857142858,
          414.0
        ],
        [
          100.14285714285714,
          408.85714285714283
        ],
        [
          91.0,
          406.0
        ]
      ],
      "group_id": null,
      "shape_type": "polygon",
      "flags": {}
    },
    {
      "label": "细胞核",
      "points": [
        [
          244.71428571428572,
          284.85714285714283
        ],
        [
          260.7142857142857,
          278.0
        ],
        [
          270.42857142857144,
          274.57142857142856
        ],
        [
          283.57142857142856,
          279.14285714285717
        ],
        [
          288.14285714285717,
          285.42857142857144
        ],
        [
          288.14285714285717,
          291.7142857142857
        ],
        [
          282.42857142857144,
          298.0
        ],
        [
          272.14285714285717,
          299.14285714285717
        ],
        [
          260.14285714285717,
          299.7142857142857
        ],
        [
          250.42857142857144,
          299.7142857142857
        ],
        [
          244.71428571428572,
          297.42857142857144
        ],
        [
          240.71428571428572,
          291.14285714285717
        ]
      ],
      "group_id": null,
      "shape_type": "polygon",
      "flags": {}
    },
    {
      "label": "细胞核",
      "points": [
        [
          216.14285714285714,
          332.2857142857143
        ],
        [
          212.14285714285714,
          341.42857142857144
        ],
        [
          215.57142857142858,
          351.7142857142857
        ],
        [
          221.28571428571428,
          356.2857142857143
        ],
        [
          231.57142857142856,
          358.57142857142856
        ],
        [
          248.14285714285717,
          360.85714285714283
        ],
        [
          267.0,
          360.85714285714283
        ],
        [
          281.2857142857143,
          360.2857142857143
        ],
        [
          296.14285714285717,
          355.7142857142857
        ],
        [
          303.0,
          348.2857142857143
        ],
        [
          303.0,
          339.7142857142857
        ],
        [
          296.7142857142857,
          332.85714285714283
        ],
        [
          288.14285714285717,
          330.0
        ],
        [
          275.0,
          329.42857142857144
        ],
        [
          258.42857142857144,
          328.85714285714283
        ],
        [
          243.0,
          328.85714285714283
        ],
        [
          230.42857142857144,
          328.85714285714283
        ]
      ],
      "group_id": null,
      "shape_type": "polygon",
      "flags": {}
    },
    {
      "label": "细胞核",
      "points": [
        [
          365.85714285714283,
          328.2857142857143
        ],
        [
          367.0,
          340.2857142857143
        ],
        [
          369.85714285714283,
          347.14285714285717
        ],
        [
          371.0,
          358.0
        ],
        [
          371.57142857142856,
          366.0
        ],
        [
          379.0,
          370.57142857142856
        ],
        [
          388.7142857142857,
          371.14285714285717
        ],
        [
          399.57142857142856,
          367.14285714285717
        ],
        [
          403.0,
          355.14285714285717
        ],
        [
          404.7142857142857,
          347.7142857142857
        ],
        [
          407.0,
          339.7142857142857
        ],
        [
          405.2857142857143,
          329.42857142857144
        ],
        [
          401.85714285714283,
          322.57142857142856
        ],
        [
          388.14285714285717,
          316.2857142857143
        ],
        [
          380.14285714285717,
          316.2857142857143
        ],
        [
          371.0,
          316.85714285714283
        ]
      ],
      "group_id": null,
      "shape_type": "polygon",
      "flags": {}
    },
    {
      "label": "细胞核",
      "points": [
        [
          334.42857142857144,
          440.2857142857143
        ],
        [
          344.14285714285717,
          431.7142857142857
        ],
        [
          351.0,
          427.14285714285717
        ],
        [
          364.7142857142857,
          428.85714285714283
        ],
        [
          373.85714285714283,
          432.85714285714283
        ],
        [
          379.0,
          439.7142857142857
        ],
        [
          383.0,
          446.57142857142856
        ],
        [
          383.57142857142856,
          457.42857142857144
        ],
        [
          375.0,
          465.42857142857144
        ],
        [
          363.57142857142856,
          470.0
        ],
        [
          352.7142857142857,
          470.57142857142856
        ],
        [
          342.42857142857144,
          467.14285714285717
        ],
        [
          333.2857142857143,
          460.2857142857143
        ],
        [
          328.7142857142857,
          448.2857142857143
        ]
      ],
      "group_id": null,
      "shape_type": "polygon",
      "flags": {}
    },
    {
      "label": "细胞核",
      "points": [
        [
          484.1428571428571,
          320.85714285714283
        ],
        [
          474.42857142857144,
          339.14285714285717
        ],
        [
          474.42857142857144,
          355.7142857142857
        ],
        [
          475.57142857142856,
          368.2857142857143
        ],
        [
          484.1428571428571,
          371.7142857142857
        ],
        [
          496.71428571428567,
          373.42857142857144
        ],
        [
          504.71428571428567,
          364.2857142857143
        ],
        [
          507.57142857142856,
          355.14285714285717
        ],
        [
          510.42857142857144,
          333.42857142857144
        ],
        [
          508.1428571428571,
          324.85714285714283
        ],
        [
          504.1428571428571,
          316.2857142857143
        ],
        [
          497.28571428571433,
          315.14285714285717
        ]
      ],
      "group_id": null,
      "shape_type": "polygon",
      "flags": {}
    },
    {
      "label": "细胞核",
      "points": [
        [
          431.0,
          200.28571428571428
        ],
        [
          421.85714285714283,
          208.85714285714286
        ],
        [
          419.0,
          222.57142857142858
        ],
        [
          419.57142857142856,
          236.28571428571428
        ],
        [
          424.14285714285717,
          248.28571428571428
        ],
        [
          436.14285714285717,
          254.0
        ],
        [
          447.0,
          247.14285714285714
        ],
        [
          457.2857142857143,
          231.71428571428572
        ],
        [
          460.7142857142857,
          216.85714285714286
        ],
        [
          460.7142857142857,
          204.85714285714286
        ],
        [
          455.0,
          198.0
        ],
        [
          447.57142857142856,
          195.14285714285714
        ],
        [
          438.42857142857144,
          195.14285714285714
        ]
      ],
      "group_id": null,
      "shape_type": "polygon",
      "flags": {}
    },
    {
      "label": "细胞核",
      "points": [
        [
          467.57142857142856,
          84.28571428571429
        ],
        [
          459.57142857142856,
          95.71428571428571
        ],
        [
          459.0,
          107.71428571428571
        ],
        [
          463.57142857142856,
          123.71428571428571
        ],
        [
          472.14285714285717,
          140.28571428571428
        ],
        [
          480.7142857142857,
          146.0
        ],
        [
          496.71428571428567,
          139.14285714285714
        ],
        [
          501.28571428571433,
          126.0
        ],
        [
          498.42857142857144,
          110.57142857142857
        ],
        [
          496.1428571428571,
          95.71428571428571
        ],
        [
          493.28571428571433,
          87.14285714285714
        ],
        [
          484.71428571428567,
          82.57142857142857
        ],
        [
          475.0,
          80.85714285714286
        ]
      ],
      "group_id": null,
      "shape_type": "polygon",
      "flags": {}
    },
    {
      "label": "细胞核",
      "points": [
        [
          503.57142857142856,
          44.857142857142854
        ],
        [
          491.0,
          48.857142857142854
        ],
        [
          490.42857142857144,
          59.714285714285715
        ],
        [
          495.57142857142856,
          76.85714285714286
        ],
        [
          502.42857142857144,
          86.57142857142857
        ],
        [
          510.42857142857144,
          91.71428571428571
        ],
        [
          510.42857142857144,
          50.0
        ]
      ],
      "group_id": null,
      "shape_type": "polygon",
      "flags": {}
    }
  ],
  "imagePath": "1ed91786-bbba-11e8-b2ba-ac1f6b6435d0_dst.png",
  "imageData": null,
  "imageHeight": 512,
  "imageWidth": 512
}