{
  "version": "4.5.6",
  "flags": {},
  "shapes": [
    {
      "label": "细胞膜",
      "points": [
        [
          12.142857142857146,
          90.0
        ],
        [
          20.714285714285715,
          87.71428571428571
        ],
        [
          31.57142857142857,
          84.28571428571429
        ],
        [
          45.85714285714286,
          80.28571428571429
        ],
        [
          58.42857142857143,
          76.28571428571429
        ],
        [
          68.71428571428571,
          76.28571428571429
        ],
        [
          84.14285714285714,
          82.57142857142857
        ],
        [
          89.85714285714286,
          88.28571428571429
        ],
        [
          83.0,
          98.57142857142857
        ],
        [
          71.0,
          122.0
        ],
        [
          64.71428571428571,
          135.14285714285714
        ],
        [
          56.14285714285714,
          158.0
        ],
        [
          46.42857142857143,
          175.14285714285714
        ],
        [
          36.14285714285714,
          198.0
        ],
        [
          32.714285714285715,
          216.28571428571428
        ],
        [
          20.142857142857146,
          228.85714285714286
        ],
        [
          9.857142857142854,
          238.57142857142858
        ],
        [
          0,
          252
        ],
        [
          16.714285714285715,
          247.14285714285714
        ],
        [
          22.42857142857143,
          246.57142857142858
        ],
        [
          23.0,
          264.2857142857143
        ],
        [
          20.142857142857146,
          279.14285714285717
        ],
        [
          13.285714285714285,
          292.2857142857143
        ],
        [
          4.714285714285715,
          310.57142857142856
        ],
        [
          0,
          313
        ],
        [
          2.428571428571427,
          99.71428571428571
        ],
        [
          4.714285714285715,
          93.42857142857143
        ]
      ],
      "group_id": null,
      "shape_type": "polygon",
      "flags": {}
    },
    {
      "label": "细胞膜",
      "points": [
        [
          33.285714285714285,
          270.0
        ],
        [
          62.42857142857143,
          254.0
        ],
        [
          87.0,
          253.42857142857142
        ],
        [
          107.0,
          253.42857142857142
        ],
        [
          120.14285714285714,
          266.57142857142856
        ],
        [
          124.71428571428572,
          279.14285714285717
        ],
        [
          104.14285714285714,
          287.14285714285717
        ],
        [
          75.0,
          296.2857142857143
        ],
        [
          56.14285714285714,
          298.57142857142856
        ],
        [
          28.714285714285715,
          294.57142857142856
        ],
        [
          22.42857142857143,
          285.42857142857144
        ],
        [
          26.42857142857143,
          274.0
        ]
      ],
      "group_id": null,
      "shape_type": "polygon",
      "flags": {}
    },
    {
      "label": "细胞膜",
      "points": [
        [
          55.0,
          179.14285714285714
        ],
        [
          63.0,
          214.57142857142858
        ],
        [
          71.57142857142857,
          231.71428571428572
        ],
        [
          89.85714285714286,
          243.14285714285714
        ],
        [
          115.57142857142858,
          249.42857142857142
        ],
        [
          127.57142857142858,
          253.42857142857142
        ],
        [
          137.85714285714286,
          248.85714285714286
        ],
        [
          139.57142857142858,
          238.57142857142858
        ],
        [
          141.28571428571428,
          219.71428571428572
        ],
        [
          136.14285714285714,
          206.0
        ],
        [
          126.42857142857142,
          192.28571428571428
        ],
        [
          110.42857142857142,
          179.14285714285714
        ],
        [
          93.85714285714286,
          170.0
        ],
        [
          76.14285714285714,
          168.28571428571428
        ],
        [
          65.28571428571429,
          173.42857142857142
        ]
      ],
      "group_id": null,
      "shape_type": "polygon",
      "flags": {}
    },
    {
      "label": "细胞膜",
      "points": [
        [
          92.71428571428571,
          131.71428571428572
        ],
        [
          96.71428571428571,
          156.85714285714286
        ],
        [
          119.0,
          180.28571428571428
        ],
        [
          133.28571428571428,
          194.0
        ],
        [
          156.71428571428572,
          204.28571428571428
        ],
        [
          175.0,
          212.85714285714286
        ],
        [
          196.14285714285714,
          219.14285714285714
        ],
        [
          211.57142857142858,
          224.85714285714286
        ],
        [
          216.14285714285714,
          219.14285714285714
        ],
        [
          210.42857142857142,
          205.42857142857142
        ],
        [
          201.28571428571428,
          194.57142857142858
        ],
        [
          187.0,
          185.42857142857142
        ],
        [
          171.0,
          169.42857142857142
        ],
        [
          153.28571428571428,
          154.0
        ],
        [
          140.71428571428572,
          142.57142857142858
        ],
        [
          120.14285714285714,
          128.28571428571428
        ],
        [
          109.28571428571428,
          119.71428571428571
        ],
        [
          100.71428571428572,
          119.71428571428571
        ],
        [
          91.57142857142857,
          124.28571428571429
        ]
      ],
      "group_id": null,
      "shape_type": "polygon",
      "flags": {}
    },
    {
      "label": "细胞膜",
      "points": [
        [
          22.42857142857143,
          396.2857142857143
        ],
        [
          66.42857142857143,
          383.14285714285717
        ],
        [
          101.85714285714286,
          361.42857142857144
        ],
        [
          120.14285714285714,
          340.85714285714283
        ],
        [
          128.71428571428572,
          311.7142857142857
        ],
        [
          131.57142857142858,
          301.42857142857144
        ],
        [
          131.0,
          298.57142857142856
        ],
        [
          117.28571428571428,
          302.0
        ],
        [
          104.71428571428572,
          306.0
        ],
        [
          85.28571428571429,
          314.57142857142856
        ],
        [
          68.71428571428571,
          323.7142857142857
        ],
        [
          60.14285714285714,
          338.0
        ],
        [
          40.71428571428571,
          354.0
        ],
        [
          31.0,
          368.85714285714283
        ],
        [
          23.0,
          381.42857142857144
        ],
        [
          19.0,
          391.14285714285717
        ]
      ],
      "group_id": null,
      "shape_type": "polygon",
      "flags": {}
    },
    {
      "label": "细胞膜",
      "points": [
        [
          32.142857142857146,
          442.57142857142856
        ],
        [
          53.28571428571429,
          455.14285714285717
        ],
        [
          83.57142857142857,
          461.42857142857144
        ],
        [
          107.57142857142858,
          446.57142857142856
        ],
        [
          128.14285714285714,
          436.2857142857143
        ],
        [
          140.14285714285714,
          425.42857142857144
        ],
        [
          144.14285714285714,
          411.14285714285717
        ],
        [
          144.14285714285714,
          398.0
        ],
        [
          138.42857142857142,
          386.0
        ],
        [
          127.0,
          379.14285714285717
        ],
        [
          116.71428571428572,
          379.14285714285717
        ],
        [
          91.57142857142857,
          388.85714285714283
        ],
        [
          73.85714285714286,
          400.2857142857143
        ],
        [
          62.42857142857143,
          413.42857142857144
        ],
        [
          48.14285714285714,
          423.14285714285717
        ],
        [
          43.57142857142857,
          430.57142857142856
        ],
        [
          37.28571428571429,
          435.14285714285717
        ]
      ],
      "group_id": null,
      "shape_type": "polygon",
      "flags": {}
    },
    {
      "label": "细胞膜",
      "points": [
        [
          164.14285714285714,
          225.42857142857142
        ],
        [
          159.0,
          262.0
        ],
        [
          155.57142857142858,
          290.0
        ],
        [
          149.28571428571428,
          323.14285714285717
        ],
        [
          147.0,
          356.85714285714283
        ],
        [
          148.14285714285714,
          419.14285714285717
        ],
        [
          146.42857142857142,
          440.2857142857143
        ],
        [
          153.85714285714286,
          454.57142857142856
        ],
        [
          164.71428571428572,
          460.2857142857143
        ],
        [
          164.14285714285714,
          439.14285714285717
        ],
        [
          164.71428571428572,
          423.14285714285717
        ],
        [
          175.0,
          402.0
        ],
        [
          180.14285714285714,
          382.0
        ],
        [
          189.28571428571428,
          367.7142857142857
        ],
        [
          197.28571428571428,
          350.0
        ],
        [
          197.85714285714286,
          328.85714285714283
        ],
        [
          201.28571428571428,
          299.7142857142857
        ],
        [
          206.42857142857142,
          270.57142857142856
        ],
        [
          206.42857142857142,
          252.28571428571428
        ],
        [
          201.85714285714286,
          238.57142857142858
        ],
        [
          195.57142857142858,
          232.28571428571428
        ],
        [
          182.42857142857142,
          227.71428571428572
        ],
        [
          175.57142857142858,
          223.71428571428572
        ]
      ],
      "group_id": null,
      "shape_type": "polygon",
      "flags": {}
    },
    {
      "label": "细胞膜",
      "points": [
        [
          142.42857142857142,
          451.14285714285717
        ],
        [
          140.14285714285714,
          482.0
        ],
        [
          138.42857142857142,
          500.85714285714283
        ],
        [
          137,
          511
        ],
        [
          200,
          511
        ],
        [
          200.71428571428572,
          501.42857142857144
        ],
        [
          196.14285714285714,
          488.85714285714283
        ],
        [
          175.0,
          474.0
        ],
        [
          160.14285714285714,
          463.14285714285717
        ],
        [
          152.14285714285714,
          456.2857142857143
        ]
      ],
      "group_id": null,
      "shape_type": "polygon",
      "flags": {}
    },
    {
      "label": "细胞膜",
      "points": [
        [
          220.71428571428572,
          432.85714285714283
        ],
        [
          208.71428571428572,
          456.2857142857143
        ],
        [
          204.14285714285714,
          480.85714285714283
        ],
        [
          201.85714285714286,
          491.14285714285717
        ],
        [
          202.42857142857142,
          507.14285714285717
        ],
        [
          203,
          511
        ],
        [
          228,
          511
        ],
        [
          233.85714285714283,
          496.85714285714283
        ],
        [
          233.28571428571428,
          479.14285714285717
        ],
        [
          233.28571428571428,
          456.2857142857143
        ],
        [
          227.57142857142856,
          440.2857142857143
        ]
      ],
      "group_id": null,
      "shape_type": "polygon",
      "flags": {}
    },
    {
      "label": "细胞膜",
      "points": [
        [
          208.14285714285714,
          353.42857142857144
        ],
        [
          221.28571428571428,
          364.2857142857143
        ],
        [
          221.28571428571428,
          384.2857142857143
        ],
        [
          215.57142857142858,
          408.2857142857143
        ],
        [
          208.14285714285714,
          419.14285714285717
        ],
        [
          194.42857142857142,
          426.0
        ],
        [
          183.0,
          412.85714285714283
        ],
        [
          177.28571428571428,
          404.85714285714283
        ],
        [
          181.28571428571428,
          381.42857142857144
        ],
        [
          185.28571428571428,
          370.57142857142856
        ],
        [
          192.71428571428572,
          367.14285714285717
        ],
        [
          198.42857142857142,
          360.2857142857143
        ]
      ],
      "group_id": null,
      "shape_type": "polygon",
      "flags": {}
    },
    {
      "label": "细胞膜",
      "points": [
        [
          247.0,
          409.42857142857144
        ],
        [
          237.28571428571428,
          418.57142857142856
        ],
        [
          230.42857142857144,
          427.14285714285717
        ],
        [
          229.28571428571428,
          431.7142857142857
        ],
        [
          236.14285714285717,
          447.7142857142857
        ],
        [
          240.71428571428572,
          454.57142857142856
        ],
        [
          256.14285714285717,
          443.7142857142857
        ],
        [
          267.0,
          429.42857142857144
        ],
        [
          279.57142857142856,
          406.57142857142856
        ],
        [
          289.85714285714283,
          383.14285714285717
        ],
        [
          291.0,
          360.2857142857143
        ],
        [
          291.0,
          339.7142857142857
        ],
        [
          285.2857142857143,
          324.2857142857143
        ],
        [
          283.57142857142856,
          323.7142857142857
        ],
        [
          271.0,
          354.57142857142856
        ],
        [
          267.0,
          378.0
        ],
        [
          261.2857142857143,
          390.57142857142856
        ]
      ],
      "group_id": null,
      "shape_type": "polygon",
      "flags": {}
    },
    {
      "label": "细胞膜",
      "points": [
        [
          205.28571428571428,
          454.57142857142856
        ],
        [
          215.0,
          434.57142857142856
        ],
        [
          229.28571428571428,
          419.7142857142857
        ],
        [
          240.71428571428572,
          412.2857142857143
        ],
        [
          259.0,
          392.2857142857143
        ],
        [
          264.7142857142857,
          376.85714285714283
        ],
        [
          267.57142857142856,
          360.2857142857143
        ],
        [
          272.14285714285717,
          341.42857142857144
        ],
        [
          279.0,
          325.42857142857144
        ],
        [
          282.42857142857144,
          316.2857142857143
        ],
        [
          264.7142857142857,
          318.57142857142856
        ],
        [
          245.28571428571428,
          322.57142857142856
        ],
        [
          231.0,
          322.57142857142856
        ],
        [
          224.14285714285714,
          333.42857142857144
        ],
        [
          221.85714285714286,
          354.57142857142856
        ],
        [
          223.0,
          371.7142857142857
        ],
        [
          223.0,
          392.2857142857143
        ],
        [
          216.14285714285714,
          413.42857142857144
        ],
        [
          207.57142857142858,
          426.0
        ],
        [
          202.42857142857142,
          432.85714285714283
        ],
        [
          200.71428571428572,
          446.0
        ]
      ],
      "group_id": null,
      "shape_type": "polygon",
      "flags": {}
    },
    {
      "label": "细胞膜",
      "points": [
        [
          229.28571428571428,
          509.42857142857144
        ],
        [
          237.28571428571428,
          490.57142857142856
        ],
        [
          245.28571428571428,
          485.42857142857144
        ],
        [
          263.57142857142856,
          482.57142857142856
        ],
        [
          276.7142857142857,
          481.42857142857144
        ],
        [
          287.0,
          490.0
        ],
        [
          288.14285714285717,
          500.2857142857143
        ],
        [
          284.14285714285717,
          510.57142857142856
        ],
        [
          284,
          511
        ],
        [
          229,
          511
        ]
      ],
      "group_id": null,
      "shape_type": "polygon",
      "flags": {}
    },
    {
      "label": "细胞膜",
      "points": [
        [
          300.14285714285717,
          509.42857142857144
        ],
        [
          312.7142857142857,
          500.2857142857143
        ],
        [
          337.85714285714283,
          495.14285714285717
        ],
        [
          351.0,
          493.42857142857144
        ],
        [
          365.85714285714283,
          482.0
        ],
        [
          375.57142857142856,
          461.42857142857144
        ],
        [
          384.7142857142857,
          448.2857142857143
        ],
        [
          376.7142857142857,
          437.42857142857144
        ],
        [
          368.7142857142857,
          432.85714285714283
        ],
        [
          348.14285714285717,
          440.2857142857143
        ],
        [
          329.2857142857143,
          452.85714285714283
        ],
        [
          312.7142857142857,
          464.85714285714283
        ],
        [
          300.7142857142857,
          476.85714285714283
        ],
        [
          294.42857142857144,
          491.14285714285717
        ],
        [
          291.0,
          498.0
        ],
        [
          290.42857142857144,
          506.0
        ],
        [
          287,
          511
        ],
        [
          304,
          511
        ]
      ],
      "group_id": null,
      "shape_type": "polygon",
      "flags": {}
    },
    {
      "label": "细胞膜",
      "points": [
        [
          375.0,
          340.85714285714283
        ],
        [
          360.14285714285717,
          381.42857142857144
        ],
        [
          349.2857142857143,
          419.7142857142857
        ],
        [
          314.42857142857144,
          441.42857142857144
        ],
        [
          295.0,
          447.14285714285717
        ],
        [
          278.42857142857144,
          440.85714285714283
        ],
        [
          283.0,
          425.42857142857144
        ],
        [
          289.85714285714283,
          406.0
        ],
        [
          305.2857142857143,
          383.14285714285717
        ],
        [
          333.85714285714283,
          366.0
        ],
        [
          357.85714285714283,
          353.42857142857144
        ],
        [
          367.0,
          345.42857142857144
        ]
      ],
      "group_id": null,
      "shape_type": "polygon",
      "flags": {}
    },
    {
      "label": "细胞膜",
      "points": [
        [
          206.42857142857142,
          298.57142857142856
        ],
        [
          201.28571428571428,
          313.42857142857144
        ],
        [
          230.42857142857144,
          318.57142857142856
        ],
        [
          284.7142857142857,
          315.7142857142857
        ],
        [
          311.57142857142856,
          304.2857142857143
        ],
        [
          325.85714285714283,
          284.2857142857143
        ],
        [
          352.7142857142857,
          274.0
        ],
        [
          377.85714285714283,
          263.14285714285717
        ],
        [
          405.2857142857143,
          256.2857142857143
        ],
        [
          432.14285714285717,
          248.85714285714286
        ],
        [
          433.2857142857143,
          243.71428571428572
        ],
        [
          405.2857142857143,
          248.28571428571428
        ],
        [
          362.42857142857144,
          256.85714285714283
        ],
        [
          307.57142857142856,
          263.14285714285717
        ],
        [
          257.85714285714283,
          266.57142857142856
        ],
        [
          233.28571428571428,
          276.2857142857143
        ],
        [
          212.71428571428572,
          290.57142857142856
        ]
      ],
      "group_id": null,
      "shape_type": "polygon",
      "flags": {}
    },
    {
      "label": "细胞膜",
      "points": [
        [
          223.57142857142858,
          188.28571428571428
        ],
        [
          229.28571428571428,
          222.57142857142858
        ],
        [
          235.0,
          238.57142857142858
        ],
        [
          256.7142857142857,
          255.14285714285717
        ],
        [
          278.42857142857144,
          261.42857142857144
        ],
        [
          293.85714285714283,
          250.57142857142858
        ],
        [
          296.14285714285717,
          230.57142857142858
        ],
        [
          294.42857142857144,
          209.42857142857142
        ],
        [
          285.2857142857143,
          186.0
        ],
        [
          274.42857142857144,
          166.57142857142858
        ],
        [
          261.2857142857143,
          158.57142857142858
        ],
        [
          256.14285714285717,
          146.0
        ],
        [
          247.0,
          135.71428571428572
        ],
        [
          240.14285714285717,
          135.71428571428572
        ],
        [
          236.14285714285717,
          150.0
        ],
        [
          231.57142857142856,
          160.85714285714286
        ],
        [
          227.57142857142856,
          175.71428571428572
        ],
        [
          224.14285714285714,
          182.57142857142858
        ]
      ],
      "group_id": null,
      "shape_type": "polygon",
      "flags": {}
    },
    {
      "label": "细胞膜",
      "points": [
        [
          135.0,
          100.28571428571429
        ],
        [
          146.42857142857142,
          127.14285714285714
        ],
        [
          149.85714285714286,
          144.85714285714286
        ],
        [
          171.57142857142858,
          169.42857142857142
        ],
        [
          188.71428571428572,
          184.28571428571428
        ],
        [
          221.28571428571428,
          187.71428571428572
        ],
        [
          225.85714285714286,
          177.42857142857142
        ],
        [
          227.57142857142856,
          168.28571428571428
        ],
        [
          231.0,
          158.0
        ],
        [
          234.42857142857144,
          149.42857142857142
        ],
        [
          234.42857142857144,
          141.42857142857142
        ],
        [
          222.42857142857142,
          136.28571428571428
        ],
        [
          206.42857142857142,
          129.42857142857142
        ],
        [
          186.42857142857142,
          123.14285714285714
        ],
        [
          174.42857142857142,
          116.28571428571429
        ],
        [
          163.0,
          108.28571428571429
        ],
        [
          155.0,
          102.0
        ],
        [
          147.0,
          95.71428571428571
        ],
        [
          140.14285714285714,
          91.71428571428571
        ],
        [
          135.0,
          94.0
        ]
      ],
      "group_id": null,
      "shape_type": "polygon",
      "flags": {}
    },
    {
      "label": "细胞膜",
      "points": [
        [
          197.28571428571428,
          55.714285714285715
        ],
        [
          213.28571428571428,
          87.71428571428571
        ],
        [
          240.71428571428572,
          114.0
        ],
        [
          259.57142857142856,
          118.0
        ],
        [
          283.0,
          136.85714285714286
        ],
        [
          304.14285714285717,
          147.14285714285714
        ],
        [
          320.14285714285717,
          151.14285714285714
        ],
        [
          327.0,
          142.0
        ],
        [
          328.7142857142857,
          128.28571428571428
        ],
        [
          320.14285714285717,
          111.71428571428571
        ],
        [
          307.57142857142856,
          101.42857142857143
        ],
        [
          287.57142857142856,
          90.0
        ],
        [
          267.57142857142856,
          75.14285714285714
        ],
        [
          249.85714285714283,
          60.285714285714285
        ],
        [
          237.28571428571428,
          46.57142857142857
        ],
        [
          219.0,
          39.714285714285715
        ],
        [
          212.71428571428572,
          39.714285714285715
        ],
        [
          203.57142857142858,
          45.42857142857143
        ]
      ],
      "group_id": null,
      "shape_type": "polygon",
      "flags": {}
    },
    {
      "label": "细胞膜",
      "points": [
        [
          210.42857142857142,
          4.285714285714286
        ],
        [
          221.28571428571428,
          22.0
        ],
        [
          233.85714285714283,
          40.857142857142854
        ],
        [
          253.28571428571428,
          57.42857142857143
        ],
        [
          280.7142857142857,
          80.85714285714286
        ],
        [
          296.14285714285717,
          91.14285714285714
        ],
        [
          315.57142857142856,
          94.57142857142857
        ],
        [
          324.7142857142857,
          91.71428571428571
        ],
        [
          313.2857142857143,
          75.71428571428571
        ],
        [
          299.0,
          55.142857142857146
        ],
        [
          280.7142857142857,
          44.285714285714285
        ],
        [
          263.0,
          31.142857142857146
        ],
        [
          248.71428571428572,
          16.285714285714285
        ],
        [
          239.0,
          3.7142857142857144
        ],
        [
          230,
          0
        ],
        [
          213,
          0
        ]
      ],
      "group_id": null,
      "shape_type": "polygon",
      "flags": {}
    },
    {
      "label": "细胞膜",
      "points": [
        [
          310.42857142857144,
          0.2857142857142856
        ],
        [
          326.42857142857144,
          22.571428571428573
        ],
        [
          345.2857142857143,
          50.57142857142857
        ],
        [
          348.14285714285717,
          66.0
        ],
        [
          342.42857142857144,
          80.85714285714286
        ],
        [
          333.2857142857143,
          84.85714285714286
        ],
        [
          323.57142857142856,
          78.57142857142857
        ],
        [
          304.14285714285717,
          56.285714285714285
        ],
        [
          292.7142857142857,
          43.714285714285715
        ],
        [
          275.57142857142856,
          34.0
        ],
        [
          265.2857142857143,
          24.285714285714285
        ],
        [
          256.14285714285717,
          14.571428571428573
        ],
        [
          251.57142857142856,
          6.0
        ],
        [
          248,
          0
        ]
      ],
      "group_id": null,
      "shape_type": "polygon",
      "flags": {}
    },
    {
      "label": "细胞膜",
      "points": [
        [
          407.0,
          53.42857142857143
        ],
        [
          387.0,
          62.0
        ],
        [
          366.42857142857144,
          62.57142857142857
        ],
        [
          355.0,
          62.0
        ],
        [
          348.14285714285717,
          51.714285714285715
        ],
        [
          325.85714285714283,
          21.428571428571427
        ],
        [
          328.7142857142857,
          7.7142857142857135
        ],
        [
          338.42857142857144,
          3.7142857142857144
        ],
        [
          347,
          0
        ],
        [
          403.0,
          0.8571428571428572
        ],
        [
          408.7142857142857,
          24.285714285714285
        ],
        [
          412.14285714285717,
          37.42857142857143
        ]
      ],
      "group_id": null,
      "shape_type": "polygon",
      "flags": {}
    },
    {
      "label": "细胞膜",
      "points": [
        [
          332.14285714285717,
          94.0
        ],
        [
          335.0,
          111.14285714285714
        ],
        [
          353.85714285714283,
          126.57142857142858
        ],
        [
          368.14285714285717,
          133.42857142857142
        ],
        [
          381.2857142857143,
          138.57142857142858
        ],
        [
          391.57142857142856,
          142.0
        ],
        [
          399.57142857142856,
          139.14285714285714
        ],
        [
          396.7142857142857,
          124.28571428571429
        ],
        [
          395.57142857142856,
          108.85714285714286
        ],
        [
          403.57142857142856,
          96.28571428571429
        ],
        [
          409.2857142857143,
          88.85714285714286
        ],
        [
          413.2857142857143,
          71.71428571428571
        ],
        [
          409.2857142857143,
          58.57142857142857
        ],
        [
          406.42857142857144,
          54.0
        ],
        [
          383.57142857142856,
          63.14285714285714
        ],
        [
          363.57142857142856,
          64.85714285714286
        ],
        [
          355.0,
          64.28571428571429
        ],
        [
          348.7142857142857,
          71.14285714285714
        ],
        [
          344.14285714285717,
          84.28571428571429
        ],
        [
          337.85714285714283,
          88.85714285714286
        ]
      ],
      "group_id": null,
      "shape_type": "polygon",
      "flags": {}
    },
    {
      "label": "细胞膜",
      "points": [
        [
          510.42857142857144,
          58.57142857142857
        ],
        [
          511,
          70
        ],
        [
          509.8571428571429,
          89.42857142857143
        ],
        [
          495.57142857142856,
          89.42857142857143
        ],
        [
          473.85714285714283,
          83.71428571428571
        ],
        [
          454.42857142857144,
          78.57142857142857
        ],
        [
          432.7142857142857,
          69.42857142857143
        ],
        [
          419.57142857142856,
          60.285714285714285
        ],
        [
          411.0,
          51.142857142857146
        ],
        [
          411.0,
          39.714285714285715
        ],
        [
          415.0,
          37.42857142857143
        ],
        [
          411.57142857142856,
          24.285714285714285
        ],
        [
          409.85714285714283,
          9.428571428571429
        ],
        [
          406.42857142857144,
          2.0
        ],
        [
          415,
          0
        ],
        [
          429.2857142857143,
          0.2857142857142856
        ],
        [
          444.7142857142857,
          8.857142857142858
        ],
        [
          463.0,
          20.285714285714285
        ],
        [
          480.7142857142857,
          35.714285714285715
        ],
        [
          497.8571428571429,
          47.142857142857146
        ]
      ],
      "group_id": null,
      "shape_type": "polygon",
      "flags": {}
    },
    {
      "label": "细胞膜",
      "points": [
        [
          429.85714285714283,
          126.0
        ],
        [
          456.14285714285717,
          128.85714285714286
        ],
        [
          487.57142857142856,
          125.42857142857143
        ],
        [
          502.42857142857144,
          114.57142857142857
        ],
        [
          511,
          110
        ],
        [
          510.42857142857144,
          97.42857142857143
        ],
        [
          498.42857142857144,
          96.28571428571429
        ],
        [
          484.71428571428567,
          96.28571428571429
        ],
        [
          472.7142857142857,
          88.85714285714286
        ],
        [
          448.7142857142857,
          78.57142857142857
        ],
        [
          427.0,
          71.71428571428571
        ],
        [
          417.85714285714283,
          70.57142857142857
        ],
        [
          415.0,
          75.71428571428571
        ],
        [
          413.2857142857143,
          87.71428571428571
        ],
        [
          412.7142857142857,
          98.0
        ],
        [
          419.0,
          114.57142857142857
        ],
        [
          423.57142857142856,
          120.85714285714286
        ]
      ],
      "group_id": null,
      "shape_type": "polygon",
      "flags": {}
    },
    {
      "label": "细胞膜",
      "points": [
        [
          377.85714285714283,
          148.28571428571428
        ],
        [
          399.0,
          141.42857142857142
        ],
        [
          419.0,
          135.14285714285714
        ],
        [
          430.42857142857144,
          134.57142857142858
        ],
        [
          435.57142857142856,
          143.14285714285714
        ],
        [
          436.7142857142857,
          161.42857142857142
        ],
        [
          431.0,
          173.42857142857142
        ],
        [
          420.7142857142857,
          179.71428571428572
        ],
        [
          412.7142857142857,
          184.85714285714286
        ],
        [
          409.85714285714283,
          189.42857142857142
        ],
        [
          397.2857142857143,
          187.71428571428572
        ],
        [
          392.7142857142857,
          181.42857142857142
        ],
        [
          382.42857142857144,
          178.57142857142858
        ],
        [
          373.2857142857143,
          171.71428571428572
        ],
        [
          373.2857142857143,
          159.14285714285714
        ]
      ],
      "group_id": null,
      "shape_type": "polygon",
      "flags": {}
    },
    {
      "label": "细胞膜",
      "points": [
        [
          419.0,
          189.42857142857142
        ],
        [
          435.57142857142856,
          207.71428571428572
        ],
        [
          457.85714285714283,
          216.85714285714286
        ],
        [
          473.2857142857143,
          207.71428571428572
        ],
        [
          483.57142857142856,
          199.14285714285714
        ],
        [
          490.42857142857144,
          195.14285714285714
        ],
        [
          493.28571428571433,
          176.85714285714286
        ],
        [
          497.28571428571433,
          146.0
        ],
        [
          497.8571428571429,
          126.0
        ],
        [
          497.8571428571429,
          121.42857142857143
        ],
        [
          483.57142857142856,
          124.85714285714286
        ],
        [
          467.57142857142856,
          127.71428571428572
        ],
        [
          439.0,
          130.0
        ],
        [
          435.0,
          130.57142857142858
        ],
        [
          435.57142857142856,
          146.57142857142858
        ],
        [
          438.42857142857144,
          160.28571428571428
        ],
        [
          432.7142857142857,
          175.14285714285714
        ],
        [
          422.42857142857144,
          180.28571428571428
        ]
      ],
      "group_id": null,
      "shape_type": "polygon",
      "flags": {}
    },
    {
      "label": "细胞膜",
      "points": [
        [
          272.14285714285717,
          143.71428571428572
        ],
        [
          276.7142857142857,
          166.0
        ],
        [
          291.57142857142856,
          202.57142857142858
        ],
        [
          296.14285714285717,
          228.28571428571428
        ],
        [
          299.57142857142856,
          247.71428571428572
        ],
        [
          304.14285714285717,
          258.57142857142856
        ],
        [
          324.7142857142857,
          312.85714285714283
        ],
        [
          337.85714285714283,
          322.0
        ],
        [
          354.42857142857144,
          328.2857142857143
        ],
        [
          366.42857142857144,
          321.42857142857144
        ],
        [
          366.42857142857144,
          302.57142857142856
        ],
        [
          363.57142857142856,
          284.85714285714283
        ],
        [
          357.2857142857143,
          275.14285714285717
        ],
        [
          345.2857142857143,
          254.0
        ],
        [
          340.7142857142857,
          238.57142857142858
        ],
        [
          335.57142857142856,
          217.42857142857142
        ],
        [
          331.0,
          205.42857142857142
        ],
        [
          324.7142857142857,
          191.14285714285714
        ],
        [
          312.7142857142857,
          178.0
        ],
        [
          305.2857142857143,
          171.71428571428572
        ],
        [
          290.42857142857144,
          163.14285714285714
        ],
        [
          284.7142857142857,
          159.71428571428572
        ],
        [
          282.42857142857144,
          154.0
        ]
      ],
      "group_id": null,
      "shape_type": "polygon",
      "flags": {}
    },
    {
      "label": "细胞膜",
      "points": [
        [
          361.85714285714283,
          179.14285714285714
        ],
        [
          357.2857142857143,
          204.85714285714286
        ],
        [
          352.7142857142857,
          233.42857142857142
        ],
        [
          358.42857142857144,
          250.57142857142858
        ],
        [
          371.0,
          280.2857142857143
        ],
        [
          381.2857142857143,
          292.2857142857143
        ],
        [
          392.14285714285717,
          286.0
        ],
        [
          397.85714285714283,
          265.42857142857144
        ],
        [
          400.7142857142857,
          244.85714285714286
        ],
        [
          397.2857142857143,
          226.0
        ],
        [
          387.57142857142856,
          207.71428571428572
        ],
        [
          375.57142857142856,
          188.85714285714286
        ],
        [
          368.7142857142857,
          182.0
        ]
      ],
      "group_id": null,
      "shape_type": "polygon",
      "flags": {}
    },
    {
      "label": "细胞膜",
      "points": [
        [
          383.0,
          295.7142857142857
        ],
        [
          381.2857142857143,
          320.85714285714283
        ],
        [
          380.14285714285717,
          338.0
        ],
        [
          392.14285714285717,
          346.0
        ],
        [
          409.85714285714283,
          329.42857142857144
        ],
        [
          424.7142857142857,
          312.2857142857143
        ],
        [
          433.2857142857143,
          303.14285714285717
        ],
        [
          433.85714285714283,
          290.57142857142856
        ],
        [
          430.42857142857144,
          271.7142857142857
        ],
        [
          431.0,
          251.14285714285714
        ],
        [
          431.57142857142856,
          231.71428571428572
        ],
        [
          436.7142857142857,
          219.14285714285714
        ],
        [
          437.85714285714283,
          211.71428571428572
        ],
        [
          430.42857142857144,
          219.14285714285714
        ],
        [
          422.42857142857144,
          231.14285714285714
        ],
        [
          419.57142857142856,
          240.28571428571428
        ],
        [
          409.85714285714283,
          258.0
        ],
        [
          401.85714285714283,
          264.2857142857143
        ],
        [
          398.42857142857144,
          270.0
        ],
        [
          393.85714285714283,
          283.14285714285717
        ]
      ],
      "group_id": null,
      "shape_type": "polygon",
      "flags": {}
    },
    {
      "label": "细胞膜",
      "points": [
        [
          472.14285714285717,
          222.57142857142858
        ],
        [
          461.85714285714283,
          230.57142857142858
        ],
        [
          447.0,
          240.28571428571428
        ],
        [
          440.14285714285717,
          253.42857142857142
        ],
        [
          435.57142857142856,
          264.85714285714283
        ],
        [
          435.0,
          273.42857142857144
        ],
        [
          436.14285714285717,
          291.14285714285717
        ],
        [
          436.14285714285717,
          306.0
        ],
        [
          419.57142857142856,
          320.85714285714283
        ],
        [
          415.0,
          331.7142857142857
        ],
        [
          415.0,
          343.14285714285717
        ],
        [
          427.57142857142856,
          349.42857142857144
        ],
        [
          441.2857142857143,
          343.7142857142857
        ],
        [
          464.14285714285717,
          325.42857142857144
        ],
        [
          473.85714285714283,
          306.0
        ],
        [
          482.42857142857144,
          283.14285714285717
        ],
        [
          483.57142857142856,
          265.42857142857144
        ],
        [
          481.85714285714283,
          248.85714285714286
        ],
        [
          479.0,
          233.42857142857142
        ]
      ],
      "group_id": null,
      "shape_type": "polygon",
      "flags": {}
    },
    {
      "label": "细胞膜",
      "points": [
        [
          485.28571428571433,
          224.85714285714286
        ],
        [
          504.1428571428571,
          232.85714285714286
        ],
        [
          511,
          239
        ],
        [
          511,
          288
        ],
        [
          500.71428571428567,
          286.0
        ],
        [
          484.1428571428571,
          279.7142857142857
        ],
        [
          482.42857142857144,
          245.42857142857142
        ],
        [
          480.7142857142857,
          231.71428571428572
        ]
      ],
      "group_id": null,
      "shape_type": "polygon",
      "flags": {}
    },
    {
      "label": "细胞膜",
      "points": [
        [
          371.0,
          426.57142857142856
        ],
        [
          390.42857142857144,
          394.57142857142856
        ],
        [
          425.85714285714283,
          373.42857142857144
        ],
        [
          454.42857142857144,
          359.7142857142857
        ],
        [
          475.57142857142856,
          340.2857142857143
        ],
        [
          501.28571428571433,
          331.7142857142857
        ],
        [
          509.8571428571429,
          328.85714285714283
        ],
        [
          511.0,
          417.42857142857144
        ],
        [
          502.42857142857144,
          417.42857142857144
        ],
        [
          485.28571428571433,
          419.7142857142857
        ],
        [
          468.7142857142857,
          419.7142857142857
        ],
        [
          448.14285714285717,
          422.57142857142856
        ],
        [
          427.57142857142856,
          425.42857142857144
        ],
        [
          407.57142857142856,
          428.85714285714283
        ],
        [
          392.7142857142857,
          435.7142857142857
        ],
        [
          381.2857142857143,
          436.2857142857143
        ]
      ],
      "group_id": null,
      "shape_type": "polygon",
      "flags": {}
    },
    {
      "label": "细胞核",
      "points": [
        [
          1.2857142857142847,
          140.28571428571428
        ],
        [
          1.2857142857142847,
          215.14285714285714
        ],
        [
          13.285714285714285,
          216.28571428571428
        ],
        [
          22.42857142857143,
          208.85714285714286
        ],
        [
          32.714285714285715,
          191.14285714285714
        ],
        [
          37.85714285714286,
          175.14285714285714
        ],
        [
          36.14285714285714,
          159.14285714285714
        ],
        [
          32.714285714285715,
          145.42857142857142
        ],
        [
          25.857142857142854,
          135.71428571428572
        ],
        [
          15.0,
          134.0
        ],
        [
          8.142857142857146,
          136.28571428571428
        ]
      ],
      "group_id": null,
      "shape_type": "polygon",
      "flags": {}
    },
    {
      "label": "细胞核",
      "points": [
        [
          79.0,
          207.14285714285714
        ],
        [
          87.0,
          198.0
        ],
        [
          100.71428571428572,
          197.42857142857142
        ],
        [
          114.42857142857142,
          203.14285714285714
        ],
        [
          120.71428571428572,
          210.0
        ],
        [
          125.28571428571428,
          223.71428571428572
        ],
        [
          120.14285714285714,
          236.85714285714286
        ],
        [
          109.28571428571428,
          239.71428571428572
        ],
        [
          96.71428571428571,
          238.57142857142858
        ],
        [
          85.28571428571429,
          232.28571428571428
        ],
        [
          77.85714285714286,
          222.0
        ]
      ],
      "group_id": null,
      "shape_type": "polygon",
      "flags": {}
    },
    {
      "label": "细胞核",
      "points": [
        [
          54.42857142857143,
          270.57142857142856
        ],
        [
          52.71428571428571,
          277.42857142857144
        ],
        [
          57.28571428571429,
          288.2857142857143
        ],
        [
          69.28571428571429,
          290.57142857142856
        ],
        [
          86.42857142857143,
          288.2857142857143
        ],
        [
          97.28571428571429,
          279.7142857142857
        ],
        [
          97.28571428571429,
          270.0
        ],
        [
          91.0,
          261.42857142857144
        ],
        [
          81.28571428571429,
          259.14285714285717
        ],
        [
          71.57142857142857,
          260.2857142857143
        ],
        [
          63.0,
          264.2857142857143
        ]
      ],
      "group_id": null,
      "shape_type": "polygon",
      "flags": {}
    },
    {
      "label": "细胞核",
      "points": [
        [
          74.42857142857143,
          328.2857142857143
        ],
        [
          70.42857142857143,
          339.14285714285717
        ],
        [
          71.0,
          355.14285714285717
        ],
        [
          80.14285714285714,
          360.2857142857143
        ],
        [
          95.57142857142857,
          355.14285714285717
        ],
        [
          111.0,
          342.57142857142856
        ],
        [
          117.28571428571428,
          331.7142857142857
        ],
        [
          116.71428571428572,
          322.57142857142856
        ],
        [
          110.42857142857142,
          316.85714285714283
        ],
        [
          102.42857142857142,
          314.0
        ],
        [
          93.28571428571429,
          315.7142857142857
        ],
        [
          84.14285714285714,
          320.2857142857143
        ]
      ],
      "group_id": null,
      "shape_type": "polygon",
      "flags": {}
    },
    {
      "label": "细胞核",
      "points": [
        [
          69.85714285714286,
          418.0
        ],
        [
          85.28571428571429,
          415.14285714285717
        ],
        [
          97.28571428571429,
          419.14285714285717
        ],
        [
          98.42857142857143,
          433.42857142857144
        ],
        [
          91.57142857142857,
          444.85714285714283
        ],
        [
          77.28571428571429,
          449.42857142857144
        ],
        [
          60.71428571428571,
          449.42857142857144
        ],
        [
          47.57142857142857,
          443.14285714285717
        ],
        [
          48.71428571428571,
          431.7142857142857
        ],
        [
          52.14285714285714,
          422.57142857142856
        ],
        [
          59.57142857142857,
          419.14285714285717
        ]
      ],
      "group_id": null,
      "shape_type": "polygon",
      "flags": {}
    },
    {
      "label": "细胞核",
      "points": [
        [
          87.57142857142857,
          400.2857142857143
        ],
        [
          88.71428571428571,
          411.14285714285717
        ],
        [
          102.42857142857142,
          418.0
        ],
        [
          116.71428571428572,
          415.14285714285717
        ],
        [
          131.57142857142858,
          410.0
        ],
        [
          137.28571428571428,
          402.57142857142856
        ],
        [
          135.57142857142858,
          392.2857142857143
        ],
        [
          131.57142857142858,
          384.2857142857143
        ],
        [
          121.85714285714286,
          383.14285714285717
        ],
        [
          112.71428571428572,
          383.14285714285717
        ],
        [
          100.14285714285714,
          389.42857142857144
        ],
        [
          87.57142857142857,
          394.57142857142856
        ]
      ],
      "group_id": null,
      "shape_type": "polygon",
      "flags": {}
    },
    {
      "label": "细胞核",
      "points": [
        [
          160.71428571428572,
          318.57142857142856
        ],
        [
          155.57142857142858,
          336.2857142857143
        ],
        [
          152.14285714285714,
          349.42857142857144
        ],
        [
          154.42857142857142,
          369.42857142857144
        ],
        [
          160.14285714285714,
          381.42857142857144
        ],
        [
          169.85714285714286,
          386.0
        ],
        [
          178.42857142857142,
          379.7142857142857
        ],
        [
          185.85714285714286,
          363.7142857142857
        ],
        [
          190.42857142857142,
          351.7142857142857
        ],
        [
          193.85714285714286,
          337.42857142857144
        ],
        [
          195.57142857142858,
          323.14285714285717
        ],
        [
          192.71428571428572,
          315.7142857142857
        ],
        [
          186.42857142857142,
          311.7142857142857
        ],
        [
          178.42857142857142,
          311.7142857142857
        ],
        [
          168.14285714285714,
          311.7142857142857
        ]
      ],
      "group_id": null,
      "shape_type": "polygon",
      "flags": {}
    },
    {
      "label": "细胞核",
      "points": [
        [
          124.14285714285714,
          156.85714285714286
        ],
        [
          122.42857142857142,
          166.0
        ],
        [
          122.42857142857142,
          175.14285714285714
        ],
        [
          141.85714285714286,
          188.85714285714286
        ],
        [
          159.0,
          197.42857142857142
        ],
        [
          173.85714285714286,
          196.85714285714286
        ],
        [
          176.14285714285714,
          187.71428571428572
        ],
        [
          175.57142857142858,
          179.14285714285714
        ],
        [
          170.42857142857142,
          171.14285714285714
        ],
        [
          163.57142857142858,
          164.85714285714286
        ],
        [
          156.71428571428572,
          159.71428571428572
        ],
        [
          145.28571428571428,
          155.71428571428572
        ],
        [
          139.57142857142858,
          152.85714285714286
        ],
        [
          130.42857142857142,
          151.71428571428572
        ]
      ],
      "group_id": null,
      "shape_type": "polygon",
      "flags": {}
    },
    {
      "label": "细胞核",
      "points": [
        [
          177.85714285714286,
          149.42857142857142
        ],
        [
          175.0,
          161.42857142857142
        ],
        [
          177.85714285714286,
          170.57142857142858
        ],
        [
          190.42857142857142,
          178.57142857142858
        ],
        [
          203.0,
          180.28571428571428
        ],
        [
          213.28571428571428,
          179.14285714285714
        ],
        [
          222.42857142857142,
          175.14285714285714
        ],
        [
          225.28571428571428,
          166.0
        ],
        [
          225.28571428571428,
          157.42857142857142
        ],
        [
          222.42857142857142,
          151.14285714285714
        ],
        [
          213.28571428571428,
          148.28571428571428
        ],
        [
          201.85714285714286,
          146.0
        ],
        [
          193.85714285714286,
          144.28571428571428
        ],
        [
          187.57142857142858,
          143.71428571428572
        ],
        [
          179.57142857142858,
          143.71428571428572
        ]
      ],
      "group_id": null,
      "shape_type": "polygon",
      "flags": {}
    },
    {
      "label": "细胞核",
      "points": [
        [
          237.28571428571428,
          210.57142857142858
        ],
        [
          236.14285714285717,
          222.0
        ],
        [
          245.28571428571428,
          234.57142857142858
        ],
        [
          259.57142857142856,
          240.28571428571428
        ],
        [
          267.0,
          247.71428571428572
        ],
        [
          277.85714285714283,
          250.57142857142858
        ],
        [
          292.14285714285717,
          242.0
        ],
        [
          292.7142857142857,
          230.0
        ],
        [
          287.0,
          214.0
        ],
        [
          277.85714285714283,
          207.14285714285714
        ],
        [
          268.7142857142857,
          200.28571428571428
        ],
        [
          250.42857142857144,
          200.28571428571428
        ],
        [
          241.28571428571428,
          201.42857142857142
        ]
      ],
      "group_id": null,
      "shape_type": "polygon",
      "flags": {}
    },
    {
      "label": "细胞核",
      "points": [
        [
          265.2857142857143,
          276.85714285714283
        ],
        [
          256.14285714285717,
          283.7142857142857
        ],
        [
          254.42857142857144,
          295.7142857142857
        ],
        [
          262.42857142857144,
          303.7142857142857
        ],
        [
          276.14285714285717,
          305.42857142857144
        ],
        [
          297.2857142857143,
          302.57142857142856
        ],
        [
          309.2857142857143,
          297.42857142857144
        ],
        [
          315.0,
          291.14285714285717
        ],
        [
          315.0,
          283.7142857142857
        ],
        [
          314.42857142857144,
          276.85714285714283
        ],
        [
          303.0,
          269.42857142857144
        ],
        [
          288.7142857142857,
          268.2857142857143
        ],
        [
          276.7142857142857,
          270.57142857142856
        ]
      ],
      "group_id": null,
      "shape_type": "polygon",
      "flags": {}
    },
    {
      "label": "细胞核",
      "points": [
        [
          304.14285714285717,
          217.42857142857142
        ],
        [
          298.42857142857144,
          227.71428571428572
        ],
        [
          298.42857142857144,
          239.14285714285714
        ],
        [
          302.42857142857144,
          251.71428571428572
        ],
        [
          311.57142857142856,
          260.2857142857143
        ],
        [
          324.14285714285717,
          262.57142857142856
        ],
        [
          338.42857142857144,
          259.7142857142857
        ],
        [
          341.85714285714283,
          253.42857142857142
        ],
        [
          340.7142857142857,
          240.85714285714286
        ],
        [
          336.7142857142857,
          225.42857142857142
        ],
        [
          332.7142857142857,
          218.57142857142858
        ],
        [
          322.42857142857144,
          214.57142857142858
        ]
      ],
      "group_id": null,
      "shape_type": "polygon",
      "flags": {}
    },
    {
      "label": "细胞核",
      "points": [
        [
          363.57142857142856,
          209.42857142857142
        ],
        [
          358.42857142857144,
          227.14285714285714
        ],
        [
          361.85714285714283,
          240.85714285714286
        ],
        [
          371.57142857142856,
          250.0
        ],
        [
          383.0,
          251.14285714285714
        ],
        [
          391.57142857142856,
          248.28571428571428
        ],
        [
          393.85714285714283,
          239.71428571428572
        ],
        [
          391.57142857142856,
          226.57142857142858
        ],
        [
          386.42857142857144,
          214.0
        ],
        [
          379.0,
          209.42857142857142
        ],
        [
          371.0,
          208.85714285714286
        ]
      ],
      "group_id": null,
      "shape_type": "polygon",
      "flags": {}
    },
    {
      "label": "细胞核",
      "points": [
        [
          408.7142857142857,
          279.14285714285717
        ],
        [
          400.14285714285717,
          287.14285714285717
        ],
        [
          393.85714285714283,
          298.57142857142856
        ],
        [
          396.14285714285717,
          313.42857142857144
        ],
        [
          404.7142857142857,
          320.85714285714283
        ],
        [
          414.42857142857144,
          318.57142857142856
        ],
        [
          424.14285714285717,
          307.14285714285717
        ],
        [
          430.42857142857144,
          299.7142857142857
        ],
        [
          428.7142857142857,
          283.14285714285717
        ],
        [
          424.7142857142857,
          275.7142857142857
        ],
        [
          414.42857142857144,
          274.57142857142856
        ]
      ],
      "group_id": null,
      "shape_type": "polygon",
      "flags": {}
    },
    {
      "label": "细胞核",
      "points": [
        [
          450.42857142857144,
          253.42857142857142
        ],
        [
          456.14285714285717,
          251.14285714285714
        ],
        [
          463.57142857142856,
          252.28571428571428
        ],
        [
          465.85714285714283,
          262.57142857142856
        ],
        [
          464.7142857142857,
          270.0
        ],
        [
          464.7142857142857,
          278.57142857142856
        ],
        [
          461.2857142857143,
          290.57142857142856
        ],
        [
          454.42857142857144,
          298.57142857142856
        ],
        [
          444.14285714285717,
          300.85714285714283
        ],
        [
          440.14285714285717,
          292.2857142857143
        ],
        [
          437.2857142857143,
          278.57142857142856
        ],
        [
          437.2857142857143,
          267.7142857142857
        ],
        [
          439.57142857142856,
          259.14285714285717
        ],
        [
          444.7142857142857,
          254.57142857142856
        ]
      ],
      "group_id": null,
      "shape_type": "polygon",
      "flags": {}
    },
    {
      "label": "细胞核",
      "points": [
        [
          487.57142857142856,
          267.14285714285717
        ],
        [
          496.1428571428571,
          272.85714285714283
        ],
        [
          501.28571428571433,
          272.85714285714283
        ],
        [
          504.1428571428571,
          272.2857142857143
        ],
        [
          507.57142857142856,
          267.14285714285717
        ],
        [
          506.42857142857144,
          258.0
        ],
        [
          502.42857142857144,
          244.28571428571428
        ],
        [
          495.57142857142856,
          236.85714285714286
        ],
        [
          487.0,
          234.0
        ],
        [
          484.1428571428571,
          235.14285714285714
        ],
        [
          484.1428571428571,
          249.42857142857142
        ],
        [
          486.42857142857144,
          261.42857142857144
        ]
      ],
      "group_id": null,
      "shape_type": "polygon",
      "flags": {}
    },
    {
      "label": "细胞核",
      "points": [
        [
          457.85714285714283,
          365.42857142857144
        ],
        [
          456.14285714285717,
          383.7142857142857
        ],
        [
          455.0,
          407.7142857142857
        ],
        [
          465.85714285714283,
          416.85714285714283
        ],
        [
          487.0,
          418.0
        ],
        [
          503.0,
          409.42857142857144
        ],
        [
          509.8571428571429,
          392.2857142857143
        ],
        [
          509.8571428571429,
          374.0
        ],
        [
          505.8571428571429,
          357.42857142857144
        ],
        [
          495.0,
          350.0
        ],
        [
          481.85714285714283,
          347.7142857142857
        ],
        [
          471.0,
          352.2857142857143
        ]
      ],
      "group_id": null,
      "shape_type": "polygon",
      "flags": {}
    },
    {
      "label": "细胞核",
      "points": [
        [
          157.28571428571428,
          477.42857142857144
        ],
        [
          151.0,
          485.42857142857144
        ],
        [
          150.42857142857142,
          496.85714285714283
        ],
        [
          157.85714285714286,
          506.0
        ],
        [
          163,
          511
        ],
        [
          195.0,
          510.0
        ],
        [
          194.42857142857142,
          497.42857142857144
        ],
        [
          191.57142857142858,
          487.14285714285717
        ],
        [
          180.14285714285714,
          480.2857142857143
        ],
        [
          171.0,
          471.14285714285717
        ]
      ],
      "group_id": null,
      "shape_type": "polygon",
      "flags": {}
    },
    {
      "label": "细胞核",
      "points": [
        [
          209.85714285714286,
          476.85714285714283
        ],
        [
          224.14285714285714,
          474.0
        ],
        [
          230.42857142857144,
          483.14285714285717
        ],
        [
          230.42857142857144,
          499.7142857142857
        ],
        [
          225.28571428571428,
          509.42857142857144
        ],
        [
          207.0,
          510.0
        ],
        [
          204.14285714285714,
          500.85714285714283
        ],
        [
          203.57142857142858,
          486.57142857142856
        ]
      ],
      "group_id": null,
      "shape_type": "polygon",
      "flags": {}
    },
    {
      "label": "细胞核",
      "points": [
        [
          237.28571428571428,
          507.7142857142857
        ],
        [
          243.57142857142856,
          498.57142857142856
        ],
        [
          252.14285714285717,
          492.85714285714283
        ],
        [
          262.42857142857144,
          491.7142857142857
        ],
        [
          275.0,
          499.14285714285717
        ],
        [
          277.85714285714283,
          507.7142857142857
        ],
        [
          275,
          511
        ]
      ],
      "group_id": null,
      "shape_type": "polygon",
      "flags": {}
    },
    {
      "label": "细胞核",
      "points": [
        [
          335.0,
          463.7142857142857
        ],
        [
          328.7142857142857,
          477.42857142857144
        ],
        [
          335.0,
          486.0
        ],
        [
          345.2857142857143,
          488.85714285714283
        ],
        [
          358.42857142857144,
          484.2857142857143
        ],
        [
          365.85714285714283,
          475.14285714285717
        ],
        [
          374.42857142857144,
          462.57142857142856
        ],
        [
          374.42857142857144,
          454.57142857142856
        ],
        [
          369.85714285714283,
          447.14285714285717
        ],
        [
          363.57142857142856,
          444.2857142857143
        ],
        [
          352.14285714285717,
          447.14285714285717
        ],
        [
          340.7142857142857,
          453.42857142857144
        ],
        [
          335.0,
          458.0
        ]
      ],
      "group_id": null,
      "shape_type": "polygon",
      "flags": {}
    },
    {
      "label": "细胞核",
      "points": [
        [
          195.57142857142858,
          376.85714285714283
        ],
        [
          202.42857142857142,
          378.0
        ],
        [
          211.57142857142858,
          382.57142857142856
        ],
        [
          215.57142857142858,
          388.2857142857143
        ],
        [
          215.0,
          399.14285714285717
        ],
        [
          209.28571428571428,
          410.0
        ],
        [
          204.14285714285714,
          414.57142857142856
        ],
        [
          197.28571428571428,
          415.7142857142857
        ],
        [
          191.57142857142858,
          413.42857142857144
        ],
        [
          183.57142857142858,
          404.2857142857143
        ],
        [
          180.14285714285714,
          398.57142857142856
        ],
        [
          180.14285714285714,
          388.2857142857143
        ],
        [
          184.14285714285714,
          380.85714285714283
        ],
        [
          189.85714285714286,
          378.0
        ]
      ],
      "group_id": null,
      "shape_type": "polygon",
      "flags": {}
    },
    {
      "label": "细胞核",
      "points": [
        [
          236.71428571428572,
          372.2857142857143
        ],
        [
          232.71428571428572,
          378.57142857142856
        ],
        [
          231.0,
          391.14285714285717
        ],
        [
          231.0,
          400.2857142857143
        ],
        [
          237.28571428571428,
          410.0
        ],
        [
          246.42857142857144,
          406.57142857142856
        ],
        [
          256.14285714285717,
          394.0
        ],
        [
          258.42857142857144,
          387.14285714285717
        ],
        [
          260.14285714285717,
          374.57142857142856
        ],
        [
          257.2857142857143,
          366.0
        ],
        [
          252.14285714285717,
          363.14285714285717
        ],
        [
          245.28571428571428,
          366.0
        ]
      ],
      "group_id": null,
      "shape_type": "polygon",
      "flags": {}
    },
    {
      "label": "细胞核",
      "points": [
        [
          266.42857142857144,
          384.2857142857143
        ],
        [
          272.14285714285717,
          383.14285714285717
        ],
        [
          280.14285714285717,
          388.85714285714283
        ],
        [
          283.0,
          390.57142857142856
        ],
        [
          276.7142857142857,
          404.85714285714283
        ],
        [
          272.14285714285717,
          416.85714285714283
        ],
        [
          264.7142857142857,
          428.2857142857143
        ],
        [
          259.0,
          434.0
        ],
        [
          249.85714285714283,
          434.57142857142856
        ],
        [
          241.28571428571428,
          427.14285714285717
        ],
        [
          238.42857142857144,
          419.14285714285717
        ],
        [
          243.0,
          412.2857142857143
        ],
        [
          253.85714285714283,
          403.7142857142857
        ],
        [
          261.85714285714283,
          393.42857142857144
        ]
      ],
      "group_id": null,
      "shape_type": "polygon",
      "flags": {}
    },
    {
      "label": "细胞核",
      "points": [
        [
          307.0,
          399.14285714285717
        ],
        [
          296.14285714285717,
          411.14285714285717
        ],
        [
          294.42857142857144,
          425.42857142857144
        ],
        [
          297.2857142857143,
          434.57142857142856
        ],
        [
          308.7142857142857,
          436.2857142857143
        ],
        [
          328.14285714285717,
          426.57142857142856
        ],
        [
          339.0,
          420.2857142857143
        ],
        [
          340.7142857142857,
          406.57142857142856
        ],
        [
          336.14285714285717,
          395.7142857142857
        ],
        [
          326.42857142857144,
          392.85714285714283
        ],
        [
          317.85714285714283,
          391.14285714285717
        ]
      ],
      "group_id": null,
      "shape_type": "polygon",
      "flags": {}
    },
    {
      "label": "细胞核",
      "points": [
        [
          265.85714285714283,
          98.0
        ],
        [
          273.85714285714283,
          92.85714285714286
        ],
        [
          288.7142857142857,
          92.85714285714286
        ],
        [
          303.0,
          99.71428571428571
        ],
        [
          309.2857142857143,
          111.71428571428571
        ],
        [
          306.42857142857144,
          127.71428571428572
        ],
        [
          296.14285714285717,
          134.57142857142858
        ],
        [
          287.57142857142856,
          134.57142857142858
        ],
        [
          274.42857142857144,
          126.0
        ],
        [
          261.85714285714283,
          116.85714285714286
        ],
        [
          258.42857142857144,
          107.71428571428571
        ]
      ],
      "group_id": null,
      "shape_type": "polygon",
      "flags": {}
    },
    {
      "label": "细胞核",
      "points": [
        [
          257.2857142857143,
          35.142857142857146
        ],
        [
          265.2857142857143,
          35.714285714285715
        ],
        [
          279.57142857142856,
          45.42857142857143
        ],
        [
          284.7142857142857,
          53.42857142857143
        ],
        [
          286.42857142857144,
          60.857142857142854
        ],
        [
          286.42857142857144,
          72.85714285714286
        ],
        [
          278.42857142857144,
          72.85714285714286
        ],
        [
          269.85714285714283,
          67.14285714285714
        ],
        [
          256.14285714285717,
          59.142857142857146
        ],
        [
          248.71428571428572,
          50.57142857142857
        ],
        [
          248.71428571428572,
          42.57142857142857
        ],
        [
          251.57142857142856,
          37.42857142857143
        ]
      ],
      "group_id": null,
      "shape_type": "polygon",
      "flags": {}
    },
    {
      "label": "细胞核",
      "points": [
        [
          287.57142857142856,
          3.1428571428571432
        ],
        [
          303.57142857142856,
          3.7142857142857144
        ],
        [
          313.85714285714283,
          19.142857142857142
        ],
        [
          319.57142857142856,
          35.714285714285715
        ],
        [
          318.42857142857144,
          46.57142857142857
        ],
        [
          311.0,
          48.857142857142854
        ],
        [
          299.57142857142856,
          47.714285714285715
        ],
        [
          294.42857142857144,
          40.285714285714285
        ],
        [
          284.14285714285717,
          38.57142857142857
        ],
        [
          276.7142857142857,
          32.285714285714285
        ],
        [
          276.14285714285717,
          20.857142857142858
        ],
        [
          282.42857142857144,
          12.285714285714286
        ]
      ],
      "group_id": null,
      "shape_type": "polygon",
      "flags": {}
    },
    {
      "label": "细胞核",
      "points": [
        [
          342.42857142857144,
          21.428571428571427
        ],
        [
          343.57142857142856,
          36.285714285714285
        ],
        [
          360.7142857142857,
          46.0
        ],
        [
          377.85714285714283,
          48.857142857142854
        ],
        [
          389.85714285714283,
          44.285714285714285
        ],
        [
          397.2857142857143,
          32.857142857142854
        ],
        [
          397.2857142857143,
          22.571428571428573
        ],
        [
          389.85714285714283,
          16.285714285714285
        ],
        [
          375.57142857142856,
          11.714285714285714
        ],
        [
          364.7142857142857,
          11.142857142857142
        ],
        [
          350.42857142857144,
          12.857142857142858
        ]
      ],
      "group_id": null,
      "shape_type": "polygon",
      "flags": {}
    },
    {
      "label": "细胞核",
      "points": [
        [
          426.42857142857144,
          20.857142857142858
        ],
        [
          424.14285714285717,
          36.857142857142854
        ],
        [
          432.14285714285717,
          56.285714285714285
        ],
        [
          442.42857142857144,
          60.285714285714285
        ],
        [
          456.14285714285717,
          59.714285714285715
        ],
        [
          464.14285714285717,
          52.285714285714285
        ],
        [
          464.14285714285717,
          39.142857142857146
        ],
        [
          459.0,
          24.857142857142858
        ],
        [
          449.85714285714283,
          16.857142857142858
        ],
        [
          439.0,
          14.0
        ]
      ],
      "group_id": null,
      "shape_type": "polygon",
      "flags": {}
    },
    {
      "label": "细胞核",
      "points": [
        [
          421.85714285714283,
          82.0
        ],
        [
          426.42857142857144,
          102.57142857142857
        ],
        [
          442.42857142857144,
          116.85714285714286
        ],
        [
          461.2857142857143,
          121.42857142857143
        ],
        [
          472.14285714285717,
          110.0
        ],
        [
          465.2857142857143,
          94.57142857142857
        ],
        [
          450.42857142857144,
          85.42857142857143
        ],
        [
          440.7142857142857,
          79.14285714285714
        ],
        [
          428.7142857142857,
          80.85714285714286
        ]
      ],
      "group_id": null,
      "shape_type": "polygon",
      "flags": {}
    },
    {
      "label": "细胞核",
      "points": [
        [
          452.14285714285717,
          153.42857142857142
        ],
        [
          445.85714285714283,
          168.28571428571428
        ],
        [
          447.57142857142856,
          187.71428571428572
        ],
        [
          455.0,
          195.71428571428572
        ],
        [
          468.14285714285717,
          197.42857142857142
        ],
        [
          475.0,
          185.42857142857142
        ],
        [
          477.85714285714283,
          170.57142857142858
        ],
        [
          476.14285714285717,
          156.85714285714286
        ],
        [
          464.7142857142857,
          151.14285714285714
        ]
      ],
      "group_id": null,
      "shape_type": "polygon",
      "flags": {}
    },
    {
      "label": "细胞核",
      "points": [
        [
          400.7142857142857,
          151.71428571428572
        ],
        [
          409.2857142857143,
          146.0
        ],
        [
          418.42857142857144,
          144.28571428571428
        ],
        [
          430.42857142857144,
          152.85714285714286
        ],
        [
          430.42857142857144,
          161.42857142857142
        ],
        [
          420.7142857142857,
          167.14285714285714
        ],
        [
          418.42857142857144,
          171.71428571428572
        ],
        [
          409.85714285714283,
          175.71428571428572
        ],
        [
          401.85714285714283,
          171.14285714285714
        ],
        [
          392.7142857142857,
          171.14285714285714
        ],
        [
          384.14285714285717,
          166.57142857142858
        ],
        [
          384.14285714285717,
          156.28571428571428
        ],
        [
          388.14285714285717,
          152.28571428571428
        ],
        [
          393.2857142857143,
          151.14285714285714
        ]
      ],
      "group_id": null,
      "shape_type": "polygon",
      "flags": {}
    },
    {
      "label": "细胞核",
      "points": [
        [
          361.2857142857143,
          80.28571428571429
        ],
        [
          348.14285714285717,
          88.28571428571429
        ],
        [
          349.2857142857143,
          103.71428571428571
        ],
        [
          359.0,
          116.85714285714286
        ],
        [
          379.0,
          120.85714285714286
        ],
        [
          389.85714285714283,
          117.42857142857143
        ],
        [
          392.7142857142857,
          107.14285714285714
        ],
        [
          396.14285714285717,
          97.42857142857143
        ],
        [
          392.7142857142857,
          87.14285714285714
        ],
        [
          386.42857142857144,
          82.0
        ],
        [
          375.0,
          78.57142857142857
        ],
        [
          367.57142857142856,
          78.0
        ]
      ],
      "group_id": null,
      "shape_type": "polygon",
      "flags": {}
    }
  ],
  "imagePath": "1ee6dd3a-bbab-11e8-b2ba-ac1f6b6435d0_dst.png",
  "imageData": null,
  "imageHeight": 512,
  "imageWidth": 512
}