{
  "version": "4.5.6",
  "flags": {},
  "shapes": [
    {
      "label": "细胞膜",
      "points": [
        [
          56.14285714285714,
          1.4285714285714284
        ],
        [
          63.57142857142857,
          18.0
        ],
        [
          63.57142857142857,
          41.42857142857143
        ],
        [
          56.71428571428571,
          60.285714285714285
        ],
        [
          48.14285714285714,
          73.42857142857143
        ],
        [
          34.42857142857143,
          80.28571428571429
        ],
        [
          21.285714285714285,
          75.71428571428571
        ],
        [
          6.428571428571431,
          69.42857142857143
        ],
        [
          0,
          65
        ],
        [
          1.2857142857142847,
          0.2857142857142856
        ],
        [
          28,
          0
        ]
      ],
      "group_id": null,
      "shape_type": "polygon",
      "flags": {}
    },
    {
      "label": "细胞膜",
      "points": [
        [
          88.14285714285714,
          4.285714285714286
        ],
        [
          88.14285714285714,
          29.428571428571427
        ],
        [
          93.28571428571429,
          56.857142857142854
        ],
        [
          101.28571428571428,
          80.28571428571429
        ],
        [
          112.71428571428572,
          90.57142857142857
        ],
        [
          135.0,
          97.42857142857143
        ],
        [
          156.14285714285714,
          96.85714285714286
        ],
        [
          179.57142857142858,
          87.71428571428571
        ],
        [
          201.28571428571428,
          79.14285714285714
        ],
        [
          206.42857142857142,
          60.285714285714285
        ],
        [
          208.14285714285714,
          44.857142857142854
        ],
        [
          198.42857142857142,
          27.142857142857142
        ],
        [
          188.14285714285714,
          12.857142857142858
        ],
        [
          175.0,
          4.857142857142857
        ],
        [
          169,
          0
        ],
        [
          109,
          0
        ]
      ],
      "group_id": null,
      "shape_type": "polygon",
      "flags": {}
    },
    {
      "label": "细胞膜",
      "points": [
        [
          28.142857142857146,
          207.14285714285714
        ],
        [
          14.42857142857143,
          230.57142857142858
        ],
        [
          3.0,
          260.85714285714283
        ],
        [
          4.142857142857146,
          284.2857142857143
        ],
        [
          8.142857142857146,
          310.57142857142856
        ],
        [
          23.0,
          327.14285714285717
        ],
        [
          40.14285714285714,
          336.2857142857143
        ],
        [
          49.28571428571429,
          339.7142857142857
        ],
        [
          69.28571428571429,
          336.85714285714283
        ],
        [
          84.14285714285714,
          325.42857142857144
        ],
        [
          84.14285714285714,
          315.7142857142857
        ],
        [
          67.0,
          304.85714285714283
        ],
        [
          64.14285714285714,
          291.14285714285717
        ],
        [
          79.0,
          264.85714285714283
        ],
        [
          89.85714285714286,
          243.71428571428572
        ],
        [
          93.28571428571429,
          216.28571428571428
        ],
        [
          93.28571428571429,
          204.85714285714286
        ],
        [
          82.42857142857143,
          196.85714285714286
        ],
        [
          69.28571428571429,
          191.71428571428572
        ],
        [
          47.0,
          194.0
        ],
        [
          33.285714285714285,
          199.71428571428572
        ]
      ],
      "group_id": null,
      "shape_type": "polygon",
      "flags": {}
    },
    {
      "label": "细胞膜",
      "points": [
        [
          3.5714285714285694,
          145.42857142857142
        ],
        [
          33.857142857142854,
          162.0
        ],
        [
          47.0,
          173.42857142857142
        ],
        [
          59.57142857142857,
          187.14285714285714
        ],
        [
          77.85714285714286,
          194.57142857142858
        ],
        [
          95.57142857142857,
          203.71428571428572
        ],
        [
          95.0,
          226.0
        ],
        [
          94.42857142857143,
          239.71428571428572
        ],
        [
          113.28571428571428,
          247.14285714285714
        ],
        [
          156.71428571428572,
          255.71428571428572
        ],
        [
          185.85714285714286,
          261.42857142857144
        ],
        [
          202.42857142857142,
          248.85714285714286
        ],
        [
          220.14285714285714,
          210.57142857142858
        ],
        [
          244.71428571428572,
          170.57142857142858
        ],
        [
          265.85714285714283,
          135.71428571428572
        ],
        [
          284.7142857142857,
          100.28571428571429
        ],
        [
          288.14285714285717,
          86.57142857142857
        ],
        [
          280.7142857142857,
          66.0
        ],
        [
          267.0,
          51.142857142857146
        ],
        [
          247.57142857142856,
          43.142857142857146
        ],
        [
          229.28571428571428,
          39.714285714285715
        ],
        [
          213.28571428571428,
          46.0
        ],
        [
          209.28571428571428,
          68.85714285714286
        ],
        [
          202.42857142857142,
          79.71428571428571
        ],
        [
          145.85714285714286,
          98.57142857142857
        ],
        [
          133.85714285714286,
          99.14285714285714
        ],
        [
          85.85714285714286,
          101.42857142857143
        ],
        [
          60.14285714285714,
          104.28571428571429
        ],
        [
          37.85714285714286,
          114.0
        ],
        [
          27.57142857142857,
          121.42857142857143
        ],
        [
          18.42857142857143,
          126.57142857142858
        ],
        [
          6.428571428571431,
          126.0
        ],
        [
          0.14285714285714235,
          125.42857142857143
        ],
        [
          0.14285714285714235,
          150.0
        ]
      ],
      "group_id": null,
      "shape_type": "polygon",
      "flags": {}
    },
    {
      "label": "细胞膜",
      "points": [
        [
          45.85714285714286,
          356.85714285714283
        ],
        [
          40.14285714285714,
          369.42857142857144
        ],
        [
          31.57142857142857,
          386.0
        ],
        [
          11.0,
          400.85714285714283
        ],
        [
          3.5714285714285694,
          408.2857142857143
        ],
        [
          0,
          424
        ],
        [
          4.142857142857146,
          444.85714285714283
        ],
        [
          0,
          451
        ],
        [
          0,
          491
        ],
        [
          0,
          504
        ],
        [
          3,
          511
        ],
        [
          26,
          511
        ],
        [
          68,
          511
        ],
        [
          92,
          511
        ],
        [
          108.71428571428572,
          490.57142857142856
        ],
        [
          131.57142857142858,
          457.42857142857144
        ],
        [
          146.42857142857142,
          424.85714285714283
        ],
        [
          152.14285714285714,
          395.7142857142857
        ],
        [
          142.42857142857142,
          367.14285714285717
        ],
        [
          122.42857142857142,
          347.14285714285717
        ],
        [
          103.57142857142858,
          337.42857142857144
        ],
        [
          89.28571428571429,
          335.7142857142857
        ],
        [
          69.85714285714286,
          337.42857142857144
        ],
        [
          55.57142857142857,
          344.85714285714283
        ]
      ],
      "group_id": null,
      "shape_type": "polygon",
      "flags": {}
    },
    {
      "label": "细胞膜",
      "points": [
        [
          193.85714285714286,
          344.85714285714283
        ],
        [
          179.0,
          362.57142857142856
        ],
        [
          183.57142857142858,
          399.14285714285717
        ],
        [
          184.14285714285714,
          430.57142857142856
        ],
        [
          187.57142857142858,
          451.7142857142857
        ],
        [
          190.42857142857142,
          467.7142857142857
        ],
        [
          198.42857142857142,
          476.85714285714283
        ],
        [
          184.14285714285714,
          484.85714285714283
        ],
        [
          170.42857142857142,
          499.14285714285717
        ],
        [
          160,
          511
        ],
        [
          223,
          511
        ],
        [
          229.85714285714283,
          509.42857142857144
        ],
        [
          232.14285714285717,
          495.7142857142857
        ],
        [
          229.85714285714283,
          482.0
        ],
        [
          227.0,
          468.85714285714283
        ],
        [
          219.57142857142858,
          460.2857142857143
        ],
        [
          223.0,
          458.0
        ],
        [
          229.28571428571428,
          456.85714285714283
        ],
        [
          240.14285714285717,
          440.2857142857143
        ],
        [
          249.28571428571428,
          412.85714285714283
        ],
        [
          255.57142857142856,
          375.7142857142857
        ],
        [
          255.57142857142856,
          352.85714285714283
        ],
        [
          248.71428571428572,
          330.0
        ],
        [
          240.14285714285717,
          320.85714285714283
        ],
        [
          226.42857142857142,
          319.7142857142857
        ],
        [
          212.14285714285714,
          320.2857142857143
        ],
        [
          200.14285714285714,
          330.0
        ]
      ],
      "group_id": null,
      "shape_type": "polygon",
      "flags": {}
    },
    {
      "label": "细胞膜",
      "points": [
        [
          274.42857142857144,
          167.71428571428572
        ],
        [
          260.7142857142857,
          177.42857142857142
        ],
        [
          249.28571428571428,
          186.57142857142858
        ],
        [
          244.14285714285717,
          202.0
        ],
        [
          255.57142857142856,
          218.57142857142858
        ],
        [
          269.85714285714283,
          223.14285714285714
        ],
        [
          293.85714285714283,
          219.71428571428572
        ],
        [
          319.57142857142856,
          213.42857142857142
        ],
        [
          326.42857142857144,
          199.14285714285714
        ],
        [
          328.14285714285717,
          182.57142857142858
        ],
        [
          320.7142857142857,
          167.14285714285714
        ],
        [
          309.85714285714283,
          162.0
        ],
        [
          295.57142857142856,
          158.57142857142858
        ],
        [
          279.0,
          162.57142857142858
        ]
      ],
      "group_id": null,
      "shape_type": "polygon",
      "flags": {}
    },
    {
      "label": "细胞膜",
      "points": [
        [
          312.14285714285717,
          140.85714285714286
        ],
        [
          327.57142857142856,
          154.0
        ],
        [
          343.0,
          163.71428571428572
        ],
        [
          359.0,
          167.14285714285714
        ],
        [
          374.42857142857144,
          166.0
        ],
        [
          384.14285714285717,
          153.42857142857142
        ],
        [
          393.2857142857143,
          138.0
        ],
        [
          396.7142857142857,
          119.71428571428571
        ],
        [
          385.2857142857143,
          107.71428571428571
        ],
        [
          373.85714285714283,
          99.14285714285714
        ],
        [
          353.2857142857143,
          92.85714285714286
        ],
        [
          342.42857142857144,
          87.71428571428571
        ],
        [
          324.14285714285717,
          91.71428571428571
        ],
        [
          313.85714285714283,
          106.57142857142857
        ],
        [
          308.14285714285717,
          117.42857142857143
        ],
        [
          307.0,
          131.14285714285714
        ]
      ],
      "group_id": null,
      "shape_type": "polygon",
      "flags": {}
    },
    {
      "label": "细胞膜",
      "points": [
        [
          435.0,
          129.42857142857142
        ],
        [
          422.42857142857144,
          137.42857142857142
        ],
        [
          416.7142857142857,
          163.14285714285714
        ],
        [
          407.0,
          186.0
        ],
        [
          395.57142857142856,
          196.85714285714286
        ],
        [
          397.2857142857143,
          218.0
        ],
        [
          400.14285714285717,
          239.14285714285714
        ],
        [
          405.85714285714283,
          259.7142857142857
        ],
        [
          413.2857142857143,
          271.7142857142857
        ],
        [
          424.7142857142857,
          251.14285714285714
        ],
        [
          454.42857142857144,
          222.57142857142858
        ],
        [
          478.42857142857144,
          202.57142857142858
        ],
        [
          498.42857142857144,
          180.28571428571428
        ],
        [
          511,
          160
        ],
        [
          511,
          131
        ],
        [
          508.1428571428571,
          115.14285714285714
        ],
        [
          497.28571428571433,
          98.57142857142857
        ],
        [
          489.28571428571433,
          94.57142857142857
        ],
        [
          474.42857142857144,
          96.85714285714286
        ],
        [
          457.85714285714283,
          99.14285714285714
        ],
        [
          441.85714285714283,
          114.0
        ],
        [
          435.57142857142856,
          119.71428571428571
        ]
      ],
      "group_id": null,
      "shape_type": "polygon",
      "flags": {}
    },
    {
      "label": "细胞膜",
      "points": [
        [
          264.7142857142857,
          247.14285714285714
        ],
        [
          252.71428571428572,
          270.57142857142856
        ],
        [
          254.42857142857144,
          291.7142857142857
        ],
        [
          268.7142857142857,
          312.85714285714283
        ],
        [
          286.42857142857144,
          324.2857142857143
        ],
        [
          304.14285714285717,
          329.42857142857144
        ],
        [
          340.14285714285717,
          324.85714285714283
        ],
        [
          356.14285714285717,
          311.7142857142857
        ],
        [
          367.0,
          290.0
        ],
        [
          372.7142857142857,
          275.7142857142857
        ],
        [
          368.7142857142857,
          251.71428571428572
        ],
        [
          358.42857142857144,
          231.71428571428572
        ],
        [
          344.7142857142857,
          225.42857142857142
        ],
        [
          312.7142857142857,
          222.57142857142858
        ],
        [
          292.7142857142857,
          226.57142857142858
        ],
        [
          279.0,
          235.14285714285714
        ]
      ],
      "group_id": null,
      "shape_type": "polygon",
      "flags": {}
    },
    {
      "label": "细胞膜",
      "points": [
        [
          439.57142857142856,
          251.14285714285714
        ],
        [
          424.7142857142857,
          263.7142857142857
        ],
        [
          409.2857142857143,
          279.14285714285717
        ],
        [
          404.14285714285717,
          290.57142857142856
        ],
        [
          397.85714285714283,
          327.14285714285717
        ],
        [
          411.57142857142856,
          354.0
        ],
        [
          422.42857142857144,
          374.0
        ],
        [
          436.14285714285717,
          388.2857142857143
        ],
        [
          451.57142857142856,
          394.0
        ],
        [
          463.57142857142856,
          384.2857142857143
        ],
        [
          472.14285714285717,
          362.0
        ],
        [
          480.14285714285717,
          338.57142857142856
        ],
        [
          484.1428571428571,
          320.2857142857143
        ],
        [
          476.7142857142857,
          302.57142857142856
        ],
        [
          473.2857142857143,
          273.42857142857144
        ],
        [
          464.14285714285717,
          259.7142857142857
        ],
        [
          455.0,
          249.42857142857142
        ],
        [
          445.2857142857143,
          247.71428571428572
        ]
      ],
      "group_id": null,
      "shape_type": "polygon",
      "flags": {}
    },
    {
      "label": "细胞膜",
      "points": [
        [
          391.57142857142856,
          411.7142857142857
        ],
        [
          379.57142857142856,
          439.14285714285717
        ],
        [
          371.0,
          460.2857142857143
        ],
        [
          381.85714285714283,
          478.57142857142856
        ],
        [
          396.7142857142857,
          488.85714285714283
        ],
        [
          425.85714285714283,
          491.7142857142857
        ],
        [
          448.7142857142857,
          480.2857142857143
        ],
        [
          468.14285714285717,
          459.14285714285717
        ],
        [
          477.2857142857143,
          438.57142857142856
        ],
        [
          476.14285714285717,
          431.7142857142857
        ],
        [
          464.14285714285717,
          430.0
        ],
        [
          444.14285714285717,
          421.42857142857144
        ],
        [
          427.57142857142856,
          403.7142857142857
        ],
        [
          414.42857142857144,
          400.2857142857143
        ],
        [
          400.7142857142857,
          402.57142857142856
        ]
      ],
      "group_id": null,
      "shape_type": "polygon",
      "flags": {}
    },
    {
      "label": "细胞膜",
      "points": [
        [
          289.2857142857143,
          345.42857142857144
        ],
        [
          279.57142857142856,
          370.57142857142856
        ],
        [
          277.2857142857143,
          400.2857142857143
        ],
        [
          283.0,
          425.42857142857144
        ],
        [
          303.0,
          444.85714285714283
        ],
        [
          337.85714285714283,
          450.0
        ],
        [
          361.85714285714283,
          438.57142857142856
        ],
        [
          375.57142857142856,
          412.2857142857143
        ],
        [
          384.14285714285717,
          387.7142857142857
        ],
        [
          379.0,
          360.2857142857143
        ],
        [
          371.57142857142856,
          346.57142857142856
        ],
        [
          363.0,
          342.57142857142856
        ],
        [
          346.42857142857144,
          344.2857142857143
        ],
        [
          318.42857142857144,
          346.0
        ],
        [
          303.0,
          343.14285714285717
        ]
      ],
      "group_id": null,
      "shape_type": "polygon",
      "flags": {}
    },
    {
      "label": "细胞膜",
      "points": [
        [
          287.0,
          469.42857142857144
        ],
        [
          284.7142857142857,
          487.14285714285717
        ],
        [
          281.2857142857143,
          502.0
        ],
        [
          281,
          511
        ],
        [
          377,
          511
        ],
        [
          360.14285714285717,
          495.7142857142857
        ],
        [
          338.42857142857144,
          479.7142857142857
        ],
        [
          323.57142857142856,
          472.2857142857143
        ],
        [
          316.7142857142857,
          470.57142857142856
        ],
        [
          305.2857142857143,
          467.14285714285717
        ],
        [
          299.0,
          462.57142857142856
        ],
        [
          289.2857142857143,
          463.7142857142857
        ]
      ],
      "group_id": null,
      "shape_type": "polygon",
      "flags": {}
    },
    {
      "label": "细胞核",
      "points": [
        [
          3.5714285714285694,
          6.0
        ],
        [
          8.714285714285715,
          16.857142857142858
        ],
        [
          23.0,
          27.714285714285715
        ],
        [
          36.14285714285714,
          28.857142857142858
        ],
        [
          47.57142857142857,
          20.285714285714285
        ],
        [
          48.14285714285714,
          6.0
        ],
        [
          40.71428571428571,
          0.8571428571428572
        ],
        [
          10.42857142857143,
          0.8571428571428572
        ]
      ],
      "group_id": null,
      "shape_type": "polygon",
      "flags": {}
    },
    {
      "label": "细胞核",
      "points": [
        [
          150.42857142857142,
          26.0
        ],
        [
          143.0,
          42.57142857142857
        ],
        [
          145.28571428571428,
          60.857142857142854
        ],
        [
          159.0,
          67.71428571428571
        ],
        [
          176.14285714285714,
          63.14285714285714
        ],
        [
          179.0,
          52.285714285714285
        ],
        [
          176.71428571428572,
          46.0
        ],
        [
          176.71428571428572,
          42.0
        ],
        [
          184.14285714285714,
          35.714285714285715
        ],
        [
          180.71428571428572,
          23.714285714285715
        ],
        [
          177.28571428571428,
          18.0
        ],
        [
          165.85714285714286,
          18.0
        ]
      ],
      "group_id": null,
      "shape_type": "polygon",
      "flags": {}
    },
    {
      "label": "细胞核",
      "points": [
        [
          173.85714285714286,
          100.28571428571429
        ],
        [
          180.14285714285714,
          123.14285714285714
        ],
        [
          177.28571428571428,
          138.57142857142858
        ],
        [
          184.71428571428572,
          158.0
        ],
        [
          201.28571428571428,
          166.0
        ],
        [
          221.28571428571428,
          157.42857142857142
        ],
        [
          229.28571428571428,
          144.28571428571428
        ],
        [
          236.14285714285717,
          134.0
        ],
        [
          232.14285714285717,
          117.42857142857143
        ],
        [
          224.14285714285714,
          104.28571428571429
        ],
        [
          213.28571428571428,
          94.0
        ],
        [
          200.71428571428572,
          88.28571428571429
        ],
        [
          189.28571428571428,
          92.28571428571429
        ],
        [
          183.0,
          95.71428571428571
        ]
      ],
      "group_id": null,
      "shape_type": "polygon",
      "flags": {}
    },
    {
      "label": "细胞核",
      "points": [
        [
          51.0,
          238.0
        ],
        [
          43.0,
          243.71428571428572
        ],
        [
          39.0,
          256.2857142857143
        ],
        [
          43.0,
          270.0
        ],
        [
          50.42857142857143,
          277.42857142857144
        ],
        [
          61.85714285714286,
          278.57142857142856
        ],
        [
          70.42857142857143,
          272.85714285714283
        ],
        [
          77.28571428571429,
          261.42857142857144
        ],
        [
          77.85714285714286,
          250.0
        ],
        [
          75.0,
          242.0
        ],
        [
          68.14285714285714,
          235.14285714285714
        ],
        [
          61.28571428571429,
          233.42857142857142
        ]
      ],
      "group_id": null,
      "shape_type": "polygon",
      "flags": {}
    },
    {
      "label": "细胞核",
      "points": [
        [
          56.14285714285714,
          386.0
        ],
        [
          41.85714285714286,
          394.57142857142856
        ],
        [
          33.857142857142854,
          402.0
        ],
        [
          36.14285714285714,
          420.85714285714283
        ],
        [
          45.28571428571429,
          437.42857142857144
        ],
        [
          59.57142857142857,
          444.2857142857143
        ],
        [
          76.71428571428571,
          446.0
        ],
        [
          91.57142857142857,
          440.85714285714283
        ],
        [
          106.42857142857142,
          434.0
        ],
        [
          115.0,
          418.57142857142856
        ],
        [
          112.71428571428572,
          400.2857142857143
        ],
        [
          101.85714285714286,
          388.2857142857143
        ],
        [
          86.42857142857143,
          380.85714285714283
        ],
        [
          73.85714285714286,
          378.57142857142856
        ],
        [
          63.57142857142857,
          379.7142857142857
        ]
      ],
      "group_id": null,
      "shape_type": "polygon",
      "flags": {}
    },
    {
      "label": "细胞核",
      "points": [
        [
          199.57142857142858,
          390.0
        ],
        [
          200.14285714285714,
          408.85714285714283
        ],
        [
          207.0,
          420.85714285714283
        ],
        [
          216.71428571428572,
          423.14285714285717
        ],
        [
          225.28571428571428,
          422.57142857142856
        ],
        [
          233.85714285714283,
          416.2857142857143
        ],
        [
          235.0,
          400.85714285714283
        ],
        [
          233.28571428571428,
          388.2857142857143
        ],
        [
          221.85714285714286,
          382.0
        ],
        [
          212.14285714285714,
          380.2857142857143
        ],
        [
          201.85714285714286,
          384.2857142857143
        ]
      ],
      "group_id": null,
      "shape_type": "polygon",
      "flags": {}
    },
    {
      "label": "细胞核",
      "points": [
        [
          299.57142857142856,
          271.14285714285717
        ],
        [
          288.14285714285717,
          279.14285714285717
        ],
        [
          284.7142857142857,
          291.14285714285717
        ],
        [
          291.0,
          308.2857142857143
        ],
        [
          311.57142857142856,
          309.42857142857144
        ],
        [
          326.42857142857144,
          302.0
        ],
        [
          328.7142857142857,
          287.14285714285717
        ],
        [
          325.2857142857143,
          276.85714285714283
        ],
        [
          315.0,
          270.0
        ]
      ],
      "group_id": null,
      "shape_type": "polygon",
      "flags": {}
    },
    {
      "label": "细胞核",
      "points": [
        [
          270.42857142857144,
          178.0
        ],
        [
          271.0,
          187.14285714285714
        ],
        [
          276.7142857142857,
          196.85714285714286
        ],
        [
          286.42857142857144,
          198.0
        ],
        [
          296.7142857142857,
          193.42857142857142
        ],
        [
          296.7142857142857,
          182.57142857142858
        ],
        [
          290.42857142857144,
          172.28571428571428
        ],
        [
          284.14285714285717,
          167.71428571428572
        ],
        [
          274.42857142857144,
          170.57142857142858
        ]
      ],
      "group_id": null,
      "shape_type": "polygon",
      "flags": {}
    },
    {
      "label": "细胞核",
      "points": [
        [
          335.0,
          112.85714285714286
        ],
        [
          330.42857142857144,
          125.42857142857143
        ],
        [
          333.2857142857143,
          139.71428571428572
        ],
        [
          345.2857142857143,
          144.85714285714286
        ],
        [
          357.2857142857143,
          140.85714285714286
        ],
        [
          362.42857142857144,
          128.28571428571428
        ],
        [
          363.57142857142856,
          118.0
        ],
        [
          360.7142857142857,
          110.57142857142857
        ],
        [
          350.42857142857144,
          107.14285714285714
        ],
        [
          338.42857142857144,
          107.71428571428571
        ]
      ],
      "group_id": null,
      "shape_type": "polygon",
      "flags": {}
    },
    {
      "label": "细胞核",
      "points": [
        [
          441.2857142857143,
          139.71428571428572
        ],
        [
          439.0,
          154.0
        ],
        [
          446.42857142857144,
          164.28571428571428
        ],
        [
          462.42857142857144,
          167.14285714285714
        ],
        [
          471.57142857142856,
          161.42857142857142
        ],
        [
          472.7142857142857,
          148.28571428571428
        ],
        [
          469.2857142857143,
          135.14285714285714
        ],
        [
          461.2857142857143,
          130.0
        ],
        [
          451.57142857142856,
          129.42857142857142
        ],
        [
          443.57142857142856,
          131.71428571428572
        ]
      ],
      "group_id": null,
      "shape_type": "polygon",
      "flags": {}
    },
    {
      "label": "细胞核",
      "points": [
        [
          421.85714285714283,
          294.0
        ],
        [
          417.85714285714283,
          304.2857142857143
        ],
        [
          416.7142857142857,
          316.85714285714283
        ],
        [
          426.42857142857144,
          328.2857142857143
        ],
        [
          438.42857142857144,
          331.14285714285717
        ],
        [
          451.57142857142856,
          325.42857142857144
        ],
        [
          459.0,
          310.57142857142856
        ],
        [
          458.42857142857144,
          299.14285714285717
        ],
        [
          449.2857142857143,
          291.7142857142857
        ],
        [
          436.7142857142857,
          287.14285714285717
        ],
        [
          427.57142857142856,
          290.0
        ]
      ],
      "group_id": null,
      "shape_type": "polygon",
      "flags": {}
    },
    {
      "label": "细胞核",
      "points": [
        [
          311.0,
          365.42857142857144
        ],
        [
          302.42857142857144,
          371.14285714285717
        ],
        [
          301.85714285714283,
          384.2857142857143
        ],
        [
          308.14285714285717,
          394.0
        ],
        [
          328.14285714285717,
          396.2857142857143
        ],
        [
          343.57142857142856,
          392.85714285714283
        ],
        [
          348.14285714285717,
          383.14285714285717
        ],
        [
          347.57142857142856,
          368.2857142857143
        ],
        [
          337.2857142857143,
          359.7142857142857
        ],
        [
          327.57142857142856,
          358.0
        ],
        [
          319.57142857142856,
          360.85714285714283
        ]
      ],
      "group_id": null,
      "shape_type": "polygon",
      "flags": {}
    },
    {
      "label": "细胞核",
      "points": [
        [
          403.0,
          414.57142857142856
        ],
        [
          401.2857142857143,
          426.57142857142856
        ],
        [
          404.14285714285717,
          434.0
        ],
        [
          413.2857142857143,
          428.2857142857143
        ],
        [
          420.14285714285717,
          421.42857142857144
        ],
        [
          421.85714285714283,
          412.85714285714283
        ],
        [
          415.57142857142856,
          408.2857142857143
        ],
        [
          407.0,
          408.2857142857143
        ]
      ],
      "group_id": null,
      "shape_type": "polygon",
      "flags": {}
    },
    {
      "label": "细胞核",
      "points": [
        [
          323.57142857142856,
          509.42857142857144
        ],
        [
          327.0,
          502.57142857142856
        ],
        [
          336.7142857142857,
          499.7142857142857
        ],
        [
          349.2857142857143,
          500.85714285714283
        ],
        [
          356.14285714285717,
          506.0
        ],
        [
          360.7142857142857,
          509.42857142857144
        ]
      ],
      "group_id": null,
      "shape_type": "polygon",
      "flags": {}
    }
  ],
  "imagePath": "1f176592-bbb8-11e8-b2ba-ac1f6b6435d0_dst.png",
  "imageData": null,
  "imageHeight": 512,
  "imageWidth": 512
}