{
  "version": "4.5.6",
  "flags": {},
  "shapes": [
    {
      "label": "细胞膜",
      "points": [
        [
          43.57142857142857,
          94.57142857142857
        ],
        [
          49.28571428571429,
          126.0
        ],
        [
          57.85714285714286,
          139.14285714285714
        ],
        [
          85.85714285714286,
          139.71428571428572
        ],
        [
          167.0,
          114.57142857142857
        ],
        [
          183.57142857142858,
          104.28571428571429
        ],
        [
          201.28571428571428,
          49.42857142857143
        ],
        [
          201.85714285714286,
          32.285714285714285
        ],
        [
          169.28571428571428,
          32.285714285714285
        ],
        [
          127.0,
          32.285714285714285
        ],
        [
          104.71428571428572,
          26.0
        ],
        [
          92.71428571428571,
          26.0
        ],
        [
          79.57142857142857,
          47.142857142857146
        ],
        [
          59.57142857142857,
          76.28571428571429
        ]
      ],
      "group_id": null,
      "shape_type": "polygon",
      "flags": {}
    },
    {
      "label": "细胞膜",
      "points": [
        [
          53.85714285714286,
          148.28571428571428
        ],
        [
          45.85714285714286,
          210.57142857142858
        ],
        [
          51.57142857142857,
          236.28571428571428
        ],
        [
          89.28571428571429,
          238.57142857142858
        ],
        [
          129.28571428571428,
          234.0
        ],
        [
          142.42857142857142,
          198.0
        ],
        [
          167.0,
          170.0
        ],
        [
          181.85714285714286,
          149.42857142857142
        ],
        [
          181.85714285714286,
          114.0
        ],
        [
          161.85714285714286,
          116.28571428571429
        ],
        [
          111.0,
          132.28571428571428
        ],
        [
          79.57142857142857,
          144.28571428571428
        ]
      ],
      "group_id": null,
      "shape_type": "polygon",
      "flags": {}
    },
    {
      "label": "细胞膜",
      "points": [
        [
          40.14285714285714,
          128.85714285714286
        ],
        [
          9.285714285714285,
          166.57142857142858
        ],
        [
          0,
          173
        ],
        [
          0.7142857142857153,
          236.85714285714286
        ],
        [
          0.7142857142857153,
          267.7142857142857
        ],
        [
          32.142857142857146,
          250.0
        ],
        [
          48.71428571428571,
          228.85714285714286
        ],
        [
          42.42857142857143,
          209.42857142857142
        ],
        [
          49.85714285714286,
          167.14285714285714
        ],
        [
          52.71428571428571,
          140.85714285714286
        ],
        [
          44.71428571428571,
          121.42857142857143
        ]
      ],
      "group_id": null,
      "shape_type": "polygon",
      "flags": {}
    },
    {
      "label": "细胞膜",
      "points": [
        [
          98.42857142857143,
          0.8571428571428572
        ],
        [
          91.0,
          23.142857142857142
        ],
        [
          60.71428571428571,
          73.42857142857143
        ],
        [
          47.57142857142857,
          89.42857142857143
        ],
        [
          41.28571428571429,
          68.28571428571429
        ],
        [
          37.28571428571429,
          38.57142857142857
        ],
        [
          32.714285714285715,
          10.0
        ],
        [
          32.714285714285715,
          0.8571428571428572
        ]
      ],
      "group_id": null,
      "shape_type": "polygon",
      "flags": {}
    },
    {
      "label": "细胞膜",
      "points": [
        [
          103.0,
          0.8571428571428572
        ],
        [
          135,
          0
        ],
        [
          169.28571428571428,
          0.8571428571428572
        ],
        [
          193.28571428571428,
          13.428571428571429
        ],
        [
          195.0,
          28.285714285714285
        ],
        [
          161.28571428571428,
          32.285714285714285
        ],
        [
          131.0,
          29.428571428571427
        ],
        [
          110.42857142857142,
          25.428571428571427
        ],
        [
          97.28571428571429,
          22.571428571428573
        ],
        [
          96.14285714285714,
          15.142857142857142
        ]
      ],
      "group_id": null,
      "shape_type": "polygon",
      "flags": {}
    },
    {
      "label": "细胞膜",
      "points": [
        [
          29.285714285714285,
          2.571428571428571
        ],
        [
          0.14285714285714235,
          2.571428571428571
        ],
        [
          0.14285714285714235,
          73.42857142857143
        ],
        [
          38.42857142857143,
          88.85714285714286
        ],
        [
          44.71428571428571,
          88.85714285714286
        ],
        [
          40.71428571428571,
          67.71428571428571
        ],
        [
          36.14285714285714,
          46.0
        ],
        [
          32.142857142857146,
          26.0
        ]
      ],
      "group_id": null,
      "shape_type": "polygon",
      "flags": {}
    },
    {
      "label": "细胞膜",
      "points": [
        [
          0.14285714285714235,
          77.42857142857143
        ],
        [
          39.0,
          92.28571428571429
        ],
        [
          44.14285714285714,
          112.28571428571429
        ],
        [
          40.71428571428571,
          125.42857142857143
        ],
        [
          11.0,
          161.42857142857142
        ],
        [
          0,
          168
        ]
      ],
      "group_id": null,
      "shape_type": "polygon",
      "flags": {}
    },
    {
      "label": "细胞膜",
      "points": [
        [
          215.0,
          35.714285714285715
        ],
        [
          223.0,
          34.0
        ],
        [
          244.14285714285717,
          70.0
        ],
        [
          275.0,
          124.85714285714286
        ],
        [
          286.42857142857144,
          144.28571428571428
        ],
        [
          281.85714285714283,
          151.71428571428572
        ],
        [
          249.85714285714283,
          138.57142857142858
        ],
        [
          245.28571428571428,
          127.14285714285714
        ],
        [
          221.85714285714286,
          130.0
        ],
        [
          205.28571428571428,
          136.28571428571428
        ],
        [
          196.14285714285714,
          145.42857142857142
        ],
        [
          186.42857142857142,
          134.0
        ],
        [
          184.71428571428572,
          108.28571428571429
        ],
        [
          193.85714285714286,
          79.71428571428571
        ],
        [
          204.14285714285714,
          46.57142857142857
        ],
        [
          205.28571428571428,
          34.57142857142857
        ]
      ],
      "group_id": null,
      "shape_type": "polygon",
      "flags": {}
    },
    {
      "label": "细胞膜",
      "points": [
        [
          228.71428571428572,
          36.285714285714285
        ],
        [
          258.42857142857144,
          44.285714285714285
        ],
        [
          293.2857142857143,
          35.714285714285715
        ],
        [
          309.85714285714283,
          16.857142857142858
        ],
        [
          309.85714285714283,
          3.1428571428571432
        ],
        [
          305,
          0
        ],
        [
          244,
          0
        ],
        [
          235.0,
          8.285714285714286
        ],
        [
          227.57142857142856,
          23.714285714285715
        ]
      ],
      "group_id": null,
      "shape_type": "polygon",
      "flags": {}
    },
    {
      "label": "细胞膜",
      "points": [
        [
          313.2857142857143,
          14.571428571428573
        ],
        [
          336.14285714285717,
          2.571428571428571
        ],
        [
          344,
          0
        ],
        [
          365.2857142857143,
          5.428571428571429
        ],
        [
          377.2857142857143,
          8.285714285714286
        ],
        [
          395.0,
          24.285714285714285
        ],
        [
          402.42857142857144,
          36.857142857142854
        ],
        [
          405.2857142857143,
          42.57142857142857
        ],
        [
          399.57142857142856,
          67.14285714285714
        ],
        [
          392.14285714285717,
          88.28571428571429
        ],
        [
          388.14285714285717,
          105.42857142857143
        ],
        [
          376.14285714285717,
          106.0
        ],
        [
          351.0,
          100.28571428571429
        ],
        [
          339.0,
          100.28571428571429
        ],
        [
          331.0,
          87.14285714285714
        ],
        [
          322.42857142857144,
          59.714285714285715
        ],
        [
          319.57142857142856,
          39.714285714285715
        ],
        [
          316.14285714285717,
          21.428571428571427
        ]
      ],
      "group_id": null,
      "shape_type": "polygon",
      "flags": {}
    },
    {
      "label": "细胞膜",
      "points": [
        [
          411.57142857142856,
          40.285714285714285
        ],
        [
          441.85714285714283,
          32.285714285714285
        ],
        [
          471.0,
          48.285714285714285
        ],
        [
          498.42857142857144,
          76.28571428571429
        ],
        [
          511,
          88
        ],
        [
          511,
          134
        ],
        [
          496.71428571428567,
          136.85714285714286
        ],
        [
          474.42857142857144,
          135.14285714285714
        ],
        [
          444.14285714285717,
          128.28571428571428
        ],
        [
          416.14285714285717,
          126.0
        ],
        [
          401.85714285714283,
          123.14285714285714
        ],
        [
          395.0,
          110.0
        ],
        [
          391.0,
          92.85714285714286
        ],
        [
          398.42857142857144,
          76.28571428571429
        ],
        [
          403.57142857142856,
          59.714285714285715
        ]
      ],
      "group_id": null,
      "shape_type": "polygon",
      "flags": {}
    },
    {
      "label": "细胞膜",
      "points": [
        [
          314.42857142857144,
          21.428571428571427
        ],
        [
          317.85714285714283,
          49.42857142857143
        ],
        [
          329.2857142857143,
          87.14285714285714
        ],
        [
          337.85714285714283,
          100.85714285714286
        ],
        [
          329.85714285714283,
          107.71428571428571
        ],
        [
          317.2857142857143,
          120.28571428571429
        ],
        [
          309.2857142857143,
          138.0
        ],
        [
          307.0,
          149.42857142857142
        ],
        [
          301.2857142857143,
          154.0
        ],
        [
          296.7142857142857,
          151.71428571428572
        ],
        [
          287.0,
          139.14285714285714
        ],
        [
          274.42857142857144,
          116.85714285714286
        ],
        [
          262.42857142857144,
          95.71428571428571
        ],
        [
          249.28571428571428,
          67.71428571428571
        ],
        [
          238.42857142857144,
          48.857142857142854
        ],
        [
          235.0,
          42.0
        ],
        [
          256.14285714285717,
          43.142857142857146
        ],
        [
          268.14285714285717,
          46.57142857142857
        ],
        [
          289.85714285714283,
          40.285714285714285
        ],
        [
          303.57142857142856,
          32.285714285714285
        ]
      ],
      "group_id": null,
      "shape_type": "polygon",
      "flags": {}
    },
    {
      "label": "细胞膜",
      "points": [
        [
          344.7142857142857,
          106.0
        ],
        [
          380.7142857142857,
          110.57142857142857
        ],
        [
          396.14285714285717,
          122.57142857142857
        ],
        [
          396.14285714285717,
          140.85714285714286
        ],
        [
          387.57142857142856,
          156.28571428571428
        ],
        [
          367.57142857142856,
          163.71428571428572
        ],
        [
          339.57142857142856,
          170.0
        ],
        [
          331.0,
          172.28571428571428
        ],
        [
          312.7142857142857,
          158.0
        ],
        [
          309.2857142857143,
          151.71428571428572
        ],
        [
          311.57142857142856,
          133.42857142857142
        ],
        [
          319.57142857142856,
          119.71428571428571
        ],
        [
          332.7142857142857,
          110.57142857142857
        ]
      ],
      "group_id": null,
      "shape_type": "polygon",
      "flags": {}
    },
    {
      "label": "细胞膜",
      "points": [
        [
          419.57142857142856,
          144.28571428571428
        ],
        [
          444.14285714285717,
          142.0
        ],
        [
          461.85714285714283,
          148.85714285714286
        ],
        [
          470.42857142857144,
          163.71428571428572
        ],
        [
          472.7142857142857,
          176.85714285714286
        ],
        [
          468.14285714285717,
          198.0
        ],
        [
          463.0,
          209.42857142857142
        ],
        [
          450.42857142857144,
          206.57142857142858
        ],
        [
          436.14285714285717,
          196.28571428571428
        ],
        [
          422.42857142857144,
          175.71428571428572
        ],
        [
          416.7142857142857,
          163.71428571428572
        ],
        [
          411.0,
          153.42857142857142
        ],
        [
          410.42857142857144,
          146.57142857142858
        ]
      ],
      "group_id": null,
      "shape_type": "polygon",
      "flags": {}
    },
    {
      "label": "细胞膜",
      "points": [
        [
          508.1428571428571,
          143.14285714285714
        ],
        [
          493.28571428571433,
          146.0
        ],
        [
          484.71428571428567,
          161.42857142857142
        ],
        [
          474.42857142857144,
          185.42857142857142
        ],
        [
          467.57142857142856,
          212.85714285714286
        ],
        [
          465.85714285714283,
          235.71428571428572
        ],
        [
          467.57142857142856,
          244.85714285714286
        ],
        [
          489.28571428571433,
          253.42857142857142
        ],
        [
          509.8571428571429,
          259.14285714285717
        ],
        [
          511,
          259
        ],
        [
          511,
          144
        ]
      ],
      "group_id": null,
      "shape_type": "polygon",
      "flags": {}
    },
    {
      "label": "细胞膜",
      "points": [
        [
          334.42857142857144,
          173.42857142857142
        ],
        [
          377.2857142857143,
          163.71428571428572
        ],
        [
          399.57142857142856,
          155.14285714285714
        ],
        [
          411.0,
          159.14285714285714
        ],
        [
          424.7142857142857,
          184.85714285714286
        ],
        [
          441.85714285714283,
          207.71428571428572
        ],
        [
          461.2857142857143,
          212.28571428571428
        ],
        [
          464.7142857142857,
          235.71428571428572
        ],
        [
          459.57142857142856,
          248.28571428571428
        ],
        [
          433.2857142857143,
          248.85714285714286
        ],
        [
          403.57142857142856,
          242.57142857142858
        ],
        [
          374.42857142857144,
          229.42857142857142
        ],
        [
          343.57142857142856,
          217.42857142857142
        ],
        [
          337.2857142857143,
          202.0
        ],
        [
          334.42857142857144,
          184.85714285714286
        ]
      ],
      "group_id": null,
      "shape_type": "polygon",
      "flags": {}
    },
    {
      "label": "细胞膜",
      "points": [
        [
          468.7142857142857,
          250.0
        ],
        [
          462.42857142857144,
          271.14285714285717
        ],
        [
          463.57142857142856,
          294.57142857142856
        ],
        [
          473.85714285714283,
          313.42857142857144
        ],
        [
          491.0,
          325.42857142857144
        ],
        [
          511.0,
          322.57142857142856
        ],
        [
          511,
          262
        ],
        [
          485.28571428571433,
          254.57142857142856
        ]
      ],
      "group_id": null,
      "shape_type": "polygon",
      "flags": {}
    },
    {
      "label": "细胞膜",
      "points": [
        [
          340.14285714285717,
          225.42857142857142
        ],
        [
          332.7142857142857,
          246.57142857142858
        ],
        [
          337.85714285714283,
          278.57142857142856
        ],
        [
          349.85714285714283,
          306.57142857142856
        ],
        [
          360.7142857142857,
          324.85714285714283
        ],
        [
          376.7142857142857,
          328.85714285714283
        ],
        [
          394.42857142857144,
          322.0
        ],
        [
          400.14285714285717,
          304.85714285714283
        ],
        [
          405.2857142857143,
          274.57142857142856
        ],
        [
          405.2857142857143,
          253.42857142857142
        ],
        [
          399.0,
          243.14285714285714
        ],
        [
          387.57142857142856,
          235.71428571428572
        ],
        [
          364.7142857142857,
          230.0
        ],
        [
          351.57142857142856,
          224.85714285714286
        ]
      ],
      "group_id": null,
      "shape_type": "polygon",
      "flags": {}
    },
    {
      "label": "细胞膜",
      "points": [
        [
          444.14285714285717,
          254.57142857142856
        ],
        [
          456.14285714285717,
          271.7142857142857
        ],
        [
          464.14285714285717,
          293.42857142857144
        ],
        [
          464.7142857142857,
          309.42857142857144
        ],
        [
          464.7142857142857,
          315.14285714285717
        ],
        [
          440.7142857142857,
          320.85714285714283
        ],
        [
          428.14285714285717,
          322.57142857142856
        ],
        [
          408.7142857142857,
          315.7142857142857
        ],
        [
          400.7142857142857,
          300.85714285714283
        ],
        [
          405.85714285714283,
          281.42857142857144
        ],
        [
          406.42857142857144,
          256.85714285714283
        ],
        [
          406.42857142857144,
          246.57142857142858
        ],
        [
          416.14285714285717,
          247.14285714285714
        ],
        [
          430.42857142857144,
          250.57142857142858
        ]
      ],
      "group_id": null,
      "shape_type": "polygon",
      "flags": {}
    },
    {
      "label": "细胞膜",
      "points": [
        [
          432.14285714285717,
          327.14285714285717
        ],
        [
          456.14285714285717,
          322.57142857142856
        ],
        [
          473.2857142857143,
          320.85714285714283
        ],
        [
          488.1428571428571,
          327.7142857142857
        ],
        [
          496.71428571428567,
          350.0
        ],
        [
          496.1428571428571,
          370.57142857142856
        ],
        [
          485.8571428571429,
          385.42857142857144
        ],
        [
          479.0,
          400.85714285714283
        ],
        [
          467.57142857142856,
          407.14285714285717
        ],
        [
          456.7142857142857,
          398.57142857142856
        ],
        [
          447.0,
          378.57142857142856
        ],
        [
          432.7142857142857,
          353.42857142857144
        ],
        [
          430.42857142857144,
          338.0
        ]
      ],
      "group_id": null,
      "shape_type": "polygon",
      "flags": {}
    },
    {
      "label": "细胞膜",
      "points": [
        [
          379.57142857142856,
          334.0
        ],
        [
          368.7142857142857,
          338.57142857142856
        ],
        [
          362.42857142857144,
          355.14285714285717
        ],
        [
          360.7142857142857,
          370.0
        ],
        [
          361.2857142857143,
          382.57142857142856
        ],
        [
          373.85714285714283,
          395.14285714285717
        ],
        [
          392.14285714285717,
          412.2857142857143
        ],
        [
          419.57142857142856,
          426.0
        ],
        [
          434.42857142857144,
          423.14285714285717
        ],
        [
          446.42857142857144,
          403.14285714285717
        ],
        [
          447.57142857142856,
          388.2857142857143
        ],
        [
          443.0,
          367.14285714285717
        ],
        [
          433.85714285714283,
          352.85714285714283
        ],
        [
          429.85714285714283,
          337.42857142857144
        ],
        [
          429.85714285714283,
          329.42857142857144
        ],
        [
          413.85714285714283,
          325.42857142857144
        ],
        [
          401.2857142857143,
          323.7142857142857
        ],
        [
          395.57142857142856,
          323.7142857142857
        ],
        [
          385.2857142857143,
          327.14285714285717
        ]
      ],
      "group_id": null,
      "shape_type": "polygon",
      "flags": {}
    },
    {
      "label": "细胞膜",
      "points": [
        [
          493.28571428571433,
          327.7142857142857
        ],
        [
          511.0,
          326.57142857142856
        ],
        [
          511,
          422
        ],
        [
          497.28571428571433,
          430.57142857142856
        ],
        [
          484.71428571428567,
          440.85714285714283
        ],
        [
          470.42857142857144,
          448.2857142857143
        ],
        [
          462.42857142857144,
          441.42857142857144
        ],
        [
          461.85714285714283,
          422.57142857142856
        ],
        [
          472.14285714285717,
          407.7142857142857
        ],
        [
          484.71428571428567,
          398.0
        ],
        [
          490.42857142857144,
          377.42857142857144
        ],
        [
          497.28571428571433,
          364.85714285714283
        ],
        [
          499.57142857142856,
          352.2857142857143
        ],
        [
          495.0,
          337.42857142857144
        ]
      ],
      "group_id": null,
      "shape_type": "polygon",
      "flags": {}
    },
    {
      "label": "细胞膜",
      "points": [
        [
          7.571428571428569,
          273.42857142857144
        ],
        [
          17.857142857142854,
          288.85714285714283
        ],
        [
          24.142857142857146,
          314.0
        ],
        [
          27.57142857142857,
          344.2857142857143
        ],
        [
          21.857142857142854,
          372.2857142857143
        ],
        [
          11.57142857142857,
          388.85714285714283
        ],
        [
          4.142857142857146,
          395.14285714285717
        ],
        [
          1.2857142857142847,
          392.85714285714283
        ],
        [
          1.2857142857142847,
          274.57142857142856
        ]
      ],
      "group_id": null,
      "shape_type": "polygon",
      "flags": {}
    },
    {
      "label": "细胞膜",
      "points": [
        [
          129.28571428571428,
          240.85714285714286
        ],
        [
          133.28571428571428,
          254.57142857142856
        ],
        [
          124.14285714285714,
          260.85714285714283
        ],
        [
          109.85714285714286,
          273.42857142857144
        ],
        [
          96.14285714285714,
          296.2857142857143
        ],
        [
          69.85714285714286,
          326.0
        ],
        [
          45.85714285714286,
          350.0
        ],
        [
          36.71428571428571,
          360.85714285714283
        ],
        [
          32.142857142857146,
          359.7142857142857
        ],
        [
          29.285714285714285,
          328.2857142857143
        ],
        [
          25.857142857142854,
          287.14285714285717
        ],
        [
          24.142857142857146,
          276.85714285714283
        ],
        [
          33.857142857142854,
          262.57142857142856
        ],
        [
          51.0,
          253.42857142857142
        ],
        [
          57.28571428571429,
          244.85714285714286
        ],
        [
          76.14285714285714,
          242.57142857142858
        ],
        [
          99.57142857142858,
          243.14285714285714
        ],
        [
          117.28571428571428,
          239.14285714285714
        ]
      ],
      "group_id": null,
      "shape_type": "polygon",
      "flags": {}
    },
    {
      "label": "细胞膜",
      "points": [
        [
          187.57142857142858,
          151.14285714285714
        ],
        [
          194.42857142857142,
          168.28571428571428
        ],
        [
          203.0,
          194.0
        ],
        [
          206.42857142857142,
          222.0
        ],
        [
          208.14285714285714,
          234.57142857142858
        ],
        [
          195.57142857142858,
          240.28571428571428
        ],
        [
          172.14285714285714,
          244.85714285714286
        ],
        [
          153.28571428571428,
          254.0
        ],
        [
          141.28571428571428,
          258.0
        ],
        [
          135.0,
          251.14285714285714
        ],
        [
          136.14285714285714,
          225.42857142857142
        ],
        [
          145.28571428571428,
          203.14285714285714
        ],
        [
          155.57142857142858,
          184.28571428571428
        ],
        [
          169.85714285714286,
          173.42857142857142
        ],
        [
          180.71428571428572,
          161.42857142857142
        ]
      ],
      "group_id": null,
      "shape_type": "polygon",
      "flags": {}
    },
    {
      "label": "细胞膜",
      "points": [
        [
          199.57142857142858,
          151.71428571428572
        ],
        [
          221.28571428571428,
          142.0
        ],
        [
          243.57142857142856,
          142.57142857142858
        ],
        [
          263.0,
          149.42857142857142
        ],
        [
          275.57142857142856,
          154.57142857142858
        ],
        [
          288.7142857142857,
          159.14285714285714
        ],
        [
          288.7142857142857,
          167.14285714285714
        ],
        [
          271.57142857142856,
          180.28571428571428
        ],
        [
          259.0,
          190.57142857142858
        ],
        [
          242.42857142857144,
          206.0
        ],
        [
          227.0,
          220.85714285714286
        ],
        [
          215.57142857142858,
          228.85714285714286
        ],
        [
          207.57142857142858,
          231.14285714285714
        ],
        [
          207.0,
          199.14285714285714
        ],
        [
          203.0,
          183.71428571428572
        ],
        [
          200.14285714285714,
          168.28571428571428
        ],
        [
          197.85714285714286,
          159.14285714285714
        ]
      ],
      "group_id": null,
      "shape_type": "polygon",
      "flags": {}
    },
    {
      "label": "细胞膜",
      "points": [
        [
          288.14285714285717,
          175.71428571428572
        ],
        [
          298.42857142857144,
          169.42857142857142
        ],
        [
          312.14285714285717,
          171.14285714285714
        ],
        [
          320.7142857142857,
          180.85714285714286
        ],
        [
          328.14285714285717,
          192.85714285714286
        ],
        [
          329.2857142857143,
          210.0
        ],
        [
          328.14285714285717,
          220.28571428571428
        ],
        [
          309.85714285714283,
          230.0
        ],
        [
          291.57142857142856,
          241.42857142857142
        ],
        [
          277.2857142857143,
          256.2857142857143
        ],
        [
          261.2857142857143,
          271.14285714285717
        ],
        [
          251.57142857142856,
          288.85714285714283
        ],
        [
          243.0,
          304.85714285714283
        ],
        [
          228.14285714285717,
          302.0
        ],
        [
          223.57142857142858,
          284.85714285714283
        ],
        [
          216.71428571428572,
          260.85714285714283
        ],
        [
          217.28571428571428,
          238.57142857142858
        ],
        [
          234.42857142857144,
          220.85714285714286
        ],
        [
          256.7142857142857,
          201.42857142857142
        ],
        [
          273.2857142857143,
          189.42857142857142
        ]
      ],
      "group_id": null,
      "shape_type": "polygon",
      "flags": {}
    },
    {
      "label": "细胞膜",
      "points": [
        [
          207.0,
          245.42857142857142
        ],
        [
          209.28571428571428,
          270.57142857142856
        ],
        [
          216.14285714285714,
          309.42857142857144
        ],
        [
          216.14285714285714,
          330.0
        ],
        [
          201.85714285714286,
          355.14285714285717
        ],
        [
          182.42857142857142,
          372.85714285714283
        ],
        [
          165.28571428571428,
          382.57142857142856
        ],
        [
          143.57142857142858,
          391.14285714285717
        ],
        [
          128.71428571428572,
          387.7142857142857
        ],
        [
          128.71428571428572,
          362.0
        ],
        [
          133.28571428571428,
          328.85714285714283
        ],
        [
          139.57142857142858,
          294.0
        ],
        [
          141.85714285714286,
          268.2857142857143
        ],
        [
          156.71428571428572,
          258.0
        ],
        [
          181.85714285714286,
          250.0
        ],
        [
          195.57142857142858,
          245.42857142857142
        ]
      ],
      "group_id": null,
      "shape_type": "polygon",
      "flags": {}
    },
    {
      "label": "细胞膜",
      "points": [
        [
          41.28571428571429,
          367.7142857142857
        ],
        [
          61.85714285714286,
          378.0
        ],
        [
          68.71428571428571,
          388.85714285714283
        ],
        [
          72.14285714285714,
          406.0
        ],
        [
          67.0,
          427.7142857142857
        ],
        [
          55.57142857142857,
          440.85714285714283
        ],
        [
          49.28571428571429,
          450.0
        ],
        [
          43.0,
          464.2857142857143
        ],
        [
          31.0,
          455.14285714285717
        ],
        [
          13.857142857142854,
          434.0
        ],
        [
          6.428571428571431,
          417.42857142857144
        ],
        [
          8.714285714285715,
          400.85714285714283
        ],
        [
          18.42857142857143,
          384.2857142857143
        ],
        [
          28.714285714285715,
          373.42857142857144
        ]
      ],
      "group_id": null,
      "shape_type": "polygon",
      "flags": {}
    },
    {
      "label": "细胞膜",
      "points": [
        [
          132.71428571428572,
          263.14285714285717
        ],
        [
          134.42857142857142,
          291.14285714285717
        ],
        [
          128.14285714285714,
          318.57142857142856
        ],
        [
          121.28571428571428,
          348.2857142857143
        ],
        [
          116.71428571428572,
          382.0
        ],
        [
          107.0,
          398.57142857142856
        ],
        [
          91.0,
          420.2857142857143
        ],
        [
          75.0,
          433.42857142857144
        ],
        [
          64.71428571428571,
          442.57142857142856
        ],
        [
          71.0,
          420.2857142857143
        ],
        [
          73.85714285714286,
          394.57142857142856
        ],
        [
          64.14285714285714,
          377.42857142857144
        ],
        [
          53.85714285714286,
          369.42857142857144
        ],
        [
          44.71428571428571,
          364.2857142857143
        ],
        [
          47.57142857142857,
          354.57142857142856
        ],
        [
          64.71428571428571,
          333.42857142857144
        ],
        [
          85.85714285714286,
          309.42857142857144
        ],
        [
          107.57142857142858,
          286.0
        ],
        [
          115.57142857142858,
          271.14285714285717
        ],
        [
          125.85714285714286,
          266.0
        ]
      ],
      "group_id": null,
      "shape_type": "polygon",
      "flags": {}
    },
    {
      "label": "细胞膜",
      "points": [
        [
          1.8571428571428577,
          428.85714285714283
        ],
        [
          1,
          511
        ],
        [
          35,
          511
        ],
        [
          43.57142857142857,
          500.85714285714283
        ],
        [
          44.71428571428571,
          487.14285714285717
        ],
        [
          39.57142857142857,
          472.85714285714283
        ],
        [
          33.857142857142854,
          463.7142857142857
        ],
        [
          24.714285714285715,
          455.14285714285717
        ],
        [
          14.42857142857143,
          443.14285714285717
        ],
        [
          9.285714285714285,
          434.0
        ]
      ],
      "group_id": null,
      "shape_type": "polygon",
      "flags": {}
    },
    {
      "label": "细胞膜",
      "points": [
        [
          194.42857142857142,
          404.85714285714283
        ],
        [
          186.42857142857142,
          443.7142857142857
        ],
        [
          181.85714285714286,
          481.42857142857144
        ],
        [
          177.85714285714286,
          499.14285714285717
        ],
        [
          177.28571428571428,
          507.7142857142857
        ],
        [
          167,
          511
        ],
        [
          148.71428571428572,
          507.7142857142857
        ],
        [
          135.57142857142858,
          499.14285714285717
        ],
        [
          120.71428571428572,
          484.2857142857143
        ],
        [
          117.85714285714286,
          458.57142857142856
        ],
        [
          127.57142857142858,
          436.85714285714283
        ],
        [
          143.57142857142858,
          420.85714285714283
        ],
        [
          163.0,
          403.7142857142857
        ],
        [
          177.85714285714286,
          394.57142857142856
        ],
        [
          188.71428571428572,
          395.7142857142857
        ]
      ],
      "group_id": null,
      "shape_type": "polygon",
      "flags": {}
    },
    {
      "label": "细胞膜",
      "points": [
        [
          209.28571428571428,
          386.57142857142856
        ],
        [
          228.71428571428572,
          409.42857142857144
        ],
        [
          235.0,
          427.14285714285717
        ],
        [
          228.71428571428572,
          448.2857142857143
        ],
        [
          218.42857142857142,
          471.14285714285717
        ],
        [
          207.57142857142858,
          487.7142857142857
        ],
        [
          200.71428571428572,
          505.42857142857144
        ],
        [
          189.28571428571428,
          506.57142857142856
        ],
        [
          178.42857142857142,
          506.0
        ],
        [
          184.14285714285714,
          483.7142857142857
        ],
        [
          188.71428571428572,
          462.57142857142856
        ],
        [
          192.71428571428572,
          439.7142857142857
        ],
        [
          195.57142857142858,
          420.2857142857143
        ],
        [
          200.14285714285714,
          404.2857142857143
        ],
        [
          200.14285714285714,
          392.2857142857143
        ],
        [
          201.85714285714286,
          388.2857142857143
        ]
      ],
      "group_id": null,
      "shape_type": "polygon",
      "flags": {}
    },
    {
      "label": "细胞膜",
      "points": [
        [
          227.0,
          463.7142857142857
        ],
        [
          214.42857142857142,
          484.2857142857143
        ],
        [
          207.0,
          500.2857142857143
        ],
        [
          207.0,
          508.85714285714283
        ],
        [
          220.14285714285714,
          510.57142857142856
        ],
        [
          232,
          511
        ],
        [
          271.57142857142856,
          510.57142857142856
        ],
        [
          281.2857142857143,
          499.7142857142857
        ],
        [
          281.2857142857143,
          484.85714285714283
        ],
        [
          275.57142857142856,
          469.42857142857144
        ],
        [
          267.57142857142856,
          458.57142857142856
        ],
        [
          256.14285714285717,
          452.85714285714283
        ],
        [
          242.42857142857144,
          450.57142857142856
        ],
        [
          232.14285714285717,
          458.0
        ]
      ],
      "group_id": null,
      "shape_type": "polygon",
      "flags": {}
    },
    {
      "label": "细胞膜",
      "points": [
        [
          294.42857142857144,
          484.2857142857143
        ],
        [
          286.42857142857144,
          504.85714285714283
        ],
        [
          281,
          511
        ],
        [
          382,
          511
        ],
        [
          372.7142857142857,
          506.0
        ],
        [
          351.0,
          495.7142857142857
        ],
        [
          328.14285714285717,
          487.14285714285717
        ],
        [
          318.42857142857144,
          484.85714285714283
        ],
        [
          303.0,
          487.14285714285717
        ]
      ],
      "group_id": null,
      "shape_type": "polygon",
      "flags": {}
    },
    {
      "label": "细胞膜",
      "points": [
        [
          380.14285714285717,
          427.7142857142857
        ],
        [
          384.14285714285717,
          460.2857142857143
        ],
        [
          388.7142857142857,
          492.2857142857143
        ],
        [
          393.85714285714283,
          506.57142857142856
        ],
        [
          419.0,
          509.42857142857144
        ],
        [
          449.85714285714283,
          509.42857142857144
        ],
        [
          463.57142857142856,
          509.42857142857144
        ],
        [
          467.57142857142856,
          499.14285714285717
        ],
        [
          468.14285714285717,
          484.85714285714283
        ],
        [
          464.14285714285717,
          466.57142857142856
        ],
        [
          458.42857142857144,
          443.7142857142857
        ],
        [
          449.85714285714283,
          436.2857142857143
        ],
        [
          436.14285714285717,
          433.42857142857144
        ],
        [
          416.7142857142857,
          427.14285714285717
        ],
        [
          407.0,
          422.57142857142856
        ],
        [
          395.0,
          416.2857142857143
        ],
        [
          384.7142857142857,
          410.0
        ],
        [
          378.42857142857144,
          407.7142857142857
        ],
        [
          379.0,
          414.0
        ]
      ],
      "group_id": null,
      "shape_type": "polygon",
      "flags": {}
    },
    {
      "label": "细胞膜",
      "points": [
        [
          228.14285714285717,
          350.0
        ],
        [
          233.85714285714283,
          376.85714285714283
        ],
        [
          256.14285714285717,
          403.7142857142857
        ],
        [
          289.85714285714283,
          414.0
        ],
        [
          319.0,
          401.42857142857144
        ],
        [
          339.0,
          388.2857142857143
        ],
        [
          349.2857142857143,
          371.7142857142857
        ],
        [
          356.7142857142857,
          356.2857142857143
        ],
        [
          356.14285714285717,
          350.57142857142856
        ],
        [
          340.7142857142857,
          350.0
        ],
        [
          313.2857142857143,
          352.85714285714283
        ],
        [
          281.85714285714283,
          348.85714285714283
        ],
        [
          264.7142857142857,
          346.0
        ],
        [
          247.0,
          344.85714285714283
        ],
        [
          235.57142857142856,
          344.2857142857143
        ]
      ],
      "group_id": null,
      "shape_type": "polygon",
      "flags": {}
    },
    {
      "label": "细胞膜",
      "points": [
        [
          330.42857142857144,
          225.42857142857142
        ],
        [
          324.14285714285717,
          249.42857142857142
        ],
        [
          311.57142857142856,
          280.85714285714283
        ],
        [
          298.42857142857144,
          295.7142857142857
        ],
        [
          280.7142857142857,
          310.0
        ],
        [
          262.42857142857144,
          318.57142857142856
        ],
        [
          243.0,
          322.57142857142856
        ],
        [
          245.85714285714283,
          304.2857142857143
        ],
        [
          258.42857142857144,
          283.14285714285717
        ],
        [
          273.2857142857143,
          263.14285714285717
        ],
        [
          291.57142857142856,
          250.0
        ],
        [
          302.42857142857144,
          240.28571428571428
        ],
        [
          319.0,
          232.28571428571428
        ]
      ],
      "group_id": null,
      "shape_type": "polygon",
      "flags": {}
    },
    {
      "label": "细胞膜",
      "points": [
        [
          329.2857142857143,
          238.57142857142858
        ],
        [
          336.14285714285717,
          276.85714285714283
        ],
        [
          348.7142857142857,
          306.0
        ],
        [
          353.85714285714283,
          320.85714285714283
        ],
        [
          328.7142857142857,
          339.14285714285717
        ],
        [
          312.14285714285717,
          346.0
        ],
        [
          286.42857142857144,
          339.7142857142857
        ],
        [
          277.2857142857143,
          330.57142857142856
        ],
        [
          275.57142857142856,
          318.57142857142856
        ],
        [
          288.14285714285717,
          307.7142857142857
        ],
        [
          305.2857142857143,
          292.85714285714283
        ],
        [
          316.14285714285717,
          278.57142857142856
        ],
        [
          320.14285714285717,
          265.42857142857144
        ],
        [
          323.57142857142856,
          253.42857142857142
        ],
        [
          325.85714285714283,
          244.85714285714286
        ]
      ],
      "group_id": null,
      "shape_type": "polygon",
      "flags": {}
    },
    {
      "label": "细胞膜",
      "points": [
        [
          291.0,
          424.2857142857143
        ],
        [
          299.0,
          444.85714285714283
        ],
        [
          302.42857142857144,
          461.42857142857144
        ],
        [
          308.7142857142857,
          472.85714285714283
        ],
        [
          326.42857142857144,
          479.7142857142857
        ],
        [
          351.57142857142856,
          487.7142857142857
        ],
        [
          371.57142857142856,
          495.14285714285717
        ],
        [
          382.42857142857144,
          501.42857142857144
        ],
        [
          383.0,
          485.42857142857144
        ],
        [
          381.2857142857143,
          462.57142857142856
        ],
        [
          381.2857142857143,
          435.14285714285717
        ],
        [
          377.2857142857143,
          414.57142857142856
        ],
        [
          373.85714285714283,
          401.42857142857144
        ],
        [
          363.0,
          392.85714285714283
        ],
        [
          355.0,
          384.85714285714283
        ],
        [
          348.14285714285717,
          387.7142857142857
        ],
        [
          339.0,
          400.2857142857143
        ],
        [
          327.0,
          407.14285714285717
        ],
        [
          315.0,
          413.42857142857144
        ],
        [
          304.14285714285717,
          416.2857142857143
        ]
      ],
      "group_id": null,
      "shape_type": "polygon",
      "flags": {}
    },
    {
      "label": "细胞核",
      "points": [
        [
          3.0,
          4.857142857142857
        ],
        [
          13.857142857142854,
          6.571428571428571
        ],
        [
          19.0,
          11.714285714285714
        ],
        [
          23.0,
          23.714285714285715
        ],
        [
          23.57142857142857,
          34.57142857142857
        ],
        [
          21.285714285714285,
          46.57142857142857
        ],
        [
          15.0,
          52.857142857142854
        ],
        [
          3.5714285714285694,
          55.714285714285715
        ],
        [
          0.14285714285714235,
          55.714285714285715
        ]
      ],
      "group_id": null,
      "shape_type": "polygon",
      "flags": {}
    },
    {
      "label": "细胞核",
      "points": [
        [
          50.42857142857143,
          5.428571428571429
        ],
        [
          53.85714285714286,
          12.285714285714286
        ],
        [
          62.42857142857143,
          15.714285714285715
        ],
        [
          71.0,
          15.714285714285715
        ],
        [
          83.57142857142857,
          11.714285714285714
        ],
        [
          87.57142857142857,
          8.857142857142858
        ],
        [
          89.85714285714286,
          2.0
        ],
        [
          46.42857142857143,
          0.2857142857142856
        ]
      ],
      "group_id": null,
      "shape_type": "polygon",
      "flags": {}
    },
    {
      "label": "细胞核",
      "points": [
        [
          109.28571428571428,
          7.7142857142857135
        ],
        [
          113.28571428571428,
          16.857142857142858
        ],
        [
          127.0,
          23.142857142857142
        ],
        [
          147.0,
          23.142857142857142
        ],
        [
          156.14285714285714,
          11.714285714285714
        ],
        [
          156.71428571428572,
          3.1428571428571432
        ],
        [
          148,
          0
        ],
        [
          127.57142857142858,
          1.4285714285714284
        ],
        [
          116.14285714285714,
          1.4285714285714284
        ]
      ],
      "group_id": null,
      "shape_type": "polygon",
      "flags": {}
    },
    {
      "label": "细胞核",
      "points": [
        [
          103.57142857142858,
          63.14285714285714
        ],
        [
          95.57142857142857,
          70.0
        ],
        [
          95.0,
          84.85714285714286
        ],
        [
          100.71428571428572,
          96.28571428571429
        ],
        [
          113.28571428571428,
          106.57142857142857
        ],
        [
          132.71428571428572,
          107.71428571428571
        ],
        [
          150.42857142857142,
          102.57142857142857
        ],
        [
          155.57142857142858,
          90.0
        ],
        [
          155.0,
          76.85714285714286
        ],
        [
          144.14285714285714,
          67.71428571428571
        ],
        [
          135.0,
          59.714285714285715
        ],
        [
          124.71428571428572,
          56.285714285714285
        ],
        [
          115.0,
          56.285714285714285
        ]
      ],
      "group_id": null,
      "shape_type": "polygon",
      "flags": {}
    },
    {
      "label": "细胞核",
      "points": [
        [
          1.8571428571428577,
          82.0
        ],
        [
          13.857142857142854,
          85.42857142857143
        ],
        [
          21.285714285714285,
          90.0
        ],
        [
          25.857142857142854,
          98.57142857142857
        ],
        [
          28.142857142857146,
          110.0
        ],
        [
          25.857142857142854,
          122.57142857142857
        ],
        [
          22.42857142857143,
          130.0
        ],
        [
          17.285714285714285,
          135.14285714285714
        ],
        [
          8.714285714285715,
          135.71428571428572
        ],
        [
          5.285714285714285,
          136.28571428571428
        ],
        [
          6.428571428571431,
          144.85714285714286
        ],
        [
          6.428571428571431,
          152.85714285714286
        ],
        [
          3.5714285714285694,
          159.14285714285714
        ],
        [
          0.14285714285714235,
          159.71428571428572
        ]
      ],
      "group_id": null,
      "shape_type": "polygon",
      "flags": {}
    },
    {
      "label": "细胞核",
      "points": [
        [
          0.7142857142857153,
          179.71428571428572
        ],
        [
          15.57142857142857,
          171.14285714285714
        ],
        [
          25.857142857142854,
          170.57142857142858
        ],
        [
          34.42857142857143,
          174.57142857142858
        ],
        [
          36.71428571428571,
          184.85714285714286
        ],
        [
          37.28571428571429,
          196.85714285714286
        ],
        [
          39.0,
          211.71428571428572
        ],
        [
          36.71428571428571,
          224.28571428571428
        ],
        [
          30.42857142857143,
          234.0
        ],
        [
          22.42857142857143,
          238.0
        ],
        [
          12.714285714285715,
          240.28571428571428
        ],
        [
          4.714285714285715,
          238.57142857142858
        ],
        [
          1.8571428571428577,
          231.14285714285714
        ]
      ],
      "group_id": null,
      "shape_type": "polygon",
      "flags": {}
    },
    {
      "label": "细胞核",
      "points": [
        [
          101.28571428571428,
          169.42857142857142
        ],
        [
          95.0,
          183.14285714285714
        ],
        [
          92.14285714285714,
          198.0
        ],
        [
          95.0,
          216.28571428571428
        ],
        [
          100.71428571428572,
          222.57142857142858
        ],
        [
          111.57142857142858,
          226.0
        ],
        [
          119.0,
          224.28571428571428
        ],
        [
          128.14285714285714,
          216.85714285714286
        ],
        [
          138.42857142857142,
          202.0
        ],
        [
          141.85714285714286,
          188.85714285714286
        ],
        [
          140.14285714285714,
          175.14285714285714
        ],
        [
          133.28571428571428,
          169.42857142857142
        ],
        [
          128.14285714285714,
          166.0
        ],
        [
          116.14285714285714,
          162.57142857142858
        ],
        [
          108.71428571428572,
          162.57142857142858
        ]
      ],
      "group_id": null,
      "shape_type": "polygon",
      "flags": {}
    },
    {
      "label": "细胞核",
      "points": [
        [
          166.42857142857142,
          186.57142857142858
        ],
        [
          159.57142857142858,
          190.0
        ],
        [
          152.71428571428572,
          197.42857142857142
        ],
        [
          148.71428571428572,
          206.57142857142858
        ],
        [
          151.0,
          220.85714285714286
        ],
        [
          163.57142857142858,
          227.14285714285714
        ],
        [
          184.14285714285714,
          228.85714285714286
        ],
        [
          196.14285714285714,
          223.71428571428572
        ],
        [
          200.71428571428572,
          211.71428571428572
        ],
        [
          201.85714285714286,
          196.28571428571428
        ],
        [
          198.42857142857142,
          190.57142857142858
        ],
        [
          189.28571428571428,
          184.28571428571428
        ],
        [
          181.28571428571428,
          182.57142857142858
        ],
        [
          172.71428571428572,
          182.57142857142858
        ]
      ],
      "group_id": null,
      "shape_type": "polygon",
      "flags": {}
    },
    {
      "label": "细胞核",
      "points": [
        [
          3.0,
          307.7142857142857
        ],
        [
          11.57142857142857,
          316.2857142857143
        ],
        [
          17.285714285714285,
          326.57142857142856
        ],
        [
          19.0,
          337.42857142857144
        ],
        [
          18.42857142857143,
          349.42857142857144
        ],
        [
          11.57142857142857,
          357.42857142857144
        ],
        [
          4.714285714285715,
          358.57142857142856
        ]
      ],
      "group_id": null,
      "shape_type": "polygon",
      "flags": {}
    },
    {
      "label": "细胞核",
      "points": [
        [
          65.85714285714286,
          267.14285714285717
        ],
        [
          60.71428571428571,
          277.42857142857144
        ],
        [
          56.14285714285714,
          288.85714285714283
        ],
        [
          56.14285714285714,
          304.85714285714283
        ],
        [
          63.0,
          311.14285714285717
        ],
        [
          75.0,
          307.7142857142857
        ],
        [
          85.28571428571429,
          295.14285714285717
        ],
        [
          93.28571428571429,
          284.85714285714283
        ],
        [
          96.71428571428571,
          274.57142857142856
        ],
        [
          96.71428571428571,
          262.57142857142856
        ],
        [
          89.28571428571429,
          258.0
        ],
        [
          80.14285714285714,
          258.0
        ],
        [
          73.28571428571429,
          259.14285714285717
        ]
      ],
      "group_id": null,
      "shape_type": "polygon",
      "flags": {}
    },
    {
      "label": "细胞核",
      "points": [
        [
          73.28571428571429,
          339.7142857142857
        ],
        [
          66.42857142857143,
          349.42857142857144
        ],
        [
          64.71428571428571,
          360.85714285714283
        ],
        [
          65.85714285714286,
          371.14285714285717
        ],
        [
          72.14285714285714,
          380.85714285714283
        ],
        [
          81.85714285714286,
          384.85714285714283
        ],
        [
          95.0,
          384.85714285714283
        ],
        [
          105.28571428571428,
          375.14285714285717
        ],
        [
          112.71428571428572,
          358.57142857142856
        ],
        [
          116.71428571428572,
          344.85714285714283
        ],
        [
          112.71428571428572,
          336.2857142857143
        ],
        [
          100.14285714285714,
          329.42857142857144
        ],
        [
          91.0,
          329.42857142857144
        ],
        [
          83.57142857142857,
          332.85714285714283
        ]
      ],
      "group_id": null,
      "shape_type": "polygon",
      "flags": {}
    },
    {
      "label": "细胞核",
      "points": [
        [
          40.14285714285714,
          386.57142857142856
        ],
        [
          36.71428571428571,
          394.57142857142856
        ],
        [
          33.857142857142854,
          408.2857142857143
        ],
        [
          35.57142857142857,
          417.42857142857144
        ],
        [
          41.28571428571429,
          424.85714285714283
        ],
        [
          49.28571428571429,
          428.2857142857143
        ],
        [
          60.14285714285714,
          424.85714285714283
        ],
        [
          65.85714285714286,
          411.7142857142857
        ],
        [
          65.85714285714286,
          400.85714285714283
        ],
        [
          64.71428571428571,
          390.0
        ],
        [
          60.14285714285714,
          382.0
        ],
        [
          54.42857142857143,
          379.14285714285717
        ],
        [
          45.85714285714286,
          379.14285714285717
        ]
      ],
      "group_id": null,
      "shape_type": "polygon",
      "flags": {}
    },
    {
      "label": "细胞核",
      "points": [
        [
          3.0,
          476.2857142857143
        ],
        [
          12.714285714285715,
          479.14285714285717
        ],
        [
          21.857142857142854,
          486.0
        ],
        [
          25.285714285714285,
          492.2857142857143
        ],
        [
          25.857142857142854,
          499.7142857142857
        ],
        [
          24.714285714285715,
          504.2857142857143
        ],
        [
          23.57142857142857,
          509.42857142857144
        ],
        [
          2.428571428571427,
          510.0
        ]
      ],
      "group_id": null,
      "shape_type": "polygon",
      "flags": {}
    },
    {
      "label": "细胞核",
      "points": [
        [
          147.0,
          445.42857142857144
        ],
        [
          139.0,
          456.2857142857143
        ],
        [
          140.14285714285714,
          468.85714285714283
        ],
        [
          144.71428571428572,
          474.57142857142856
        ],
        [
          151.57142857142858,
          475.7142857142857
        ],
        [
          161.85714285714286,
          472.85714285714283
        ],
        [
          166.42857142857142,
          464.2857142857143
        ],
        [
          166.42857142857142,
          453.42857142857144
        ],
        [
          163.57142857142858,
          449.42857142857144
        ],
        [
          156.14285714285714,
          447.14285714285717
        ]
      ],
      "group_id": null,
      "shape_type": "polygon",
      "flags": {}
    },
    {
      "label": "细胞核",
      "points": [
        [
          206.42857142857142,
          434.57142857142856
        ],
        [
          197.85714285714286,
          436.85714285714283
        ],
        [
          193.85714285714286,
          447.14285714285717
        ],
        [
          193.28571428571428,
          461.42857142857144
        ],
        [
          196.14285714285714,
          474.0
        ],
        [
          207.57142857142858,
          477.42857142857144
        ],
        [
          215.0,
          465.42857142857144
        ],
        [
          219.0,
          456.2857142857143
        ],
        [
          221.28571428571428,
          444.85714285714283
        ],
        [
          220.71428571428572,
          438.0
        ],
        [
          216.14285714285714,
          432.2857142857143
        ],
        [
          212.14285714285714,
          430.0
        ]
      ],
      "group_id": null,
      "shape_type": "polygon",
      "flags": {}
    },
    {
      "label": "细胞核",
      "points": [
        [
          233.85714285714283,
          471.7142857142857
        ],
        [
          222.42857142857142,
          477.42857142857144
        ],
        [
          219.0,
          488.2857142857143
        ],
        [
          214.42857142857142,
          497.42857142857144
        ],
        [
          216.71428571428572,
          506.57142857142856
        ],
        [
          223.0,
          509.42857142857144
        ],
        [
          239.0,
          509.42857142857144
        ],
        [
          253.85714285714283,
          509.42857142857144
        ],
        [
          257.85714285714283,
          502.0
        ],
        [
          257.2857142857143,
          491.14285714285717
        ],
        [
          257.2857142857143,
          483.14285714285717
        ],
        [
          256.7142857142857,
          474.57142857142856
        ],
        [
          251.0,
          470.0
        ],
        [
          244.14285714285717,
          468.2857142857143
        ]
      ],
      "group_id": null,
      "shape_type": "polygon",
      "flags": {}
    },
    {
      "label": "细胞核",
      "points": [
        [
          289.85714285714283,
          508.85714285714283
        ],
        [
          293.2857142857143,
          502.0
        ],
        [
          299.57142857142856,
          497.42857142857144
        ],
        [
          313.85714285714283,
          495.14285714285717
        ],
        [
          324.14285714285717,
          495.7142857142857
        ],
        [
          332.14285714285717,
          499.14285714285717
        ],
        [
          335.57142857142856,
          504.85714285714283
        ],
        [
          336.7142857142857,
          508.2857142857143
        ]
      ],
      "group_id": null,
      "shape_type": "polygon",
      "flags": {}
    },
    {
      "label": "细胞核",
      "points": [
        [
          335.57142857142856,
          444.85714285714283
        ],
        [
          331.0,
          454.57142857142856
        ],
        [
          336.14285714285717,
          467.14285714285717
        ],
        [
          347.0,
          470.0
        ],
        [
          355.57142857142856,
          470.0
        ],
        [
          362.42857142857144,
          462.57142857142856
        ],
        [
          361.2857142857143,
          451.14285714285717
        ],
        [
          351.0,
          442.0
        ],
        [
          343.0,
          440.2857142857143
        ]
      ],
      "group_id": null,
      "shape_type": "polygon",
      "flags": {}
    },
    {
      "label": "细胞核",
      "points": [
        [
          410.42857142857144,
          465.42857142857144
        ],
        [
          412.14285714285717,
          480.85714285714283
        ],
        [
          419.0,
          489.42857142857144
        ],
        [
          429.2857142857143,
          492.85714285714283
        ],
        [
          440.14285714285717,
          492.2857142857143
        ],
        [
          444.14285714285717,
          480.85714285714283
        ],
        [
          437.85714285714283,
          464.2857142857143
        ],
        [
          425.85714285714283,
          458.0
        ],
        [
          412.7142857142857,
          455.7142857142857
        ],
        [
          406.42857142857144,
          460.85714285714283
        ]
      ],
      "group_id": null,
      "shape_type": "polygon",
      "flags": {}
    },
    {
      "label": "细胞核",
      "points": [
        [
          511.0,
          367.14285714285717
        ],
        [
          499.57142857142856,
          374.57142857142856
        ],
        [
          495.57142857142856,
          385.42857142857144
        ],
        [
          496.1428571428571,
          397.42857142857144
        ],
        [
          504.1428571428571,
          402.0
        ],
        [
          510.42857142857144,
          404.2857142857143
        ]
      ],
      "group_id": null,
      "shape_type": "polygon",
      "flags": {}
    },
    {
      "label": "细胞核",
      "points": [
        [
          444.7142857142857,
          334.57142857142856
        ],
        [
          443.57142857142856,
          341.42857142857144
        ],
        [
          447.57142857142856,
          354.0
        ],
        [
          458.42857142857144,
          360.2857142857143
        ],
        [
          468.14285714285717,
          360.85714285714283
        ],
        [
          476.7142857142857,
          352.85714285714283
        ],
        [
          476.7142857142857,
          338.57142857142856
        ],
        [
          473.2857142857143,
          331.14285714285717
        ],
        [
          462.42857142857144,
          329.42857142857144
        ],
        [
          453.85714285714283,
          327.7142857142857
        ]
      ],
      "group_id": null,
      "shape_type": "polygon",
      "flags": {}
    },
    {
      "label": "细胞核",
      "points": [
        [
          399.0,
          352.85714285714283
        ],
        [
          396.14285714285717,
          362.57142857142856
        ],
        [
          402.42857142857144,
          377.42857142857144
        ],
        [
          413.85714285714283,
          379.7142857142857
        ],
        [
          423.0,
          376.85714285714283
        ],
        [
          423.57142857142856,
          366.0
        ],
        [
          419.57142857142856,
          355.7142857142857
        ],
        [
          411.57142857142856,
          352.2857142857143
        ]
      ],
      "group_id": null,
      "shape_type": "polygon",
      "flags": {}
    },
    {
      "label": "细胞核",
      "points": [
        [
          269.85714285714283,
          365.42857142857144
        ],
        [
          275.0,
          375.14285714285717
        ],
        [
          287.57142857142856,
          380.2857142857143
        ],
        [
          307.57142857142856,
          379.7142857142857
        ],
        [
          313.2857142857143,
          371.14285714285717
        ],
        [
          308.7142857142857,
          364.2857142857143
        ],
        [
          298.42857142857144,
          360.2857142857143
        ],
        [
          291.0,
          359.7142857142857
        ],
        [
          279.0,
          359.7142857142857
        ]
      ],
      "group_id": null,
      "shape_type": "polygon",
      "flags": {}
    },
    {
      "label": "细胞核",
      "points": [
        [
          160.71428571428572,
          283.14285714285717
        ],
        [
          148.71428571428572,
          294.0
        ],
        [
          143.0,
          308.2857142857143
        ],
        [
          140.71428571428572,
          322.57142857142856
        ],
        [
          143.57142857142858,
          339.7142857142857
        ],
        [
          152.71428571428572,
          350.57142857142856
        ],
        [
          168.14285714285714,
          351.14285714285717
        ],
        [
          184.14285714285714,
          336.2857142857143
        ],
        [
          191.0,
          320.85714285714283
        ],
        [
          191.57142857142858,
          303.7142857142857
        ],
        [
          185.85714285714286,
          288.2857142857143
        ],
        [
          179.57142857142858,
          280.2857142857143
        ],
        [
          172.14285714285714,
          277.42857142857144
        ]
      ],
      "group_id": null,
      "shape_type": "polygon",
      "flags": {}
    },
    {
      "label": "细胞核",
      "points": [
        [
          213.85714285714286,
          171.14285714285714
        ],
        [
          224.14285714285714,
          177.42857142857142
        ],
        [
          238.42857142857144,
          177.42857142857142
        ],
        [
          258.42857142857144,
          168.85714285714286
        ],
        [
          258.42857142857144,
          159.71428571428572
        ],
        [
          257.85714285714283,
          152.85714285714286
        ],
        [
          246.42857142857144,
          146.0
        ],
        [
          237.85714285714283,
          144.28571428571428
        ],
        [
          225.85714285714286,
          145.42857142857142
        ],
        [
          216.14285714285714,
          150.0
        ],
        [
          210.42857142857142,
          155.71428571428572
        ],
        [
          209.28571428571428,
          161.42857142857142
        ]
      ],
      "group_id": null,
      "shape_type": "polygon",
      "flags": {}
    },
    {
      "label": "细胞核",
      "points": [
        [
          208.14285714285714,
          80.85714285714286
        ],
        [
          202.42857142857142,
          98.57142857142857
        ],
        [
          205.85714285714286,
          112.28571428571429
        ],
        [
          216.14285714285714,
          122.57142857142857
        ],
        [
          231.57142857142856,
          124.85714285714286
        ],
        [
          245.28571428571428,
          116.85714285714286
        ],
        [
          249.85714285714283,
          108.28571428571429
        ],
        [
          247.0,
          93.42857142857143
        ],
        [
          238.42857142857144,
          83.71428571428571
        ],
        [
          228.14285714285717,
          78.57142857142857
        ],
        [
          216.14285714285714,
          78.0
        ]
      ],
      "group_id": null,
      "shape_type": "polygon",
      "flags": {}
    },
    {
      "label": "细胞核",
      "points": [
        [
          280.14285714285717,
          52.857142857142854
        ],
        [
          271.57142857142856,
          60.857142857142854
        ],
        [
          270.42857142857144,
          72.28571428571429
        ],
        [
          275.57142857142856,
          83.14285714285714
        ],
        [
          288.7142857142857,
          84.85714285714286
        ],
        [
          299.0,
          78.0
        ],
        [
          302.42857142857144,
          70.0
        ],
        [
          303.0,
          58.57142857142857
        ],
        [
          297.2857142857143,
          53.42857142857143
        ],
        [
          288.7142857142857,
          49.42857142857143
        ]
      ],
      "group_id": null,
      "shape_type": "polygon",
      "flags": {}
    },
    {
      "label": "细胞核",
      "points": [
        [
          259.0,
          9.428571428571429
        ],
        [
          256.7142857142857,
          19.142857142857142
        ],
        [
          264.7142857142857,
          26.571428571428573
        ],
        [
          280.14285714285717,
          30.0
        ],
        [
          289.2857142857143,
          29.428571428571427
        ],
        [
          297.2857142857143,
          20.857142857142858
        ],
        [
          298.42857142857144,
          10.0
        ],
        [
          293.85714285714283,
          3.1428571428571432
        ],
        [
          289,
          0
        ],
        [
          267.0,
          0.8571428571428572
        ],
        [
          262.42857142857144,
          4.857142857142857
        ]
      ],
      "group_id": null,
      "shape_type": "polygon",
      "flags": {}
    },
    {
      "label": "细胞核",
      "points": [
        [
          328.7142857142857,
          24.285714285714285
        ],
        [
          327.57142857142856,
          42.0
        ],
        [
          331.57142857142856,
          54.57142857142857
        ],
        [
          340.14285714285717,
          59.142857142857146
        ],
        [
          353.2857142857143,
          59.714285714285715
        ],
        [
          363.57142857142856,
          51.142857142857146
        ],
        [
          370.42857142857144,
          39.142857142857146
        ],
        [
          365.85714285714283,
          26.571428571428573
        ],
        [
          358.42857142857144,
          18.0
        ],
        [
          348.14285714285717,
          14.571428571428573
        ],
        [
          340.7142857142857,
          15.714285714285715
        ]
      ],
      "group_id": null,
      "shape_type": "polygon",
      "flags": {}
    },
    {
      "label": "细胞核",
      "points": [
        [
          436.7142857142857,
          71.71428571428571
        ],
        [
          435.57142857142856,
          88.85714285714286
        ],
        [
          443.0,
          96.85714285714286
        ],
        [
          456.14285714285717,
          96.85714285714286
        ],
        [
          469.85714285714283,
          98.0
        ],
        [
          478.42857142857144,
          96.28571428571429
        ],
        [
          483.57142857142856,
          84.85714285714286
        ],
        [
          480.14285714285717,
          74.0
        ],
        [
          467.57142857142856,
          71.71428571428571
        ],
        [
          452.14285714285717,
          67.71428571428571
        ],
        [
          442.42857142857144,
          67.14285714285714
        ]
      ],
      "group_id": null,
      "shape_type": "polygon",
      "flags": {}
    },
    {
      "label": "细胞核",
      "points": [
        [
          331.0,
          121.42857142857143
        ],
        [
          325.2857142857143,
          124.28571428571429
        ],
        [
          321.2857142857143,
          134.57142857142858
        ],
        [
          327.57142857142856,
          146.0
        ],
        [
          338.42857142857144,
          150.57142857142858
        ],
        [
          352.14285714285717,
          150.57142857142858
        ],
        [
          367.0,
          143.71428571428572
        ],
        [
          372.14285714285717,
          134.0
        ],
        [
          372.14285714285717,
          123.71428571428571
        ],
        [
          360.14285714285717,
          117.42857142857143
        ],
        [
          349.85714285714283,
          114.0
        ],
        [
          336.7142857142857,
          114.0
        ],
        [
          331.57142857142856,
          115.14285714285714
        ]
      ],
      "group_id": null,
      "shape_type": "polygon",
      "flags": {}
    },
    {
      "label": "细胞核",
      "points": [
        [
          423.57142857142856,
          156.85714285714286
        ],
        [
          421.2857142857143,
          167.71428571428572
        ],
        [
          425.2857142857143,
          178.57142857142858
        ],
        [
          434.42857142857144,
          190.0
        ],
        [
          444.7142857142857,
          192.28571428571428
        ],
        [
          459.57142857142856,
          186.57142857142858
        ],
        [
          464.14285714285717,
          176.28571428571428
        ],
        [
          461.2857142857143,
          165.42857142857142
        ],
        [
          453.2857142857143,
          156.28571428571428
        ],
        [
          444.7142857142857,
          151.14285714285714
        ],
        [
          436.7142857142857,
          150.57142857142858
        ],
        [
          429.85714285714283,
          150.57142857142858
        ]
      ],
      "group_id": null,
      "shape_type": "polygon",
      "flags": {}
    },
    {
      "label": "细胞核",
      "points": [
        [
          488.1428571428571,
          186.0
        ],
        [
          482.42857142857144,
          196.85714285714286
        ],
        [
          481.2857142857143,
          206.0
        ],
        [
          485.28571428571433,
          215.14285714285714
        ],
        [
          491.0,
          222.57142857142858
        ],
        [
          497.28571428571433,
          225.42857142857142
        ],
        [
          506.42857142857144,
          225.42857142857142
        ],
        [
          509.8571428571429,
          225.42857142857142
        ],
        [
          511.0,
          206.57142857142858
        ],
        [
          511.0,
          186.0
        ],
        [
          508.71428571428567,
          179.71428571428572
        ],
        [
          500.71428571428567,
          178.0
        ],
        [
          492.71428571428567,
          178.0
        ]
      ],
      "group_id": null,
      "shape_type": "polygon",
      "flags": {}
    },
    {
      "label": "细胞核",
      "points": [
        [
          359.57142857142856,
          182.57142857142858
        ],
        [
          349.85714285714283,
          194.57142857142858
        ],
        [
          353.2857142857143,
          207.14285714285714
        ],
        [
          364.14285714285717,
          215.71428571428572
        ],
        [
          372.14285714285717,
          215.71428571428572
        ],
        [
          375.0,
          220.28571428571428
        ],
        [
          386.42857142857144,
          222.57142857142858
        ],
        [
          395.0,
          220.85714285714286
        ],
        [
          404.14285714285717,
          221.42857142857142
        ],
        [
          405.2857142857143,
          210.57142857142858
        ],
        [
          401.2857142857143,
          204.85714285714286
        ],
        [
          406.42857142857144,
          196.85714285714286
        ],
        [
          406.42857142857144,
          188.85714285714286
        ],
        [
          412.14285714285717,
          182.57142857142858
        ],
        [
          402.42857142857144,
          173.42857142857142
        ],
        [
          396.7142857142857,
          172.85714285714286
        ],
        [
          384.14285714285717,
          170.57142857142858
        ],
        [
          369.85714285714283,
          172.28571428571428
        ],
        [
          361.2857142857143,
          176.28571428571428
        ]
      ],
      "group_id": null,
      "shape_type": "polygon",
      "flags": {}
    },
    {
      "label": "细胞核",
      "points": [
        [
          261.85714285714283,
          204.85714285714286
        ],
        [
          252.71428571428572,
          210.57142857142858
        ],
        [
          243.57142857142856,
          220.85714285714286
        ],
        [
          241.85714285714283,
          230.57142857142858
        ],
        [
          247.57142857142856,
          241.42857142857142
        ],
        [
          257.85714285714283,
          246.57142857142858
        ],
        [
          274.42857142857144,
          239.14285714285714
        ],
        [
          285.2857142857143,
          228.85714285714286
        ],
        [
          292.14285714285717,
          217.42857142857142
        ],
        [
          295.0,
          208.28571428571428
        ],
        [
          289.85714285714283,
          202.57142857142858
        ],
        [
          280.7142857142857,
          200.85714285714286
        ],
        [
          269.2857142857143,
          198.57142857142858
        ]
      ],
      "group_id": null,
      "shape_type": "polygon",
      "flags": {}
    },
    {
      "label": "细胞核",
      "points": [
        [
          280.14285714285717,
          268.85714285714283
        ],
        [
          267.0,
          276.2857142857143
        ],
        [
          264.7142857142857,
          286.0
        ],
        [
          265.85714285714283,
          295.14285714285717
        ],
        [
          272.7142857142857,
          296.85714285714283
        ],
        [
          284.7142857142857,
          294.0
        ],
        [
          292.14285714285717,
          287.7142857142857
        ],
        [
          293.85714285714283,
          274.0
        ],
        [
          290.42857142857144,
          267.7142857142857
        ]
      ],
      "group_id": null,
      "shape_type": "polygon",
      "flags": {}
    },
    {
      "label": "细胞核",
      "points": [
        [
          309.85714285714283,
          290.57142857142856
        ],
        [
          308.7142857142857,
          302.0
        ],
        [
          308.7142857142857,
          311.7142857142857
        ],
        [
          311.0,
          323.14285714285717
        ],
        [
          316.14285714285717,
          327.14285714285717
        ],
        [
          325.85714285714283,
          326.0
        ],
        [
          335.57142857142856,
          318.57142857142856
        ],
        [
          337.85714285714283,
          308.85714285714283
        ],
        [
          337.85714285714283,
          294.57142857142856
        ],
        [
          334.42857142857144,
          283.14285714285717
        ],
        [
          329.2857142857143,
          276.2857142857143
        ],
        [
          323.0,
          276.85714285714283
        ],
        [
          317.2857142857143,
          284.2857142857143
        ]
      ],
      "group_id": null,
      "shape_type": "polygon",
      "flags": {}
    },
    {
      "label": "细胞核",
      "points": [
        [
          349.2857142857143,
          240.28571428571428
        ],
        [
          345.85714285714283,
          255.14285714285717
        ],
        [
          351.0,
          271.7142857142857
        ],
        [
          360.14285714285717,
          279.7142857142857
        ],
        [
          373.2857142857143,
          286.0
        ],
        [
          383.57142857142856,
          286.57142857142856
        ],
        [
          392.14285714285717,
          277.42857142857144
        ],
        [
          392.7142857142857,
          265.42857142857144
        ],
        [
          389.2857142857143,
          253.42857142857142
        ],
        [
          384.14285714285717,
          242.57142857142858
        ],
        [
          375.57142857142856,
          238.57142857142858
        ],
        [
          361.2857142857143,
          235.14285714285714
        ],
        [
          352.14285714285717,
          235.14285714285714
        ]
      ],
      "group_id": null,
      "shape_type": "polygon",
      "flags": {}
    },
    {
      "label": "细胞核",
      "points": [
        [
          412.14285714285717,
          263.7142857142857
        ],
        [
          411.0,
          276.2857142857143
        ],
        [
          412.14285714285717,
          288.85714285714283
        ],
        [
          417.2857142857143,
          293.42857142857144
        ],
        [
          428.14285714285717,
          291.7142857142857
        ],
        [
          438.42857142857144,
          286.0
        ],
        [
          442.42857142857144,
          275.7142857142857
        ],
        [
          441.2857142857143,
          264.85714285714283
        ],
        [
          433.85714285714283,
          258.57142857142856
        ],
        [
          426.42857142857144,
          254.0
        ],
        [
          419.0,
          252.28571428571428
        ],
        [
          411.57142857142856,
          253.42857142857142
        ]
      ],
      "group_id": null,
      "shape_type": "polygon",
      "flags": {}
    },
    {
      "label": "细胞核",
      "points": [
        [
          474.42857142857144,
          284.2857142857143
        ],
        [
          474.42857142857144,
          297.42857142857144
        ],
        [
          482.42857142857144,
          306.57142857142856
        ],
        [
          491.57142857142856,
          309.42857142857144
        ],
        [
          501.28571428571433,
          306.57142857142856
        ],
        [
          507.0,
          302.0
        ],
        [
          508.1428571428571,
          293.42857142857144
        ],
        [
          502.42857142857144,
          285.42857142857144
        ],
        [
          495.57142857142856,
          281.42857142857144
        ],
        [
          485.28571428571433,
          279.14285714285717
        ]
      ],
      "group_id": null,
      "shape_type": "polygon",
      "flags": {}
    }
  ],
  "imagePath": "1f20fa7c-bbc6-11e8-b2bc-ac1f6b6435d0_dst.png",
  "imageData": null,
  "imageHeight": 512,
  "imageWidth": 512
}