{
  "version": "4.5.6",
  "flags": {},
  "shapes": [
    {
      "label": "细胞膜",
      "points": [
        [
          163.0,
          72.28571428571429
        ],
        [
          166.42857142857142,
          83.14285714285714
        ],
        [
          177.85714285714286,
          93.42857142857143
        ],
        [
          190.42857142857142,
          98.0
        ],
        [
          205.85714285714286,
          100.28571428571429
        ],
        [
          221.28571428571428,
          98.57142857142857
        ],
        [
          221.28571428571428,
          90.57142857142857
        ],
        [
          217.28571428571428,
          79.14285714285714
        ],
        [
          212.71428571428572,
          69.42857142857143
        ],
        [
          204.14285714285714,
          63.71428571428571
        ],
        [
          195.57142857142858,
          60.285714285714285
        ],
        [
          185.28571428571428,
          60.285714285714285
        ],
        [
          172.71428571428572,
          64.85714285714286
        ],
        [
          165.85714285714286,
          66.0
        ],
        [
          159.0,
          66.57142857142857
        ]
      ],
      "group_id": null,
      "shape_type": "polygon",
      "flags": {}
    },
    {
      "label": "细胞膜",
      "points": [
        [
          144.71428571428572,
          186.0
        ],
        [
          145.85714285714286,
          196.28571428571428
        ],
        [
          143.0,
          213.42857142857142
        ],
        [
          140.14285714285714,
          230.57142857142858
        ],
        [
          141.85714285714286,
          246.57142857142858
        ],
        [
          150.42857142857142,
          252.28571428571428
        ],
        [
          173.85714285714286,
          252.85714285714286
        ],
        [
          194.42857142857142,
          253.42857142857142
        ],
        [
          204.71428571428572,
          245.42857142857142
        ],
        [
          208.71428571428572,
          230.0
        ],
        [
          208.14285714285714,
          216.85714285714286
        ],
        [
          197.85714285714286,
          206.0
        ],
        [
          188.71428571428572,
          196.85714285714286
        ],
        [
          184.14285714285714,
          191.71428571428572
        ],
        [
          185.85714285714286,
          183.71428571428572
        ],
        [
          179.0,
          185.42857142857142
        ],
        [
          173.28571428571428,
          185.42857142857142
        ],
        [
          170.42857142857142,
          180.28571428571428
        ],
        [
          165.28571428571428,
          174.57142857142858
        ],
        [
          159.0,
          173.42857142857142
        ],
        [
          152.14285714285714,
          173.42857142857142
        ],
        [
          149.28571428571428,
          178.0
        ]
      ],
      "group_id": null,
      "shape_type": "polygon",
      "flags": {}
    },
    {
      "label": "细胞膜",
      "points": [
        [
          84.71428571428571,
          251.71428571428572
        ],
        [
          76.14285714285714,
          259.14285714285717
        ],
        [
          72.14285714285714,
          271.7142857142857
        ],
        [
          75.57142857142857,
          282.0
        ],
        [
          83.57142857142857,
          300.2857142857143
        ],
        [
          95.0,
          311.14285714285717
        ],
        [
          105.85714285714286,
          317.42857142857144
        ],
        [
          120.71428571428572,
          312.85714285714283
        ],
        [
          132.71428571428572,
          304.85714285714283
        ],
        [
          146.42857142857142,
          296.85714285714283
        ],
        [
          146.42857142857142,
          282.0
        ],
        [
          134.42857142857142,
          267.7142857142857
        ],
        [
          124.71428571428572,
          255.71428571428572
        ],
        [
          106.42857142857142,
          248.85714285714286
        ],
        [
          97.28571428571429,
          247.14285714285714
        ]
      ],
      "group_id": null,
      "shape_type": "polygon",
      "flags": {}
    },
    {
      "label": "细胞膜",
      "points": [
        [
          132.71428571428572,
          339.7142857142857
        ],
        [
          120.14285714285714,
          357.42857142857144
        ],
        [
          112.14285714285714,
          368.2857142857143
        ],
        [
          108.14285714285714,
          382.0
        ],
        [
          108.71428571428572,
          392.2857142857143
        ],
        [
          116.71428571428572,
          398.0
        ],
        [
          128.71428571428572,
          392.2857142857143
        ],
        [
          136.14285714285714,
          386.57142857142856
        ],
        [
          153.28571428571428,
          380.2857142857143
        ],
        [
          169.85714285714286,
          372.2857142857143
        ],
        [
          181.85714285714286,
          358.57142857142856
        ],
        [
          192.14285714285714,
          350.0
        ],
        [
          199.57142857142858,
          333.42857142857144
        ],
        [
          203.57142857142858,
          323.14285714285717
        ],
        [
          204.14285714285714,
          310.57142857142856
        ],
        [
          202.42857142857142,
          300.85714285714283
        ],
        [
          193.85714285714286,
          301.42857142857144
        ],
        [
          178.42857142857142,
          309.42857142857144
        ],
        [
          164.71428571428572,
          316.85714285714283
        ],
        [
          148.71428571428572,
          326.57142857142856
        ],
        [
          141.85714285714286,
          332.85714285714283
        ]
      ],
      "group_id": null,
      "shape_type": "polygon",
      "flags": {}
    },
    {
      "label": "细胞膜",
      "points": [
        [
          289.85714285714283,
          282.0
        ],
        [
          298.42857142857144,
          305.42857142857144
        ],
        [
          309.2857142857143,
          318.0
        ],
        [
          322.42857142857144,
          323.14285714285717
        ],
        [
          332.14285714285717,
          327.14285714285717
        ],
        [
          345.85714285714283,
          322.0
        ],
        [
          354.42857142857144,
          311.14285714285717
        ],
        [
          357.2857142857143,
          297.42857142857144
        ],
        [
          354.42857142857144,
          282.57142857142856
        ],
        [
          350.42857142857144,
          272.2857142857143
        ],
        [
          344.14285714285717,
          267.7142857142857
        ],
        [
          332.7142857142857,
          260.2857142857143
        ],
        [
          326.42857142857144,
          257.42857142857144
        ],
        [
          317.2857142857143,
          258.0
        ],
        [
          305.2857142857143,
          266.0
        ],
        [
          298.42857142857144,
          274.57142857142856
        ]
      ],
      "group_id": null,
      "shape_type": "polygon",
      "flags": {}
    },
    {
      "label": "细胞膜",
      "points": [
        [
          216.71428571428572,
          309.42857142857144
        ],
        [
          216.14285714285714,
          323.7142857142857
        ],
        [
          223.57142857142858,
          340.2857142857143
        ],
        [
          236.71428571428572,
          348.2857142857143
        ],
        [
          249.85714285714283,
          345.42857142857144
        ],
        [
          257.85714285714283,
          339.7142857142857
        ],
        [
          258.42857142857144,
          326.0
        ],
        [
          258.42857142857144,
          311.7142857142857
        ],
        [
          257.2857142857143,
          302.0
        ],
        [
          248.71428571428572,
          298.0
        ],
        [
          241.85714285714283,
          291.7142857142857
        ],
        [
          233.28571428571428,
          292.85714285714283
        ],
        [
          227.0,
          298.57142857142856
        ],
        [
          221.28571428571428,
          303.14285714285717
        ]
      ],
      "group_id": null,
      "shape_type": "polygon",
      "flags": {}
    },
    {
      "label": "细胞膜",
      "points": [
        [
          259.57142857142856,
          341.42857142857144
        ],
        [
          265.2857142857143,
          356.2857142857143
        ],
        [
          276.7142857142857,
          367.14285714285717
        ],
        [
          282.42857142857144,
          370.0
        ],
        [
          286.42857142857144,
          373.42857142857144
        ],
        [
          289.85714285714283,
          380.85714285714283
        ],
        [
          298.42857142857144,
          382.57142857142856
        ],
        [
          305.2857142857143,
          378.57142857142856
        ],
        [
          308.7142857142857,
          368.85714285714283
        ],
        [
          312.7142857142857,
          360.85714285714283
        ],
        [
          312.7142857142857,
          350.57142857142856
        ],
        [
          306.42857142857144,
          335.7142857142857
        ],
        [
          299.57142857142856,
          326.57142857142856
        ],
        [
          292.7142857142857,
          322.57142857142856
        ],
        [
          278.42857142857144,
          320.85714285714283
        ],
        [
          269.2857142857143,
          322.0
        ],
        [
          264.14285714285717,
          326.57142857142856
        ],
        [
          260.7142857142857,
          332.85714285714283
        ]
      ],
      "group_id": null,
      "shape_type": "polygon",
      "flags": {}
    },
    {
      "label": "细胞膜",
      "points": [
        [
          3.0,
          471.7142857142857
        ],
        [
          18.42857142857143,
          474.0
        ],
        [
          27.57142857142857,
          477.42857142857144
        ],
        [
          40.71428571428571,
          480.2857142857143
        ],
        [
          49.28571428571429,
          483.14285714285717
        ],
        [
          50.42857142857143,
          487.14285714285717
        ],
        [
          47.0,
          497.42857142857144
        ],
        [
          44.14285714285714,
          502.0
        ],
        [
          41,
          511
        ],
        [
          1,
          511
        ]
      ],
      "group_id": null,
      "shape_type": "polygon",
      "flags": {}
    },
    {
      "label": "细胞膜",
      "points": [
        [
          351.0,
          243.71428571428572
        ],
        [
          351.57142857142856,
          261.42857142857144
        ],
        [
          354.42857142857144,
          275.7142857142857
        ],
        [
          361.2857142857143,
          283.7142857142857
        ],
        [
          364.14285714285717,
          298.57142857142856
        ],
        [
          368.14285714285717,
          313.42857142857144
        ],
        [
          376.7142857142857,
          317.42857142857144
        ],
        [
          380.14285714285717,
          323.7142857142857
        ],
        [
          385.2857142857143,
          328.85714285714283
        ],
        [
          394.42857142857144,
          329.42857142857144
        ],
        [
          402.42857142857144,
          324.85714285714283
        ],
        [
          402.42857142857144,
          314.0
        ],
        [
          404.14285714285717,
          308.2857142857143
        ],
        [
          407.57142857142856,
          303.7142857142857
        ],
        [
          408.14285714285717,
          295.14285714285717
        ],
        [
          408.14285714285717,
          290.57142857142856
        ],
        [
          408.7142857142857,
          286.0
        ],
        [
          410.42857142857144,
          279.14285714285717
        ],
        [
          409.2857142857143,
          272.85714285714283
        ],
        [
          405.85714285714283,
          262.0
        ],
        [
          402.42857142857144,
          255.71428571428572
        ],
        [
          398.42857142857144,
          250.0
        ],
        [
          390.42857142857144,
          244.28571428571428
        ],
        [
          390.42857142857144,
          236.85714285714286
        ],
        [
          391.57142857142856,
          232.28571428571428
        ],
        [
          386.42857142857144,
          227.71428571428572
        ],
        [
          380.7142857142857,
          225.42857142857142
        ],
        [
          377.2857142857143,
          226.0
        ],
        [
          373.85714285714283,
          226.0
        ],
        [
          368.14285714285717,
          222.0
        ],
        [
          368.14285714285717,
          216.28571428571428
        ],
        [
          368.14285714285717,
          211.71428571428572
        ],
        [
          358.42857142857144,
          208.85714285714286
        ],
        [
          355.57142857142856,
          210.0
        ],
        [
          352.14285714285717,
          217.42857142857142
        ],
        [
          349.2857142857143,
          221.42857142857142
        ],
        [
          346.42857142857144,
          227.14285714285714
        ]
      ],
      "group_id": null,
      "shape_type": "polygon",
      "flags": {}
    },
    {
      "label": "细胞核",
      "points": [
        [
          181.85714285714286,
          82.57142857142857
        ],
        [
          184.14285714285714,
          88.28571428571429
        ],
        [
          195.0,
          92.28571428571429
        ],
        [
          203.57142857142858,
          92.28571428571429
        ],
        [
          211.57142857142858,
          92.85714285714286
        ],
        [
          211.57142857142858,
          87.14285714285714
        ],
        [
          208.71428571428572,
          82.0
        ],
        [
          205.28571428571428,
          76.85714285714286
        ],
        [
          200.14285714285714,
          72.85714285714286
        ],
        [
          195.0,
          71.71428571428571
        ],
        [
          187.0,
          72.28571428571429
        ]
      ],
      "group_id": null,
      "shape_type": "polygon",
      "flags": {}
    },
    {
      "label": "细胞核",
      "points": [
        [
          152.14285714285714,
          217.42857142857142
        ],
        [
          159.0,
          210.0
        ],
        [
          172.14285714285714,
          206.57142857142858
        ],
        [
          183.57142857142858,
          206.57142857142858
        ],
        [
          193.28571428571428,
          209.42857142857142
        ],
        [
          202.42857142857142,
          221.42857142857142
        ],
        [
          203.57142857142858,
          231.71428571428572
        ],
        [
          196.71428571428572,
          244.28571428571428
        ],
        [
          181.28571428571428,
          250.57142857142858
        ],
        [
          166.42857142857142,
          250.57142857142858
        ],
        [
          153.85714285714286,
          247.71428571428572
        ],
        [
          147.57142857142858,
          241.42857142857142
        ],
        [
          144.71428571428572,
          230.0
        ],
        [
          145.85714285714286,
          220.28571428571428
        ]
      ],
      "group_id": null,
      "shape_type": "polygon",
      "flags": {}
    },
    {
      "label": "细胞核",
      "points": [
        [
          84.14285714285714,
          277.42857142857144
        ],
        [
          92.14285714285714,
          288.85714285714283
        ],
        [
          97.85714285714286,
          303.14285714285717
        ],
        [
          112.14285714285714,
          300.85714285714283
        ],
        [
          124.14285714285714,
          296.2857142857143
        ],
        [
          132.71428571428572,
          286.57142857142856
        ],
        [
          128.71428571428572,
          277.42857142857144
        ],
        [
          125.85714285714286,
          271.14285714285717
        ],
        [
          118.42857142857142,
          266.0
        ],
        [
          108.14285714285714,
          265.42857142857144
        ],
        [
          99.57142857142858,
          265.42857142857144
        ],
        [
          91.0,
          268.85714285714283
        ]
      ],
      "group_id": null,
      "shape_type": "polygon",
      "flags": {}
    },
    {
      "label": "细胞核",
      "points": [
        [
          153.28571428571428,
          329.42857142857144
        ],
        [
          143.57142857142858,
          340.2857142857143
        ],
        [
          139.0,
          350.57142857142856
        ],
        [
          139.57142857142858,
          360.85714285714283
        ],
        [
          148.71428571428572,
          367.7142857142857
        ],
        [
          160.71428571428572,
          368.85714285714283
        ],
        [
          176.14285714285714,
          359.14285714285717
        ],
        [
          187.57142857142858,
          349.42857142857144
        ],
        [
          193.28571428571428,
          339.14285714285717
        ],
        [
          194.42857142857142,
          328.85714285714283
        ],
        [
          187.57142857142858,
          319.7142857142857
        ],
        [
          173.28571428571428,
          316.85714285714283
        ],
        [
          164.71428571428572,
          319.7142857142857
        ]
      ],
      "group_id": null,
      "shape_type": "polygon",
      "flags": {}
    },
    {
      "label": "细胞核",
      "points": [
        [
          221.85714285714286,
          317.42857142857144
        ],
        [
          223.57142857142858,
          326.57142857142856
        ],
        [
          229.85714285714283,
          330.57142857142856
        ],
        [
          235.57142857142856,
          336.85714285714283
        ],
        [
          244.71428571428572,
          338.0
        ],
        [
          251.0,
          332.85714285714283
        ],
        [
          249.28571428571428,
          324.85714285714283
        ],
        [
          246.42857142857144,
          314.0
        ],
        [
          242.42857142857144,
          307.14285714285717
        ],
        [
          237.28571428571428,
          305.42857142857144
        ],
        [
          231.57142857142856,
          310.0
        ]
      ],
      "group_id": null,
      "shape_type": "polygon",
      "flags": {}
    },
    {
      "label": "细胞核",
      "points": [
        [
          263.57142857142856,
          336.2857142857143
        ],
        [
          269.2857142857143,
          332.2857142857143
        ],
        [
          279.57142857142856,
          332.2857142857143
        ],
        [
          288.14285714285717,
          333.42857142857144
        ],
        [
          300.14285714285717,
          336.85714285714283
        ],
        [
          305.85714285714283,
          341.42857142857144
        ],
        [
          305.85714285714283,
          348.85714285714283
        ],
        [
          295.57142857142856,
          355.7142857142857
        ],
        [
          281.2857142857143,
          358.0
        ],
        [
          272.7142857142857,
          355.7142857142857
        ],
        [
          265.2857142857143,
          350.57142857142856
        ],
        [
          262.42857142857144,
          342.0
        ]
      ],
      "group_id": null,
      "shape_type": "polygon",
      "flags": {}
    },
    {
      "label": "细胞核",
      "points": [
        [
          305.2857142857143,
          272.85714285714283
        ],
        [
          297.2857142857143,
          283.14285714285717
        ],
        [
          305.85714285714283,
          296.2857142857143
        ],
        [
          311.0,
          310.0
        ],
        [
          320.7142857142857,
          316.85714285714283
        ],
        [
          333.85714285714283,
          317.42857142857144
        ],
        [
          338.42857142857144,
          307.7142857142857
        ],
        [
          338.42857142857144,
          294.0
        ],
        [
          335.57142857142856,
          285.42857142857144
        ],
        [
          333.2857142857143,
          279.7142857142857
        ],
        [
          332.7142857142857,
          270.57142857142856
        ],
        [
          331.0,
          263.14285714285717
        ],
        [
          321.85714285714283,
          262.57142857142856
        ],
        [
          313.2857142857143,
          264.85714285714283
        ]
      ],
      "group_id": null,
      "shape_type": "polygon",
      "flags": {}
    },
    {
      "label": "细胞核",
      "points": [
        [
          356.7142857142857,
          245.42857142857142
        ],
        [
          354.42857142857144,
          262.57142857142856
        ],
        [
          356.14285714285717,
          271.7142857142857
        ],
        [
          365.2857142857143,
          277.42857142857144
        ],
        [
          372.7142857142857,
          277.42857142857144
        ],
        [
          371.0,
          293.42857142857144
        ],
        [
          379.57142857142856,
          300.85714285714283
        ],
        [
          390.42857142857144,
          307.7142857142857
        ],
        [
          400.7142857142857,
          302.57142857142856
        ],
        [
          402.42857142857144,
          291.7142857142857
        ],
        [
          398.42857142857144,
          281.42857142857144
        ],
        [
          387.57142857142856,
          272.85714285714283
        ],
        [
          380.14285714285717,
          270.57142857142856
        ],
        [
          380.7142857142857,
          258.0
        ],
        [
          381.2857142857143,
          250.57142857142858
        ],
        [
          373.85714285714283,
          245.42857142857142
        ]
      ],
      "group_id": null,
      "shape_type": "polygon",
      "flags": {}
    },
    {
      "label": "细胞核",
      "points": [
        [
          6.428571428571431,
          495.14285714285717
        ],
        [
          13.857142857142854,
          488.85714285714283
        ],
        [
          22.42857142857143,
          487.14285714285717
        ],
        [
          34.42857142857143,
          490.0
        ],
        [
          39.0,
          495.7142857142857
        ],
        [
          40.14285714285714,
          502.57142857142856
        ],
        [
          40.14285714285714,
          508.2857142857143
        ],
        [
          4.714285714285715,
          508.85714285714283
        ]
      ],
      "group_id": null,
      "shape_type": "polygon",
      "flags": {}
    }
  ],
  "imagePath": "1f549052-bba4-11e8-b2b9-ac1f6b6435d0_dst.png",
  "imageData": null,
  "imageHeight": 512,
  "imageWidth": 512
}