{
  "version": "4.5.6",
  "flags": {},
  "shapes": [
    {
      "label": "细胞膜",
      "points": [
        [
          0.14285714285714235,
          60.857142857142854
        ],
        [
          16.714285714285715,
          78.0
        ],
        [
          20.714285714285715,
          96.28571428571429
        ],
        [
          21.285714285714285,
          121.42857142857143
        ],
        [
          19.0,
          142.0
        ],
        [
          11.57142857142857,
          160.85714285714286
        ],
        [
          1.8571428571428577,
          167.14285714285714
        ],
        [
          0,
          110
        ]
      ],
      "group_id": null,
      "shape_type": "polygon",
      "flags": {}
    },
    {
      "label": "细胞膜",
      "points": [
        [
          96.14285714285714,
          198.0
        ],
        [
          100.71428571428572,
          228.28571428571428
        ],
        [
          108.71428571428572,
          240.28571428571428
        ],
        [
          122.42857142857142,
          251.71428571428572
        ],
        [
          132.71428571428572,
          254.0
        ],
        [
          151.57142857142858,
          257.42857142857144
        ],
        [
          159.0,
          259.7142857142857
        ],
        [
          162.42857142857142,
          254.57142857142856
        ],
        [
          164.71428571428572,
          241.42857142857142
        ],
        [
          156.71428571428572,
          228.28571428571428
        ],
        [
          150.42857142857142,
          211.71428571428572
        ],
        [
          129.28571428571428,
          200.85714285714286
        ],
        [
          113.85714285714286,
          199.14285714285714
        ]
      ],
      "group_id": null,
      "shape_type": "polygon",
      "flags": {}
    },
    {
      "label": "细胞膜",
      "points": [
        [
          123.57142857142858,
          146.57142857142858
        ],
        [
          136.14285714285714,
          171.14285714285714
        ],
        [
          155.0,
          188.85714285714286
        ],
        [
          171.0,
          204.28571428571428
        ],
        [
          190.42857142857142,
          211.71428571428572
        ],
        [
          205.28571428571428,
          216.28571428571428
        ],
        [
          219.57142857142858,
          220.85714285714286
        ],
        [
          229.85714285714283,
          222.0
        ],
        [
          221.85714285714286,
          209.42857142857142
        ],
        [
          211.0,
          195.14285714285714
        ],
        [
          196.71428571428572,
          180.85714285714286
        ],
        [
          177.28571428571428,
          166.0
        ],
        [
          159.0,
          152.85714285714286
        ],
        [
          141.85714285714286,
          146.57142857142858
        ]
      ],
      "group_id": null,
      "shape_type": "polygon",
      "flags": {}
    },
    {
      "label": "细胞膜",
      "points": [
        [
          210.42857142857142,
          257.42857142857144
        ],
        [
          200.71428571428572,
          260.85714285714283
        ],
        [
          196.14285714285714,
          275.7142857142857
        ],
        [
          188.71428571428572,
          288.2857142857143
        ],
        [
          185.85714285714286,
          302.0
        ],
        [
          193.28571428571428,
          315.7142857142857
        ],
        [
          199.57142857142858,
          318.57142857142856
        ],
        [
          215.57142857142858,
          303.7142857142857
        ],
        [
          226.42857142857142,
          295.7142857142857
        ],
        [
          243.57142857142856,
          286.0
        ],
        [
          261.2857142857143,
          276.2857142857143
        ],
        [
          269.85714285714283,
          259.7142857142857
        ],
        [
          273.85714285714283,
          245.42857142857142
        ],
        [
          270.42857142857144,
          238.0
        ],
        [
          256.14285714285717,
          238.0
        ],
        [
          241.28571428571428,
          238.57142857142858
        ],
        [
          221.85714285714286,
          245.42857142857142
        ],
        [
          216.14285714285714,
          248.85714285714286
        ]
      ],
      "group_id": null,
      "shape_type": "polygon",
      "flags": {}
    },
    {
      "label": "细胞膜",
      "points": [
        [
          233.85714285714283,
          300.2857142857143
        ],
        [
          225.28571428571428,
          306.0
        ],
        [
          224.71428571428572,
          326.57142857142856
        ],
        [
          233.85714285714283,
          339.14285714285717
        ],
        [
          248.71428571428572,
          340.85714285714283
        ],
        [
          273.2857142857143,
          330.0
        ],
        [
          293.85714285714283,
          316.85714285714283
        ],
        [
          307.57142857142856,
          306.57142857142856
        ],
        [
          308.7142857142857,
          300.85714285714283
        ],
        [
          293.2857142857143,
          290.0
        ],
        [
          298.42857142857144,
          280.85714285714283
        ],
        [
          292.7142857142857,
          267.7142857142857
        ],
        [
          284.14285714285717,
          259.14285714285717
        ],
        [
          272.14285714285717,
          259.14285714285717
        ],
        [
          264.7142857142857,
          270.0
        ],
        [
          257.2857142857143,
          282.57142857142856
        ],
        [
          243.0,
          288.2857142857143
        ],
        [
          235.57142857142856,
          293.42857142857144
        ]
      ],
      "group_id": null,
      "shape_type": "polygon",
      "flags": {}
    },
    {
      "label": "细胞膜",
      "points": [
        [
          299.0,
          318.57142857142856
        ],
        [
          282.42857142857144,
          327.14285714285717
        ],
        [
          275.0,
          336.2857142857143
        ],
        [
          269.85714285714283,
          339.7142857142857
        ],
        [
          275.0,
          355.7142857142857
        ],
        [
          291.0,
          364.85714285714283
        ],
        [
          311.0,
          367.14285714285717
        ],
        [
          323.0,
          378.0
        ],
        [
          335.57142857142856,
          378.57142857142856
        ],
        [
          345.85714285714283,
          374.0
        ],
        [
          343.0,
          367.14285714285717
        ],
        [
          350.42857142857144,
          362.57142857142856
        ],
        [
          357.85714285714283,
          359.14285714285717
        ],
        [
          357.85714285714283,
          351.14285714285717
        ],
        [
          361.85714285714283,
          341.42857142857144
        ],
        [
          363.0,
          333.42857142857144
        ],
        [
          361.2857142857143,
          324.2857142857143
        ],
        [
          350.42857142857144,
          323.7142857142857
        ],
        [
          345.85714285714283,
          316.85714285714283
        ],
        [
          336.7142857142857,
          311.14285714285717
        ],
        [
          326.42857142857144,
          305.42857142857144
        ],
        [
          317.85714285714283,
          308.2857142857143
        ],
        [
          306.42857142857144,
          314.0
        ]
      ],
      "group_id": null,
      "shape_type": "polygon",
      "flags": {}
    },
    {
      "label": "细胞膜",
      "points": [
        [
          135.0,
          415.14285714285717
        ],
        [
          132.71428571428572,
          419.14285714285717
        ],
        [
          129.28571428571428,
          427.14285714285717
        ],
        [
          133.85714285714286,
          442.0
        ],
        [
          142.42857142857142,
          452.85714285714283
        ],
        [
          154.42857142857142,
          456.85714285714283
        ],
        [
          167.57142857142858,
          459.7142857142857
        ],
        [
          180.71428571428572,
          466.57142857142856
        ],
        [
          194.42857142857142,
          468.85714285714283
        ],
        [
          199.0,
          462.57142857142856
        ],
        [
          208.71428571428572,
          466.0
        ],
        [
          219.57142857142858,
          464.2857142857143
        ],
        [
          218.42857142857142,
          452.2857142857143
        ],
        [
          211.0,
          449.42857142857144
        ],
        [
          211.0,
          439.7142857142857
        ],
        [
          211.0,
          427.14285714285717
        ],
        [
          203.57142857142858,
          420.85714285714283
        ],
        [
          197.28571428571428,
          412.85714285714283
        ],
        [
          193.85714285714286,
          404.2857142857143
        ],
        [
          183.57142857142858,
          395.7142857142857
        ],
        [
          179.0,
          398.57142857142856
        ],
        [
          171.0,
          402.0
        ],
        [
          165.28571428571428,
          394.0
        ],
        [
          158.42857142857142,
          393.42857142857144
        ],
        [
          151.57142857142858,
          393.42857142857144
        ],
        [
          148.71428571428572,
          401.42857142857144
        ],
        [
          148.14285714285714,
          407.7142857142857
        ],
        [
          143.57142857142858,
          408.85714285714283
        ]
      ],
      "group_id": null,
      "shape_type": "polygon",
      "flags": {}
    },
    {
      "label": "细胞膜",
      "points": [
        [
          192.71428571428572,
          126.57142857142858
        ],
        [
          191.0,
          142.0
        ],
        [
          202.42857142857142,
          163.71428571428572
        ],
        [
          222.42857142857142,
          174.57142857142858
        ],
        [
          243.0,
          175.71428571428572
        ],
        [
          259.57142857142856,
          166.0
        ],
        [
          266.42857142857144,
          151.71428571428572
        ],
        [
          263.0,
          132.28571428571428
        ],
        [
          256.7142857142857,
          117.42857142857143
        ],
        [
          241.28571428571428,
          111.71428571428571
        ],
        [
          229.28571428571428,
          108.28571428571429
        ],
        [
          211.0,
          111.14285714285714
        ],
        [
          196.71428571428572,
          118.0
        ]
      ],
      "group_id": null,
      "shape_type": "polygon",
      "flags": {}
    },
    {
      "label": "细胞膜",
      "points": [
        [
          243.0,
          56.857142857142854
        ],
        [
          239.57142857142856,
          75.14285714285714
        ],
        [
          249.28571428571428,
          99.71428571428571
        ],
        [
          270.42857142857144,
          111.71428571428571
        ],
        [
          291.57142857142856,
          114.0
        ],
        [
          312.14285714285717,
          107.14285714285714
        ],
        [
          317.2857142857143,
          92.28571428571429
        ],
        [
          309.2857142857143,
          75.71428571428571
        ],
        [
          293.85714285714283,
          60.857142857142854
        ],
        [
          276.14285714285717,
          50.57142857142857
        ],
        [
          255.57142857142856,
          50.57142857142857
        ]
      ],
      "group_id": null,
      "shape_type": "polygon",
      "flags": {}
    },
    {
      "label": "细胞膜",
      "points": [
        [
          260.14285714285717,
          1.4285714285714284
        ],
        [
          301.85714285714283,
          0.2857142857142856
        ],
        [
          300.7142857142857,
          20.285714285714285
        ],
        [
          297.2857142857143,
          38.0
        ],
        [
          293.2857142857143,
          48.285714285714285
        ],
        [
          277.85714285714283,
          49.42857142857143
        ],
        [
          260.7142857142857,
          47.714285714285715
        ],
        [
          250.42857142857144,
          51.714285714285715
        ],
        [
          239.0,
          56.857142857142854
        ],
        [
          229.28571428571428,
          50.0
        ],
        [
          233.28571428571428,
          30.0
        ],
        [
          244.14285714285717,
          16.857142857142858
        ],
        [
          251.57142857142856,
          8.285714285714286
        ]
      ],
      "group_id": null,
      "shape_type": "polygon",
      "flags": {}
    },
    {
      "label": "细胞膜",
      "points": [
        [
          296.14285714285717,
          174.57142857142858
        ],
        [
          292.14285714285717,
          183.71428571428572
        ],
        [
          281.85714285714283,
          186.57142857142858
        ],
        [
          285.2857142857143,
          201.42857142857142
        ],
        [
          293.2857142857143,
          208.85714285714286
        ],
        [
          301.2857142857143,
          219.71428571428572
        ],
        [
          311.57142857142856,
          225.42857142857142
        ],
        [
          326.42857142857144,
          227.14285714285714
        ],
        [
          339.57142857142856,
          223.71428571428572
        ],
        [
          351.0,
          219.14285714285714
        ],
        [
          351.0,
          204.85714285714286
        ],
        [
          351.0,
          192.28571428571428
        ],
        [
          351.0,
          176.28571428571428
        ],
        [
          345.2857142857143,
          167.71428571428572
        ],
        [
          340.7142857142857,
          155.71428571428572
        ],
        [
          330.42857142857144,
          153.42857142857142
        ],
        [
          328.7142857142857,
          159.71428571428572
        ],
        [
          329.2857142857143,
          166.0
        ],
        [
          315.0,
          166.57142857142858
        ],
        [
          308.7142857142857,
          168.28571428571428
        ]
      ],
      "group_id": null,
      "shape_type": "polygon",
      "flags": {}
    },
    {
      "label": "细胞膜",
      "points": [
        [
          363.57142857142856,
          123.71428571428571
        ],
        [
          357.85714285714283,
          147.14285714285714
        ],
        [
          355.0,
          164.85714285714286
        ],
        [
          363.0,
          183.71428571428572
        ],
        [
          375.0,
          193.42857142857142
        ],
        [
          387.0,
          206.0
        ],
        [
          395.57142857142856,
          213.42857142857142
        ],
        [
          406.42857142857144,
          215.71428571428572
        ],
        [
          416.14285714285717,
          215.71428571428572
        ],
        [
          429.2857142857143,
          210.0
        ],
        [
          436.7142857142857,
          199.71428571428572
        ],
        [
          441.85714285714283,
          186.0
        ],
        [
          440.14285714285717,
          169.42857142857142
        ],
        [
          440.7142857142857,
          162.0
        ],
        [
          445.2857142857143,
          153.42857142857142
        ],
        [
          450.42857142857144,
          144.85714285714286
        ],
        [
          453.85714285714283,
          129.42857142857142
        ],
        [
          453.85714285714283,
          119.14285714285714
        ],
        [
          448.7142857142857,
          111.71428571428571
        ],
        [
          442.42857142857144,
          108.85714285714286
        ],
        [
          429.85714285714283,
          108.85714285714286
        ],
        [
          415.0,
          107.71428571428571
        ],
        [
          405.85714285714283,
          106.0
        ],
        [
          397.2857142857143,
          107.71428571428571
        ],
        [
          391.57142857142856,
          112.85714285714286
        ],
        [
          384.7142857142857,
          115.71428571428571
        ],
        [
          370.42857142857144,
          119.14285714285714
        ]
      ],
      "group_id": null,
      "shape_type": "polygon",
      "flags": {}
    },
    {
      "label": "细胞核",
      "points": [
        [
          0.14285714285714235,
          95.71428571428571
        ],
        [
          8.142857142857146,
          98.57142857142857
        ],
        [
          12.142857142857146,
          104.28571428571429
        ],
        [
          13.857142857142854,
          116.85714285714286
        ],
        [
          12.714285714285715,
          130.0
        ],
        [
          9.285714285714285,
          139.14285714285714
        ],
        [
          5.857142857142854,
          142.57142857142858
        ],
        [
          2.428571428571427,
          143.14285714285714
        ]
      ],
      "group_id": null,
      "shape_type": "polygon",
      "flags": {}
    },
    {
      "label": "细胞核",
      "points": [
        [
          112.71428571428572,
          208.28571428571428
        ],
        [
          112.71428571428572,
          219.71428571428572
        ],
        [
          119.0,
          234.0
        ],
        [
          125.85714285714286,
          242.57142857142858
        ],
        [
          138.42857142857142,
          247.14285714285714
        ],
        [
          145.28571428571428,
          247.14285714285714
        ],
        [
          150.42857142857142,
          240.28571428571428
        ],
        [
          148.71428571428572,
          230.0
        ],
        [
          143.57142857142858,
          218.57142857142858
        ],
        [
          135.0,
          210.57142857142858
        ],
        [
          125.28571428571428,
          206.0
        ],
        [
          117.85714285714286,
          204.85714285714286
        ]
      ],
      "group_id": null,
      "shape_type": "polygon",
      "flags": {}
    },
    {
      "label": "细胞核",
      "points": [
        [
          171.0,
          180.85714285714286
        ],
        [
          167.0,
          187.14285714285714
        ],
        [
          167.57142857142858,
          197.42857142857142
        ],
        [
          173.28571428571428,
          201.42857142857142
        ],
        [
          185.85714285714286,
          207.71428571428572
        ],
        [
          192.14285714285714,
          208.28571428571428
        ],
        [
          201.85714285714286,
          210.0
        ],
        [
          207.0,
          204.85714285714286
        ],
        [
          207.0,
          195.14285714285714
        ],
        [
          200.71428571428572,
          184.85714285714286
        ],
        [
          191.57142857142858,
          178.57142857142858
        ],
        [
          181.28571428571428,
          175.14285714285714
        ]
      ],
      "group_id": null,
      "shape_type": "polygon",
      "flags": {}
    },
    {
      "label": "细胞核",
      "points": [
        [
          156.14285714285714,
          410.57142857142856
        ],
        [
          164.71428571428572,
          408.2857142857143
        ],
        [
          181.28571428571428,
          413.42857142857144
        ],
        [
          184.71428571428572,
          419.14285714285717
        ],
        [
          186.42857142857142,
          427.14285714285717
        ],
        [
          180.14285714285714,
          436.85714285714283
        ],
        [
          171.57142857142858,
          444.85714285714283
        ],
        [
          160.71428571428572,
          448.85714285714283
        ],
        [
          149.85714285714286,
          449.42857142857144
        ],
        [
          142.42857142857142,
          444.85714285714283
        ],
        [
          135.0,
          434.0
        ],
        [
          133.85714285714286,
          425.42857142857144
        ],
        [
          135.0,
          418.0
        ],
        [
          140.14285714285714,
          415.14285714285717
        ],
        [
          149.85714285714286,
          411.7142857142857
        ]
      ],
      "group_id": null,
      "shape_type": "polygon",
      "flags": {}
    },
    {
      "label": "细胞核",
      "points": [
        [
          230.42857142857144,
          252.28571428571428
        ],
        [
          221.85714285714286,
          256.2857142857143
        ],
        [
          217.85714285714286,
          270.0
        ],
        [
          219.0,
          282.0
        ],
        [
          225.85714285714286,
          288.2857142857143
        ],
        [
          233.85714285714283,
          288.2857142857143
        ],
        [
          249.85714285714283,
          281.42857142857144
        ],
        [
          257.2857142857143,
          275.14285714285717
        ],
        [
          259.0,
          266.0
        ],
        [
          259.0,
          252.85714285714286
        ],
        [
          255.0,
          244.85714285714286
        ],
        [
          246.42857142857144,
          243.71428571428572
        ],
        [
          237.85714285714283,
          244.85714285714286
        ]
      ],
      "group_id": null,
      "shape_type": "polygon",
      "flags": {}
    },
    {
      "label": "细胞核",
      "points": [
        [
          248.14285714285717,
          299.7142857142857
        ],
        [
          241.85714285714283,
          302.0
        ],
        [
          236.71428571428572,
          311.14285714285717
        ],
        [
          236.71428571428572,
          325.42857142857144
        ],
        [
          239.57142857142856,
          330.0
        ],
        [
          245.28571428571428,
          334.57142857142856
        ],
        [
          251.57142857142856,
          334.57142857142856
        ],
        [
          260.7142857142857,
          330.0
        ],
        [
          268.7142857142857,
          328.85714285714283
        ],
        [
          277.85714285714283,
          322.57142857142856
        ],
        [
          278.42857142857144,
          311.14285714285717
        ],
        [
          278.42857142857144,
          304.2857142857143
        ],
        [
          272.14285714285717,
          294.57142857142856
        ],
        [
          265.85714285714283,
          291.7142857142857
        ],
        [
          258.42857142857144,
          291.7142857142857
        ],
        [
          253.85714285714283,
          296.2857142857143
        ]
      ],
      "group_id": null,
      "shape_type": "polygon",
      "flags": {}
    },
    {
      "label": "细胞核",
      "points": [
        [
          310.42857142857144,
          327.14285714285717
        ],
        [
          305.85714285714283,
          339.7142857142857
        ],
        [
          304.7142857142857,
          350.57142857142856
        ],
        [
          309.85714285714283,
          359.7142857142857
        ],
        [
          315.57142857142856,
          363.14285714285717
        ],
        [
          327.57142857142856,
          364.2857142857143
        ],
        [
          335.57142857142856,
          359.14285714285717
        ],
        [
          339.0,
          353.42857142857144
        ],
        [
          345.2857142857143,
          350.57142857142856
        ],
        [
          349.2857142857143,
          346.57142857142856
        ],
        [
          349.85714285714283,
          333.42857142857144
        ],
        [
          349.85714285714283,
          324.85714285714283
        ],
        [
          344.14285714285717,
          318.57142857142856
        ],
        [
          333.85714285714283,
          313.42857142857144
        ],
        [
          324.7142857142857,
          313.42857142857144
        ],
        [
          317.85714285714283,
          314.57142857142856
        ],
        [
          315.0,
          319.7142857142857
        ]
      ],
      "group_id": null,
      "shape_type": "polygon",
      "flags": {}
    },
    {
      "label": "细胞核",
      "points": [
        [
          216.14285714285714,
          128.85714285714286
        ],
        [
          206.42857142857142,
          136.28571428571428
        ],
        [
          203.57142857142858,
          145.42857142857142
        ],
        [
          217.85714285714286,
          166.57142857142858
        ],
        [
          235.0,
          169.42857142857142
        ],
        [
          249.85714285714283,
          160.85714285714286
        ],
        [
          253.85714285714283,
          148.85714285714286
        ],
        [
          252.14285714285717,
          132.85714285714286
        ],
        [
          243.57142857142856,
          124.28571428571429
        ],
        [
          233.85714285714283,
          120.85714285714286
        ],
        [
          219.57142857142858,
          123.14285714285714
        ]
      ],
      "group_id": null,
      "shape_type": "polygon",
      "flags": {}
    },
    {
      "label": "细胞核",
      "points": [
        [
          256.14285714285717,
          62.57142857142857
        ],
        [
          250.42857142857144,
          72.85714285714286
        ],
        [
          250.42857142857144,
          81.42857142857143
        ],
        [
          253.85714285714283,
          94.0
        ],
        [
          264.14285714285717,
          102.0
        ],
        [
          283.0,
          99.71428571428571
        ],
        [
          292.14285714285717,
          89.42857142857143
        ],
        [
          292.14285714285717,
          75.14285714285714
        ],
        [
          291.0,
          63.71428571428571
        ],
        [
          284.7142857142857,
          58.0
        ],
        [
          276.7142857142857,
          54.0
        ],
        [
          264.14285714285717,
          54.0
        ]
      ],
      "group_id": null,
      "shape_type": "polygon",
      "flags": {}
    },
    {
      "label": "细胞核",
      "points": [
        [
          265.2857142857143,
          2.571428571428571
        ],
        [
          262.42857142857144,
          10.0
        ],
        [
          265.2857142857143,
          24.285714285714285
        ],
        [
          273.85714285714283,
          34.0
        ],
        [
          283.57142857142856,
          38.57142857142857
        ],
        [
          291.57142857142856,
          38.0
        ],
        [
          297.2857142857143,
          30.0
        ],
        [
          297.2857142857143,
          16.285714285714285
        ],
        [
          299.57142857142856,
          5.428571428571429
        ],
        [
          296.14285714285717,
          0.2857142857142856
        ],
        [
          288.14285714285717,
          0.2857142857142856
        ]
      ],
      "group_id": null,
      "shape_type": "polygon",
      "flags": {}
    },
    {
      "label": "细胞核",
      "points": [
        [
          306.42857142857144,
          182.57142857142858
        ],
        [
          319.0,
          187.14285714285714
        ],
        [
          329.2857142857143,
          195.14285714285714
        ],
        [
          332.7142857142857,
          207.71428571428572
        ],
        [
          329.2857142857143,
          219.71428571428572
        ],
        [
          320.7142857142857,
          222.0
        ],
        [
          308.7142857142857,
          219.71428571428572
        ],
        [
          298.42857142857144,
          209.42857142857142
        ],
        [
          292.7142857142857,
          190.57142857142858
        ],
        [
          297.2857142857143,
          179.71428571428572
        ],
        [
          301.2857142857143,
          179.71428571428572
        ]
      ],
      "group_id": null,
      "shape_type": "polygon",
      "flags": {}
    },
    {
      "label": "细胞核",
      "points": [
        [
          375.0,
          150.0
        ],
        [
          384.7142857142857,
          156.28571428571428
        ],
        [
          391.0,
          168.28571428571428
        ],
        [
          392.14285714285717,
          179.71428571428572
        ],
        [
          391.57142857142856,
          187.71428571428572
        ],
        [
          382.42857142857144,
          187.71428571428572
        ],
        [
          369.2857142857143,
          184.28571428571428
        ],
        [
          363.0,
          170.57142857142858
        ],
        [
          359.57142857142856,
          159.14285714285714
        ],
        [
          363.0,
          151.71428571428572
        ]
      ],
      "group_id": null,
      "shape_type": "polygon",
      "flags": {}
    },
    {
      "label": "细胞核",
      "points": [
        [
          405.85714285714283,
          170.57142857142858
        ],
        [
          405.2857142857143,
          179.71428571428572
        ],
        [
          413.85714285714283,
          188.28571428571428
        ],
        [
          425.2857142857143,
          192.28571428571428
        ],
        [
          433.2857142857143,
          194.0
        ],
        [
          437.85714285714283,
          188.28571428571428
        ],
        [
          437.2857142857143,
          177.42857142857142
        ],
        [
          435.0,
          169.42857142857142
        ],
        [
          430.42857142857144,
          162.57142857142858
        ],
        [
          422.42857142857144,
          158.0
        ],
        [
          416.7142857142857,
          158.0
        ],
        [
          414.42857142857144,
          163.14285714285714
        ],
        [
          413.85714285714283,
          166.0
        ]
      ],
      "group_id": null,
      "shape_type": "polygon",
      "flags": {}
    }
  ],
  "imagePath": "1f781d48-bba8-11e8-b2ba-ac1f6b6435d0_dst.png",
  "imageData": null,
  "imageHeight": 512,
  "imageWidth": 512
}