{
  "version": "4.5.6",
  "flags": {},
  "shapes": [
    {
      "label": "细胞膜",
      "points": [
        [
          38.42857142857143,
          35.142857142857146
        ],
        [
          25.857142857142854,
          48.285714285714285
        ],
        [
          19.57142857142857,
          65.42857142857143
        ],
        [
          12.142857142857146,
          81.42857142857143
        ],
        [
          6.428571428571431,
          95.71428571428571
        ],
        [
          4.714285714285715,
          108.28571428571429
        ],
        [
          3.5714285714285694,
          119.71428571428571
        ],
        [
          12.714285714285715,
          122.0
        ],
        [
          45.28571428571429,
          104.28571428571429
        ],
        [
          59.57142857142857,
          90.57142857142857
        ],
        [
          68.71428571428571,
          74.57142857142857
        ],
        [
          71.57142857142857,
          60.285714285714285
        ],
        [
          64.14285714285714,
          46.57142857142857
        ],
        [
          55.0,
          36.857142857142854
        ],
        [
          48.14285714285714,
          32.285714285714285
        ]
      ],
      "group_id": null,
      "shape_type": "polygon",
      "flags": {}
    },
    {
      "label": "细胞膜",
      "points": [
        [
          142.42857142857142,
          3.7142857142857144
        ],
        [
          128.71428571428572,
          17.428571428571427
        ],
        [
          115.0,
          38.57142857142857
        ],
        [
          111.0,
          67.14285714285714
        ],
        [
          112.14285714285714,
          95.14285714285714
        ],
        [
          117.28571428571428,
          117.42857142857143
        ],
        [
          126.42857142857142,
          126.57142857142858
        ],
        [
          143.0,
          112.28571428571429
        ],
        [
          150.42857142857142,
          89.42857142857143
        ],
        [
          159.57142857142858,
          62.0
        ],
        [
          158.42857142857142,
          36.285714285714285
        ],
        [
          153.28571428571428,
          19.714285714285715
        ],
        [
          151.57142857142858,
          10.0
        ]
      ],
      "group_id": null,
      "shape_type": "polygon",
      "flags": {}
    },
    {
      "label": "细胞膜",
      "points": [
        [
          55.57142857142857,
          203.14285714285714
        ],
        [
          44.71428571428571,
          223.14285714285714
        ],
        [
          36.14285714285714,
          239.14285714285714
        ],
        [
          29.285714285714285,
          253.42857142857142
        ],
        [
          43.0,
          273.42857142857144
        ],
        [
          64.14285714285714,
          283.7142857142857
        ],
        [
          96.71428571428571,
          276.2857142857143
        ],
        [
          113.85714285714286,
          260.2857142857143
        ],
        [
          126.42857142857142,
          246.0
        ],
        [
          131.57142857142858,
          228.85714285714286
        ],
        [
          130.42857142857142,
          214.57142857142858
        ],
        [
          116.14285714285714,
          204.28571428571428
        ],
        [
          107.57142857142858,
          198.0
        ],
        [
          95.57142857142857,
          198.0
        ],
        [
          77.28571428571429,
          198.0
        ],
        [
          64.14285714285714,
          198.57142857142858
        ]
      ],
      "group_id": null,
      "shape_type": "polygon",
      "flags": {}
    },
    {
      "label": "细胞膜",
      "points": [
        [
          28.714285714285715,
          346.0
        ],
        [
          28.714285714285715,
          370.0
        ],
        [
          36.14285714285714,
          388.85714285714283
        ],
        [
          53.28571428571429,
          414.57142857142856
        ],
        [
          74.42857142857143,
          419.14285714285717
        ],
        [
          87.0,
          415.7142857142857
        ],
        [
          92.71428571428571,
          407.14285714285717
        ],
        [
          87.57142857142857,
          388.85714285714283
        ],
        [
          79.0,
          374.0
        ],
        [
          69.28571428571429,
          362.57142857142856
        ],
        [
          57.85714285714286,
          347.14285714285717
        ],
        [
          49.28571428571429,
          343.14285714285717
        ],
        [
          38.42857142857143,
          340.2857142857143
        ]
      ],
      "group_id": null,
      "shape_type": "polygon",
      "flags": {}
    },
    {
      "label": "细胞膜",
      "points": [
        [
          125.85714285714286,
          395.7142857142857
        ],
        [
          120.14285714285714,
          412.85714285714283
        ],
        [
          123.57142857142858,
          437.42857142857144
        ],
        [
          139.57142857142858,
          449.42857142857144
        ],
        [
          156.71428571428572,
          452.2857142857143
        ],
        [
          173.28571428571428,
          449.42857142857144
        ],
        [
          187.57142857142858,
          447.14285714285717
        ],
        [
          185.85714285714286,
          434.57142857142856
        ],
        [
          180.14285714285714,
          422.57142857142856
        ],
        [
          169.28571428571428,
          408.2857142857143
        ],
        [
          156.71428571428572,
          402.57142857142856
        ],
        [
          147.57142857142858,
          399.7142857142857
        ]
      ],
      "group_id": null,
      "shape_type": "polygon",
      "flags": {}
    },
    {
      "label": "细胞膜",
      "points": [
        [
          150.42857142857142,
          289.42857142857144
        ],
        [
          143.57142857142858,
          303.7142857142857
        ],
        [
          137.28571428571428,
          328.85714285714283
        ],
        [
          135.0,
          350.0
        ],
        [
          149.28571428571428,
          378.0
        ],
        [
          186.42857142857142,
          396.2857142857143
        ],
        [
          220.14285714285714,
          394.0
        ],
        [
          245.85714285714283,
          380.2857142857143
        ],
        [
          263.57142857142856,
          358.57142857142856
        ],
        [
          264.7142857142857,
          335.14285714285717
        ],
        [
          257.2857142857143,
          317.42857142857144
        ],
        [
          247.0,
          304.2857142857143
        ],
        [
          225.85714285714286,
          292.2857142857143
        ],
        [
          197.85714285714286,
          280.85714285714283
        ],
        [
          182.42857142857142,
          277.42857142857144
        ],
        [
          168.14285714285714,
          278.0
        ],
        [
          157.85714285714286,
          283.14285714285717
        ]
      ],
      "group_id": null,
      "shape_type": "polygon",
      "flags": {}
    },
    {
      "label": "细胞膜",
      "points": [
        [
          261.2857142857143,
          391.7142857142857
        ],
        [
          236.14285714285717,
          415.14285714285717
        ],
        [
          222.42857142857142,
          438.57142857142856
        ],
        [
          215.57142857142858,
          457.42857142857144
        ],
        [
          211.57142857142858,
          477.42857142857144
        ],
        [
          213.28571428571428,
          490.57142857142856
        ],
        [
          219.0,
          504.2857142857143
        ],
        [
          225.28571428571428,
          510.57142857142856
        ],
        [
          228,
          511
        ],
        [
          288,
          511
        ],
        [
          306.42857142857144,
          498.0
        ],
        [
          326.42857142857144,
          475.14285714285717
        ],
        [
          335.0,
          438.0
        ],
        [
          324.14285714285717,
          411.7142857142857
        ],
        [
          317.2857142857143,
          395.14285714285717
        ],
        [
          312.14285714285717,
          389.42857142857144
        ],
        [
          312.7142857142857,
          381.42857142857144
        ],
        [
          308.7142857142857,
          376.2857142857143
        ],
        [
          297.2857142857143,
          374.57142857142856
        ],
        [
          279.57142857142856,
          380.2857142857143
        ]
      ],
      "group_id": null,
      "shape_type": "polygon",
      "flags": {}
    },
    {
      "label": "细胞膜",
      "points": [
        [
          488.71428571428567,
          145.42857142857142
        ],
        [
          472.7142857142857,
          166.57142857142858
        ],
        [
          450.42857142857144,
          208.85714285714286
        ],
        [
          419.0,
          278.0
        ],
        [
          399.0,
          322.0
        ],
        [
          373.85714285714283,
          377.42857142857144
        ],
        [
          366.42857142857144,
          403.7142857142857
        ],
        [
          353.2857142857143,
          411.7142857142857
        ],
        [
          346.42857142857144,
          427.14285714285717
        ],
        [
          345.2857142857143,
          441.42857142857144
        ],
        [
          365.2857142857143,
          443.7142857142857
        ],
        [
          381.2857142857143,
          427.7142857142857
        ],
        [
          413.85714285714283,
          420.85714285714283
        ],
        [
          437.85714285714283,
          421.42857142857144
        ],
        [
          468.14285714285717,
          417.42857142857144
        ],
        [
          485.8571428571429,
          406.0
        ],
        [
          493.28571428571433,
          380.85714285714283
        ],
        [
          495.0,
          336.85714285714283
        ],
        [
          496.71428571428567,
          305.42857142857144
        ],
        [
          501.28571428571433,
          286.57142857142856
        ],
        [
          502.42857142857144,
          264.2857142857143
        ],
        [
          499.57142857142856,
          246.0
        ],
        [
          491.0,
          220.28571428571428
        ],
        [
          491.0,
          191.14285714285714
        ],
        [
          494.42857142857144,
          163.14285714285714
        ],
        [
          496.71428571428567,
          148.85714285714286
        ],
        [
          496.71428571428567,
          142.57142857142858
        ],
        [
          494.42857142857144,
          139.71428571428572
        ]
      ],
      "group_id": null,
      "shape_type": "polygon",
      "flags": {}
    },
    {
      "label": "细胞膜",
      "points": [
        [
          149.28571428571428,
          182.57142857142858
        ],
        [
          164.14285714285714,
          180.28571428571428
        ],
        [
          180.71428571428572,
          182.57142857142858
        ],
        [
          195.57142857142858,
          195.71428571428572
        ],
        [
          216.14285714285714,
          210.57142857142858
        ],
        [
          236.14285714285717,
          227.14285714285714
        ],
        [
          264.7142857142857,
          236.28571428571428
        ],
        [
          276.7142857142857,
          241.42857142857142
        ],
        [
          302.42857142857144,
          256.85714285714283
        ],
        [
          317.2857142857143,
          267.7142857142857
        ],
        [
          333.2857142857143,
          274.0
        ],
        [
          348.14285714285717,
          274.57142857142856
        ],
        [
          340.14285714285717,
          259.7142857142857
        ],
        [
          328.14285714285717,
          245.42857142857142
        ],
        [
          315.0,
          235.14285714285714
        ],
        [
          300.7142857142857,
          218.0
        ],
        [
          287.57142857142856,
          206.0
        ],
        [
          272.7142857142857,
          197.42857142857142
        ],
        [
          253.85714285714283,
          192.85714285714286
        ],
        [
          232.71428571428572,
          188.28571428571428
        ],
        [
          217.85714285714286,
          186.0
        ],
        [
          203.0,
          183.14285714285714
        ],
        [
          193.85714285714286,
          180.85714285714286
        ],
        [
          179.0,
          177.42857142857142
        ],
        [
          169.28571428571428,
          173.42857142857142
        ],
        [
          163.0,
          173.42857142857142
        ],
        [
          153.28571428571428,
          175.14285714285714
        ],
        [
          144.71428571428572,
          178.57142857142858
        ]
      ],
      "group_id": null,
      "shape_type": "polygon",
      "flags": {}
    },
    {
      "label": "细胞膜",
      "points": [
        [
          179.57142857142858,
          156.85714285714286
        ],
        [
          201.85714285714286,
          148.28571428571428
        ],
        [
          217.85714285714286,
          146.57142857142858
        ],
        [
          244.14285714285717,
          158.57142857142858
        ],
        [
          265.2857142857143,
          167.71428571428572
        ],
        [
          276.14285714285717,
          177.42857142857142
        ],
        [
          279.57142857142856,
          180.28571428571428
        ],
        [
          283.0,
          189.42857142857142
        ],
        [
          276.14285714285717,
          194.0
        ],
        [
          252.71428571428572,
          191.14285714285714
        ],
        [
          223.0,
          183.14285714285714
        ],
        [
          205.28571428571428,
          178.0
        ],
        [
          189.85714285714286,
          170.0
        ],
        [
          188.71428571428572,
          164.85714285714286
        ]
      ],
      "group_id": null,
      "shape_type": "polygon",
      "flags": {}
    },
    {
      "label": "细胞膜",
      "points": [
        [
          289.2857142857143,
          190.57142857142858
        ],
        [
          308.7142857142857,
          197.42857142857142
        ],
        [
          313.85714285714283,
          208.85714285714286
        ],
        [
          316.7142857142857,
          223.14285714285714
        ],
        [
          324.14285714285717,
          238.57142857142858
        ],
        [
          340.7142857142857,
          248.85714285714286
        ],
        [
          360.14285714285717,
          252.85714285714286
        ],
        [
          383.0,
          256.2857142857143
        ],
        [
          392.7142857142857,
          242.0
        ],
        [
          395.57142857142856,
          231.14285714285714
        ],
        [
          395.57142857142856,
          215.14285714285714
        ],
        [
          387.57142857142856,
          200.85714285714286
        ],
        [
          381.85714285714283,
          190.57142857142858
        ],
        [
          369.2857142857143,
          184.28571428571428
        ],
        [
          352.14285714285717,
          183.14285714285714
        ],
        [
          336.14285714285717,
          183.14285714285714
        ],
        [
          314.42857142857144,
          183.14285714285714
        ],
        [
          303.0,
          183.14285714285714
        ]
      ],
      "group_id": null,
      "shape_type": "polygon",
      "flags": {}
    },
    {
      "label": "细胞膜",
      "points": [
        [
          14.42857142857143,
          476.2857142857143
        ],
        [
          13.857142857142854,
          491.7142857142857
        ],
        [
          12.714285714285715,
          505.42857142857144
        ],
        [
          17,
          511
        ],
        [
          84,
          511
        ],
        [
          84.14285714285714,
          504.85714285714283
        ],
        [
          77.28571428571429,
          491.7142857142857
        ],
        [
          68.71428571428571,
          480.2857142857143
        ],
        [
          64.14285714285714,
          477.42857142857144
        ],
        [
          52.71428571428571,
          480.2857142857143
        ],
        [
          40.71428571428571,
          475.14285714285717
        ],
        [
          34.42857142857143,
          468.2857142857143
        ],
        [
          27.0,
          464.85714285714283
        ],
        [
          17.285714285714285,
          466.57142857142856
        ]
      ],
      "group_id": null,
      "shape_type": "polygon",
      "flags": {}
    },
    {
      "label": "细胞核",
      "points": [
        [
          36.14285714285714,
          54.57142857142857
        ],
        [
          27.0,
          64.28571428571429
        ],
        [
          26.42857142857143,
          76.28571428571429
        ],
        [
          33.857142857142854,
          85.42857142857143
        ],
        [
          43.0,
          90.0
        ],
        [
          52.71428571428571,
          88.85714285714286
        ],
        [
          60.71428571428571,
          81.42857142857143
        ],
        [
          66.42857142857143,
          72.85714285714286
        ],
        [
          66.42857142857143,
          61.42857142857143
        ],
        [
          64.14285714285714,
          54.0
        ],
        [
          56.14285714285714,
          50.0
        ],
        [
          46.42857142857143,
          50.0
        ]
      ],
      "group_id": null,
      "shape_type": "polygon",
      "flags": {}
    },
    {
      "label": "细胞核",
      "points": [
        [
          130.42857142857142,
          33.42857142857143
        ],
        [
          119.57142857142858,
          44.285714285714285
        ],
        [
          115.57142857142858,
          58.57142857142857
        ],
        [
          115.57142857142858,
          72.28571428571429
        ],
        [
          127.0,
          83.14285714285714
        ],
        [
          135.57142857142858,
          79.14285714285714
        ],
        [
          146.42857142857142,
          67.71428571428571
        ],
        [
          152.71428571428572,
          54.0
        ],
        [
          154.42857142857142,
          39.142857142857146
        ],
        [
          152.14285714285714,
          32.285714285714285
        ],
        [
          142.42857142857142,
          29.428571428571427
        ]
      ],
      "group_id": null,
      "shape_type": "polygon",
      "flags": {}
    },
    {
      "label": "细胞核",
      "points": [
        [
          53.85714285714286,
          235.71428571428572
        ],
        [
          69.85714285714286,
          228.85714285714286
        ],
        [
          85.28571428571429,
          228.28571428571428
        ],
        [
          97.85714285714286,
          232.28571428571428
        ],
        [
          103.0,
          241.42857142857142
        ],
        [
          102.42857142857142,
          255.14285714285717
        ],
        [
          96.14285714285714,
          266.0
        ],
        [
          77.85714285714286,
          271.14285714285717
        ],
        [
          65.85714285714286,
          267.7142857142857
        ],
        [
          55.0,
          261.42857142857144
        ],
        [
          51.57142857142857,
          251.14285714285714
        ],
        [
          51.0,
          243.71428571428572
        ]
      ],
      "group_id": null,
      "shape_type": "polygon",
      "flags": {}
    },
    {
      "label": "细胞核",
      "points": [
        [
          223.57142857142858,
          162.57142857142858
        ],
        [
          221.85714285714286,
          174.0
        ],
        [
          229.28571428571428,
          180.85714285714286
        ],
        [
          242.42857142857144,
          184.85714285714286
        ],
        [
          253.85714285714283,
          186.57142857142858
        ],
        [
          267.57142857142856,
          188.28571428571428
        ],
        [
          275.57142857142856,
          186.57142857142858
        ],
        [
          274.42857142857144,
          179.14285714285714
        ],
        [
          264.7142857142857,
          172.28571428571428
        ],
        [
          255.0,
          166.0
        ],
        [
          245.28571428571428,
          160.28571428571428
        ],
        [
          235.57142857142856,
          158.0
        ]
      ],
      "group_id": null,
      "shape_type": "polygon",
      "flags": {}
    },
    {
      "label": "细胞核",
      "points": [
        [
          329.85714285714283,
          208.85714285714286
        ],
        [
          337.85714285714283,
          203.71428571428572
        ],
        [
          349.85714285714283,
          203.71428571428572
        ],
        [
          359.57142857142856,
          204.28571428571428
        ],
        [
          367.0,
          212.85714285714286
        ],
        [
          368.7142857142857,
          226.0
        ],
        [
          362.42857142857144,
          239.14285714285714
        ],
        [
          349.85714285714283,
          241.42857142857142
        ],
        [
          333.85714285714283,
          239.71428571428572
        ],
        [
          324.14285714285717,
          234.57142857142858
        ],
        [
          319.0,
          222.57142857142858
        ],
        [
          317.2857142857143,
          214.57142857142858
        ],
        [
          320.7142857142857,
          210.57142857142858
        ]
      ],
      "group_id": null,
      "shape_type": "polygon",
      "flags": {}
    },
    {
      "label": "细胞核",
      "points": [
        [
          220.14285714285714,
          196.28571428571428
        ],
        [
          230.42857142857144,
          191.14285714285714
        ],
        [
          244.71428571428572,
          191.71428571428572
        ],
        [
          262.42857142857144,
          197.42857142857142
        ],
        [
          272.14285714285717,
          202.57142857142858
        ],
        [
          276.14285714285717,
          212.85714285714286
        ],
        [
          273.85714285714283,
          225.42857142857142
        ],
        [
          260.14285714285717,
          230.0
        ],
        [
          251.0,
          230.0
        ],
        [
          237.85714285714283,
          223.71428571428572
        ],
        [
          225.85714285714286,
          215.14285714285714
        ],
        [
          221.28571428571428,
          207.71428571428572
        ],
        [
          221.28571428571428,
          203.14285714285714
        ]
      ],
      "group_id": null,
      "shape_type": "polygon",
      "flags": {}
    },
    {
      "label": "细胞核",
      "points": [
        [
          204.71428571428572,
          323.14285714285717
        ],
        [
          190.42857142857142,
          331.7142857142857
        ],
        [
          190.42857142857142,
          349.42857142857144
        ],
        [
          193.28571428571428,
          362.0
        ],
        [
          202.42857142857142,
          367.14285714285717
        ],
        [
          223.57142857142858,
          365.42857142857144
        ],
        [
          238.42857142857144,
          359.7142857142857
        ],
        [
          251.57142857142856,
          351.7142857142857
        ],
        [
          256.14285714285717,
          339.7142857142857
        ],
        [
          256.14285714285717,
          323.7142857142857
        ],
        [
          248.14285714285717,
          318.0
        ],
        [
          235.57142857142856,
          313.42857142857144
        ],
        [
          224.71428571428572,
          313.42857142857144
        ],
        [
          212.14285714285714,
          315.7142857142857
        ]
      ],
      "group_id": null,
      "shape_type": "polygon",
      "flags": {}
    },
    {
      "label": "细胞核",
      "points": [
        [
          41.28571428571429,
          371.7142857142857
        ],
        [
          39.0,
          382.0
        ],
        [
          48.14285714285714,
          395.14285714285717
        ],
        [
          57.85714285714286,
          406.0
        ],
        [
          67.57142857142857,
          408.2857142857143
        ],
        [
          78.42857142857143,
          404.85714285714283
        ],
        [
          83.0,
          396.85714285714283
        ],
        [
          81.28571428571429,
          387.7142857142857
        ],
        [
          76.14285714285714,
          377.42857142857144
        ],
        [
          69.28571428571429,
          370.0
        ],
        [
          62.42857142857143,
          364.85714285714283
        ],
        [
          52.14285714285714,
          364.85714285714283
        ]
      ],
      "group_id": null,
      "shape_type": "polygon",
      "flags": {}
    },
    {
      "label": "细胞核",
      "points": [
        [
          141.28571428571428,
          414.57142857142856
        ],
        [
          135.57142857142858,
          418.57142857142856
        ],
        [
          135.57142857142858,
          430.0
        ],
        [
          139.57142857142858,
          435.14285714285717
        ],
        [
          147.57142857142858,
          440.85714285714283
        ],
        [
          155.0,
          442.0
        ],
        [
          163.0,
          443.14285714285717
        ],
        [
          174.42857142857142,
          439.7142857142857
        ],
        [
          176.71428571428572,
          428.2857142857143
        ],
        [
          173.85714285714286,
          418.0
        ],
        [
          167.57142857142858,
          413.42857142857144
        ],
        [
          161.28571428571428,
          408.2857142857143
        ],
        [
          150.42857142857142,
          407.14285714285717
        ]
      ],
      "group_id": null,
      "shape_type": "polygon",
      "flags": {}
    },
    {
      "label": "细胞核",
      "points": [
        [
          38.42857142857143,
          506.57142857142856
        ],
        [
          38.42857142857143,
          501.42857142857144
        ],
        [
          45.28571428571429,
          499.14285714285717
        ],
        [
          53.85714285714286,
          499.14285714285717
        ],
        [
          61.28571428571429,
          503.7142857142857
        ],
        [
          65.85714285714286,
          506.57142857142856
        ],
        [
          65.85714285714286,
          508.2857142857143
        ],
        [
          45.28571428571429,
          508.85714285714283
        ]
      ],
      "group_id": null,
      "shape_type": "polygon",
      "flags": {}
    },
    {
      "label": "细胞核",
      "points": [
        [
          234.42857142857144,
          434.0
        ],
        [
          239.57142857142856,
          447.14285714285717
        ],
        [
          242.42857142857144,
          469.42857142857144
        ],
        [
          242.42857142857144,
          482.0
        ],
        [
          233.85714285714283,
          494.0
        ],
        [
          218.42857142857142,
          494.57142857142856
        ],
        [
          211.57142857142858,
          483.14285714285717
        ],
        [
          215.0,
          464.85714285714283
        ],
        [
          218.42857142857142,
          451.7142857142857
        ],
        [
          223.0,
          440.2857142857143
        ],
        [
          227.0,
          435.7142857142857
        ]
      ],
      "group_id": null,
      "shape_type": "polygon",
      "flags": {}
    },
    {
      "label": "细胞核",
      "points": [
        [
          284.14285714285717,
          406.57142857142856
        ],
        [
          276.14285714285717,
          416.2857142857143
        ],
        [
          280.14285714285717,
          431.7142857142857
        ],
        [
          289.85714285714283,
          442.57142857142856
        ],
        [
          300.7142857142857,
          445.42857142857144
        ],
        [
          312.7142857142857,
          442.57142857142856
        ],
        [
          321.2857142857143,
          437.42857142857144
        ],
        [
          321.2857142857143,
          423.14285714285717
        ],
        [
          319.0,
          409.42857142857144
        ],
        [
          313.2857142857143,
          404.2857142857143
        ],
        [
          303.0,
          398.57142857142856
        ],
        [
          291.57142857142856,
          400.85714285714283
        ]
      ],
      "group_id": null,
      "shape_type": "polygon",
      "flags": {}
    },
    {
      "label": "细胞核",
      "points": [
        [
          267.57142857142856,
          466.57142857142856
        ],
        [
          259.0,
          479.14285714285717
        ],
        [
          260.14285714285717,
          491.14285714285717
        ],
        [
          270.42857142857144,
          504.2857142857143
        ],
        [
          280.14285714285717,
          506.0
        ],
        [
          291.57142857142856,
          500.85714285714283
        ],
        [
          299.0,
          493.42857142857144
        ],
        [
          304.14285714285717,
          481.42857142857144
        ],
        [
          301.85714285714283,
          469.42857142857144
        ],
        [
          293.2857142857143,
          464.2857142857143
        ],
        [
          282.42857142857144,
          462.0
        ]
      ],
      "group_id": null,
      "shape_type": "polygon",
      "flags": {}
    },
    {
      "label": "细胞核",
      "points": [
        [
          445.2857142857143,
          331.14285714285717
        ],
        [
          433.2857142857143,
          334.0
        ],
        [
          423.57142857142856,
          347.7142857142857
        ],
        [
          419.57142857142856,
          369.42857142857144
        ],
        [
          423.57142857142856,
          381.42857142857144
        ],
        [
          436.7142857142857,
          386.0
        ],
        [
          450.42857142857144,
          384.2857142857143
        ],
        [
          463.0,
          375.14285714285717
        ],
        [
          470.42857142857144,
          367.7142857142857
        ],
        [
          479.0,
          364.85714285714283
        ],
        [
          483.57142857142856,
          363.14285714285717
        ],
        [
          483.0,
          352.85714285714283
        ],
        [
          487.57142857142856,
          346.0
        ],
        [
          492.1428571428571,
          334.57142857142856
        ],
        [
          489.28571428571433,
          323.14285714285717
        ],
        [
          479.0,
          322.57142857142856
        ],
        [
          472.7142857142857,
          328.85714285714283
        ],
        [
          471.0,
          322.57142857142856
        ],
        [
          467.57142857142856,
          315.14285714285717
        ],
        [
          459.57142857142856,
          314.57142857142856
        ],
        [
          452.7142857142857,
          316.85714285714283
        ],
        [
          451.0,
          327.14285714285717
        ]
      ],
      "group_id": null,
      "shape_type": "polygon",
      "flags": {}
    },
    {
      "label": "细胞核",
      "points": [
        [
          461.2857142857143,
          219.71428571428572
        ],
        [
          447.0,
          234.0
        ],
        [
          449.85714285714283,
          253.42857142857142
        ],
        [
          453.85714285714283,
          274.0
        ],
        [
          455.0,
          287.7142857142857
        ],
        [
          464.7142857142857,
          302.0
        ],
        [
          473.85714285714283,
          314.0
        ],
        [
          487.57142857142856,
          315.7142857142857
        ],
        [
          492.1428571428571,
          303.14285714285717
        ],
        [
          488.1428571428571,
          285.42857142857144
        ],
        [
          489.28571428571433,
          276.2857142857143
        ],
        [
          496.1428571428571,
          268.2857142857143
        ],
        [
          496.71428571428567,
          252.85714285714286
        ],
        [
          493.28571428571433,
          237.42857142857142
        ],
        [
          489.8571428571429,
          223.71428571428572
        ],
        [
          483.57142857142856,
          218.57142857142858
        ],
        [
          473.2857142857143,
          218.0
        ]
      ],
      "group_id": null,
      "shape_type": "polygon",
      "flags": {}
    }
  ],
  "imagePath": "1f840460-bba2-11e8-b2b9-ac1f6b6435d0_dst.png",
  "imageData": null,
  "imageHeight": 512,
  "imageWidth": 512
}