{
  "version": "4.5.6",
  "flags": {},
  "shapes": [
    {
      "label": "细胞膜",
      "points": [
        [
          55.57142857142857,
          103.14285714285714
        ],
        [
          44.14285714285714,
          128.28571428571428
        ],
        [
          40.14285714285714,
          147.14285714285714
        ],
        [
          37.85714285714286,
          167.14285714285714
        ],
        [
          31.0,
          183.71428571428572
        ],
        [
          41.28571428571429,
          183.71428571428572
        ],
        [
          76.14285714285714,
          169.42857142857142
        ],
        [
          92.14285714285714,
          152.28571428571428
        ],
        [
          106.42857142857142,
          131.14285714285714
        ],
        [
          114.42857142857142,
          111.14285714285714
        ],
        [
          119.0,
          100.85714285714286
        ],
        [
          124.14285714285714,
          96.28571428571429
        ],
        [
          127.0,
          90.57142857142857
        ],
        [
          116.71428571428572,
          92.85714285714286
        ],
        [
          98.42857142857143,
          92.85714285714286
        ],
        [
          83.57142857142857,
          94.0
        ],
        [
          73.85714285714286,
          94.0
        ],
        [
          65.28571428571429,
          94.0
        ]
      ],
      "group_id": null,
      "shape_type": "polygon",
      "flags": {}
    },
    {
      "label": "细胞膜",
      "points": [
        [
          108.14285714285714,
          135.14285714285714
        ],
        [
          99.0,
          146.0
        ],
        [
          92.14285714285714,
          159.14285714285714
        ],
        [
          89.28571428571429,
          172.28571428571428
        ],
        [
          89.28571428571429,
          179.71428571428572
        ],
        [
          111.57142857142858,
          187.14285714285714
        ],
        [
          121.85714285714286,
          187.14285714285714
        ],
        [
          126.42857142857142,
          183.14285714285714
        ],
        [
          126.42857142857142,
          169.42857142857142
        ],
        [
          125.85714285714286,
          157.42857142857142
        ],
        [
          125.85714285714286,
          151.71428571428572
        ],
        [
          146.42857142857142,
          139.14285714285714
        ],
        [
          178.42857142857142,
          124.28571428571429
        ],
        [
          199.0,
          107.71428571428571
        ],
        [
          209.85714285714286,
          99.71428571428571
        ],
        [
          211.0,
          86.0
        ],
        [
          211.0,
          76.28571428571429
        ],
        [
          208.14285714285714,
          68.85714285714286
        ],
        [
          202.42857142857142,
          65.42857142857143
        ],
        [
          193.85714285714286,
          69.42857142857143
        ],
        [
          177.85714285714286,
          76.85714285714286
        ],
        [
          160.14285714285714,
          84.85714285714286
        ],
        [
          144.14285714285714,
          93.42857142857143
        ],
        [
          133.85714285714286,
          103.71428571428571
        ],
        [
          126.42857142857142,
          116.85714285714286
        ],
        [
          114.42857142857142,
          126.57142857142858
        ]
      ],
      "group_id": null,
      "shape_type": "polygon",
      "flags": {}
    },
    {
      "label": "细胞膜",
      "points": [
        [
          115.0,
          200.28571428571428
        ],
        [
          107.57142857142858,
          212.28571428571428
        ],
        [
          102.42857142857142,
          228.85714285714286
        ],
        [
          103.57142857142858,
          248.85714285714286
        ],
        [
          111.0,
          263.7142857142857
        ],
        [
          116.14285714285714,
          268.2857142857143
        ],
        [
          108.71428571428572,
          274.57142857142856
        ],
        [
          100.14285714285714,
          277.42857142857144
        ],
        [
          80.71428571428571,
          271.7142857142857
        ],
        [
          51.0,
          255.71428571428572
        ],
        [
          41.28571428571429,
          243.14285714285714
        ],
        [
          25.857142857142854,
          230.0
        ],
        [
          23.0,
          219.71428571428572
        ],
        [
          21.285714285714285,
          207.71428571428572
        ],
        [
          25.285714285714285,
          202.0
        ],
        [
          37.28571428571429,
          200.28571428571428
        ],
        [
          46.42857142857143,
          198.0
        ],
        [
          51.57142857142857,
          194.57142857142858
        ],
        [
          65.28571428571429,
          187.71428571428572
        ],
        [
          73.28571428571429,
          186.57142857142858
        ],
        [
          78.42857142857143,
          186.57142857142858
        ],
        [
          84.14285714285714,
          188.28571428571428
        ],
        [
          96.71428571428571,
          188.28571428571428
        ],
        [
          104.71428571428572,
          189.42857142857142
        ],
        [
          116.14285714285714,
          190.0
        ],
        [
          119.0,
          192.85714285714286
        ]
      ],
      "group_id": null,
      "shape_type": "polygon",
      "flags": {}
    },
    {
      "label": "细胞膜",
      "points": [
        [
          308.14285714285717,
          74.0
        ],
        [
          313.85714285714283,
          80.28571428571429
        ],
        [
          329.85714285714283,
          89.42857142857143
        ],
        [
          349.85714285714283,
          94.0
        ],
        [
          373.85714285714283,
          99.14285714285714
        ],
        [
          387.57142857142856,
          100.28571428571429
        ],
        [
          408.14285714285717,
          104.28571428571429
        ],
        [
          421.85714285714283,
          102.0
        ],
        [
          430.42857142857144,
          92.85714285714286
        ],
        [
          444.7142857142857,
          83.71428571428571
        ],
        [
          460.14285714285717,
          72.85714285714286
        ],
        [
          469.2857142857143,
          67.14285714285714
        ],
        [
          472.14285714285717,
          52.285714285714285
        ],
        [
          471.0,
          43.714285714285715
        ],
        [
          465.85714285714283,
          32.285714285714285
        ],
        [
          457.2857142857143,
          23.714285714285715
        ],
        [
          449.2857142857143,
          22.0
        ],
        [
          444.7142857142857,
          18.571428571428573
        ],
        [
          442.42857142857144,
          14.571428571428573
        ],
        [
          428.14285714285717,
          19.714285714285715
        ],
        [
          419.0,
          23.142857142857142
        ],
        [
          396.7142857142857,
          24.285714285714285
        ],
        [
          372.14285714285717,
          26.571428571428573
        ],
        [
          361.2857142857143,
          26.571428571428573
        ],
        [
          344.7142857142857,
          26.0
        ],
        [
          332.14285714285717,
          36.857142857142854
        ],
        [
          321.2857142857143,
          50.0
        ],
        [
          313.2857142857143,
          59.142857142857146
        ],
        [
          310.42857142857144,
          65.42857142857143
        ]
      ],
      "group_id": null,
      "shape_type": "polygon",
      "flags": {}
    },
    {
      "label": "细胞膜",
      "points": [
        [
          288.7142857142857,
          78.0
        ],
        [
          304.7142857142857,
          81.42857142857143
        ],
        [
          321.2857142857143,
          90.0
        ],
        [
          333.2857142857143,
          95.14285714285714
        ],
        [
          339.0,
          104.28571428571429
        ],
        [
          343.57142857142856,
          116.28571428571429
        ],
        [
          343.57142857142856,
          124.85714285714286
        ],
        [
          342.42857142857144,
          136.28571428571428
        ],
        [
          339.57142857142856,
          144.28571428571428
        ],
        [
          333.2857142857143,
          151.71428571428572
        ],
        [
          325.85714285714283,
          152.85714285714286
        ],
        [
          314.42857142857144,
          150.57142857142858
        ],
        [
          301.2857142857143,
          146.0
        ],
        [
          289.85714285714283,
          140.28571428571428
        ],
        [
          275.0,
          128.85714285714286
        ],
        [
          267.0,
          120.28571428571429
        ],
        [
          266.42857142857144,
          110.57142857142857
        ],
        [
          271.57142857142856,
          100.28571428571429
        ],
        [
          276.14285714285717,
          92.28571428571429
        ],
        [
          280.14285714285717,
          84.85714285714286
        ]
      ],
      "group_id": null,
      "shape_type": "polygon",
      "flags": {}
    },
    {
      "label": "细胞膜",
      "points": [
        [
          370.42857142857144,
          135.71428571428572
        ],
        [
          383.57142857142856,
          123.14285714285714
        ],
        [
          403.57142857142856,
          119.71428571428571
        ],
        [
          420.14285714285717,
          128.28571428571428
        ],
        [
          439.0,
          137.42857142857142
        ],
        [
          452.7142857142857,
          154.0
        ],
        [
          460.7142857142857,
          167.71428571428572
        ],
        [
          468.7142857142857,
          187.71428571428572
        ],
        [
          473.85714285714283,
          203.14285714285714
        ],
        [
          471.57142857142856,
          231.71428571428572
        ],
        [
          467.0,
          248.28571428571428
        ],
        [
          447.57142857142856,
          258.57142857142856
        ],
        [
          431.57142857142856,
          251.71428571428572
        ],
        [
          420.7142857142857,
          239.14285714285714
        ],
        [
          410.42857142857144,
          226.57142857142858
        ],
        [
          389.2857142857143,
          204.85714285714286
        ],
        [
          381.2857142857143,
          195.14285714285714
        ],
        [
          365.2857142857143,
          180.85714285714286
        ],
        [
          363.57142857142856,
          167.14285714285714
        ],
        [
          365.2857142857143,
          154.0
        ],
        [
          365.85714285714283,
          143.71428571428572
        ]
      ],
      "group_id": null,
      "shape_type": "polygon",
      "flags": {}
    },
    {
      "label": "细胞膜",
      "points": [
        [
          1.2857142857142847,
          369.42857142857144
        ],
        [
          7.0,
          384.2857142857143
        ],
        [
          11.57142857142857,
          389.42857142857144
        ],
        [
          23.0,
          391.14285714285717
        ],
        [
          30.42857142857143,
          386.0
        ],
        [
          30.42857142857143,
          375.7142857142857
        ],
        [
          29.285714285714285,
          360.85714285714283
        ],
        [
          27.0,
          335.14285714285717
        ],
        [
          23.57142857142857,
          306.0
        ],
        [
          23.0,
          298.0
        ],
        [
          32.142857142857146,
          291.7142857142857
        ],
        [
          20.142857142857146,
          280.2857142857143
        ],
        [
          15.57142857142857,
          275.7142857142857
        ],
        [
          8.142857142857146,
          265.42857142857144
        ],
        [
          3.5714285714285694,
          263.14285714285717
        ],
        [
          0,
          261
        ]
      ],
      "group_id": null,
      "shape_type": "polygon",
      "flags": {}
    },
    {
      "label": "细胞膜",
      "points": [
        [
          0.14285714285714235,
          412.85714285714283
        ],
        [
          0.14285714285714235,
          491.14285714285717
        ],
        [
          19.0,
          492.2857142857143
        ],
        [
          29.285714285714285,
          494.57142857142856
        ],
        [
          37.85714285714286,
          498.57142857142856
        ],
        [
          41.85714285714286,
          503.7142857142857
        ],
        [
          42,
          511
        ],
        [
          74,
          511
        ],
        [
          65.85714285714286,
          496.85714285714283
        ],
        [
          60.14285714285714,
          482.0
        ],
        [
          57.28571428571429,
          470.57142857142856
        ],
        [
          61.28571428571429,
          464.85714285714283
        ],
        [
          59.0,
          455.7142857142857
        ],
        [
          55.0,
          444.2857142857143
        ],
        [
          48.14285714285714,
          434.57142857142856
        ],
        [
          44.14285714285714,
          426.0
        ],
        [
          38.42857142857143,
          410.0
        ],
        [
          36.14285714285714,
          397.42857142857144
        ],
        [
          32.714285714285715,
          388.85714285714283
        ],
        [
          25.285714285714285,
          390.57142857142856
        ],
        [
          17.857142857142854,
          392.85714285714283
        ],
        [
          11.57142857142857,
          391.14285714285717
        ],
        [
          7.0,
          392.2857142857143
        ],
        [
          3.0,
          398.57142857142856
        ]
      ],
      "group_id": null,
      "shape_type": "polygon",
      "flags": {}
    },
    {
      "label": "细胞膜",
      "points": [
        [
          176.14285714285714,
          461.42857142857144
        ],
        [
          185.85714285714286,
          459.14285714285717
        ],
        [
          195.57142857142858,
          460.85714285714283
        ],
        [
          203.57142857142858,
          462.0
        ],
        [
          216.71428571428572,
          458.57142857142856
        ],
        [
          224.14285714285714,
          456.85714285714283
        ],
        [
          219.0,
          450.57142857142856
        ],
        [
          229.85714285714283,
          448.85714285714283
        ],
        [
          240.14285714285717,
          446.57142857142856
        ],
        [
          248.14285714285717,
          449.42857142857144
        ],
        [
          252.71428571428572,
          454.0
        ],
        [
          254.42857142857144,
          461.42857142857144
        ],
        [
          273.85714285714283,
          473.42857142857144
        ],
        [
          282.42857142857144,
          482.0
        ],
        [
          283.57142857142856,
          490.0
        ],
        [
          289.85714285714283,
          496.85714285714283
        ],
        [
          289.85714285714283,
          503.14285714285717
        ],
        [
          286.42857142857144,
          504.2857142857143
        ],
        [
          286.42857142857144,
          510.0
        ],
        [
          258.42857142857144,
          510.57142857142856
        ],
        [
          256.7142857142857,
          506.57142857142856
        ],
        [
          246.42857142857144,
          504.85714285714283
        ],
        [
          233.28571428571428,
          502.0
        ],
        [
          217.85714285714286,
          495.14285714285717
        ],
        [
          205.85714285714286,
          487.7142857142857
        ],
        [
          197.28571428571428,
          484.2857142857143
        ],
        [
          183.57142857142858,
          482.0
        ],
        [
          174.42857142857142,
          479.14285714285717
        ],
        [
          164.14285714285714,
          479.14285714285717
        ],
        [
          163.57142857142858,
          471.14285714285717
        ],
        [
          167.0,
          468.85714285714283
        ],
        [
          174.42857142857142,
          467.14285714285717
        ]
      ],
      "group_id": null,
      "shape_type": "polygon",
      "flags": {}
    },
    {
      "label": "细胞膜",
      "points": [
        [
          281.85714285714283,
          423.7142857142857
        ],
        [
          283.0,
          436.2857142857143
        ],
        [
          285.2857142857143,
          448.2857142857143
        ],
        [
          300.7142857142857,
          458.0
        ],
        [
          314.42857142857144,
          462.57142857142856
        ],
        [
          328.7142857142857,
          464.2857142857143
        ],
        [
          343.0,
          464.2857142857143
        ],
        [
          358.42857142857144,
          457.42857142857144
        ],
        [
          365.2857142857143,
          447.14285714285717
        ],
        [
          367.0,
          433.42857142857144
        ],
        [
          357.85714285714283,
          421.42857142857144
        ],
        [
          348.7142857142857,
          413.42857142857144
        ],
        [
          341.85714285714283,
          411.14285714285717
        ],
        [
          340.7142857142857,
          404.85714285714283
        ],
        [
          336.7142857142857,
          400.85714285714283
        ],
        [
          329.2857142857143,
          400.85714285714283
        ],
        [
          326.42857142857144,
          402.57142857142856
        ],
        [
          319.57142857142856,
          405.42857142857144
        ],
        [
          307.0,
          406.57142857142856
        ],
        [
          291.0,
          408.2857142857143
        ],
        [
          285.85714285714283,
          411.7142857142857
        ],
        [
          281.85714285714283,
          415.7142857142857
        ]
      ],
      "group_id": null,
      "shape_type": "polygon",
      "flags": {}
    },
    {
      "label": "细胞膜",
      "points": [
        [
          388.7142857142857,
          392.85714285714283
        ],
        [
          393.2857142857143,
          403.14285714285717
        ],
        [
          396.7142857142857,
          418.0
        ],
        [
          401.85714285714283,
          423.7142857142857
        ],
        [
          412.14285714285717,
          432.85714285714283
        ],
        [
          421.2857142857143,
          437.42857142857144
        ],
        [
          428.14285714285717,
          440.85714285714283
        ],
        [
          444.7142857142857,
          442.57142857142856
        ],
        [
          455.0,
          442.57142857142856
        ],
        [
          469.85714285714283,
          441.42857142857144
        ],
        [
          467.0,
          434.0
        ],
        [
          472.14285714285717,
          424.2857142857143
        ],
        [
          480.14285714285717,
          415.7142857142857
        ],
        [
          481.85714285714283,
          411.14285714285717
        ],
        [
          479.0,
          404.2857142857143
        ],
        [
          470.42857142857144,
          402.0
        ],
        [
          464.7142857142857,
          396.85714285714283
        ],
        [
          461.85714285714283,
          390.0
        ],
        [
          458.42857142857144,
          384.2857142857143
        ],
        [
          453.85714285714283,
          383.7142857142857
        ],
        [
          451.57142857142856,
          389.42857142857144
        ],
        [
          438.42857142857144,
          387.14285714285717
        ],
        [
          431.57142857142856,
          384.85714285714283
        ],
        [
          428.7142857142857,
          379.7142857142857
        ],
        [
          420.7142857142857,
          378.57142857142856
        ],
        [
          412.7142857142857,
          376.2857142857143
        ],
        [
          400.14285714285717,
          379.7142857142857
        ],
        [
          392.7142857142857,
          383.14285714285717
        ]
      ],
      "group_id": null,
      "shape_type": "polygon",
      "flags": {}
    },
    {
      "label": "细胞膜",
      "points": [
        [
          332.7142857142857,
          510.0
        ],
        [
          351.0,
          502.0
        ],
        [
          365.2857142857143,
          492.2857142857143
        ],
        [
          377.2857142857143,
          490.57142857142856
        ],
        [
          383.0,
          491.14285714285717
        ],
        [
          393.2857142857143,
          483.7142857142857
        ],
        [
          405.85714285714283,
          483.14285714285717
        ],
        [
          415.0,
          487.14285714285717
        ],
        [
          423.57142857142856,
          491.7142857142857
        ],
        [
          432.7142857142857,
          499.14285714285717
        ],
        [
          431,
          511
        ],
        [
          335,
          511
        ]
      ],
      "group_id": null,
      "shape_type": "polygon",
      "flags": {}
    },
    {
      "label": "细胞膜",
      "points": [
        [
          213.28571428571428,
          144.85714285714286
        ],
        [
          219.57142857142858,
          158.0
        ],
        [
          223.57142857142858,
          167.14285714285714
        ],
        [
          221.28571428571428,
          172.85714285714286
        ],
        [
          218.42857142857142,
          187.71428571428572
        ],
        [
          224.14285714285714,
          193.42857142857142
        ],
        [
          225.28571428571428,
          195.14285714285714
        ],
        [
          220.71428571428572,
          202.0
        ],
        [
          222.42857142857142,
          212.85714285714286
        ],
        [
          232.71428571428572,
          216.85714285714286
        ],
        [
          235.57142857142856,
          228.28571428571428
        ],
        [
          240.14285714285717,
          242.57142857142858
        ],
        [
          245.85714285714283,
          256.2857142857143
        ],
        [
          249.28571428571428,
          264.85714285714283
        ],
        [
          258.42857142857144,
          266.57142857142856
        ],
        [
          266.42857142857144,
          266.0
        ],
        [
          274.42857142857144,
          258.57142857142856
        ],
        [
          278.42857142857144,
          242.57142857142858
        ],
        [
          282.42857142857144,
          223.71428571428572
        ],
        [
          286.42857142857144,
          203.71428571428572
        ],
        [
          289.85714285714283,
          183.14285714285714
        ],
        [
          291.0,
          164.28571428571428
        ],
        [
          282.42857142857144,
          151.14285714285714
        ],
        [
          272.14285714285717,
          141.42857142857142
        ],
        [
          259.57142857142856,
          138.57142857142858
        ],
        [
          249.28571428571428,
          138.57142857142858
        ],
        [
          239.0,
          142.57142857142858
        ],
        [
          236.14285714285717,
          139.14285714285714
        ],
        [
          229.85714285714283,
          136.28571428571428
        ],
        [
          223.57142857142858,
          138.57142857142858
        ]
      ],
      "group_id": null,
      "shape_type": "polygon",
      "flags": {}
    },
    {
      "label": "细胞膜",
      "points": [
        [
          105.28571428571428,
          228.85714285714286
        ],
        [
          130.42857142857142,
          210.57142857142858
        ],
        [
          145.85714285714286,
          203.14285714285714
        ],
        [
          176.14285714285714,
          203.14285714285714
        ],
        [
          203.57142857142858,
          206.57142857142858
        ],
        [
          215.57142857142858,
          210.0
        ],
        [
          228.71428571428572,
          220.28571428571428
        ],
        [
          233.85714285714283,
          226.0
        ],
        [
          233.85714285714283,
          232.85714285714286
        ],
        [
          224.14285714285714,
          235.71428571428572
        ],
        [
          212.14285714285714,
          235.71428571428572
        ],
        [
          200.71428571428572,
          238.0
        ],
        [
          188.71428571428572,
          245.42857142857142
        ],
        [
          179.57142857142858,
          251.14285714285714
        ],
        [
          175.57142857142858,
          259.14285714285717
        ],
        [
          170.42857142857142,
          267.7142857142857
        ],
        [
          157.28571428571428,
          269.42857142857144
        ],
        [
          140.71428571428572,
          267.14285714285717
        ],
        [
          128.71428571428572,
          263.14285714285717
        ],
        [
          111.57142857142858,
          258.57142857142856
        ],
        [
          106.42857142857142,
          248.85714285714286
        ],
        [
          103.57142857142858,
          239.71428571428572
        ]
      ],
      "group_id": null,
      "shape_type": "polygon",
      "flags": {}
    },
    {
      "label": "细胞膜",
      "points": [
        [
          177.85714285714286,
          262.0
        ],
        [
          180.71428571428572,
          275.7142857142857
        ],
        [
          192.14285714285714,
          291.7142857142857
        ],
        [
          205.85714285714286,
          300.85714285714283
        ],
        [
          221.28571428571428,
          302.0
        ],
        [
          235.0,
          291.14285714285717
        ],
        [
          240.71428571428572,
          272.2857142857143
        ],
        [
          242.42857142857144,
          260.2857142857143
        ],
        [
          242.42857142857144,
          248.28571428571428
        ],
        [
          236.71428571428572,
          239.71428571428572
        ],
        [
          235.0,
          235.14285714285714
        ],
        [
          226.42857142857142,
          237.42857142857142
        ],
        [
          213.85714285714286,
          238.57142857142858
        ],
        [
          203.0,
          239.14285714285714
        ],
        [
          193.28571428571428,
          243.14285714285714
        ],
        [
          187.0,
          248.85714285714286
        ],
        [
          183.0,
          254.0
        ]
      ],
      "group_id": null,
      "shape_type": "polygon",
      "flags": {}
    },
    {
      "label": "细胞膜",
      "points": [
        [
          315.57142857142856,
          242.57142857142858
        ],
        [
          293.85714285714283,
          251.71428571428572
        ],
        [
          289.2857142857143,
          263.7142857142857
        ],
        [
          293.2857142857143,
          284.85714285714283
        ],
        [
          305.85714285714283,
          292.2857142857143
        ],
        [
          319.0,
          294.0
        ],
        [
          335.0,
          294.0
        ],
        [
          352.7142857142857,
          295.14285714285717
        ],
        [
          376.7142857142857,
          293.42857142857144
        ],
        [
          385.2857142857143,
          294.0
        ],
        [
          396.7142857142857,
          298.0
        ],
        [
          413.2857142857143,
          300.2857142857143
        ],
        [
          417.2857142857143,
          294.57142857142856
        ],
        [
          418.42857142857144,
          280.2857142857143
        ],
        [
          421.2857142857143,
          265.42857142857144
        ],
        [
          421.2857142857143,
          257.42857142857144
        ],
        [
          415.0,
          249.42857142857142
        ],
        [
          403.57142857142856,
          250.57142857142858
        ],
        [
          390.42857142857144,
          251.71428571428572
        ],
        [
          382.42857142857144,
          252.28571428571428
        ],
        [
          367.57142857142856,
          247.14285714285714
        ],
        [
          347.57142857142856,
          244.85714285714286
        ],
        [
          329.85714285714283,
          240.85714285714286
        ]
      ],
      "group_id": null,
      "shape_type": "polygon",
      "flags": {}
    },
    {
      "label": "细胞膜",
      "points": [
        [
          28.142857142857146,
          256.2857142857143
        ],
        [
          45.28571428571429,
          264.2857142857143
        ],
        [
          56.71428571428571,
          277.42857142857144
        ],
        [
          72.14285714285714,
          295.14285714285717
        ],
        [
          86.42857142857143,
          310.0
        ],
        [
          100.14285714285714,
          316.2857142857143
        ],
        [
          119.0,
          324.85714285714283
        ],
        [
          119.0,
          310.57142857142856
        ],
        [
          115.0,
          296.85714285714283
        ],
        [
          104.71428571428572,
          287.7142857142857
        ],
        [
          97.28571428571429,
          282.57142857142856
        ],
        [
          84.14285714285714,
          275.7142857142857
        ],
        [
          72.14285714285714,
          270.0
        ],
        [
          55.57142857142857,
          260.2857142857143
        ],
        [
          44.14285714285714,
          255.71428571428572
        ],
        [
          34.42857142857143,
          248.28571428571428
        ],
        [
          28.142857142857146,
          244.28571428571428
        ],
        [
          21.285714285714285,
          239.71428571428572
        ],
        [
          17.285714285714285,
          239.71428571428572
        ],
        [
          16.142857142857146,
          246.0
        ],
        [
          22.42857142857143,
          252.85714285714286
        ]
      ],
      "group_id": null,
      "shape_type": "polygon",
      "flags": {}
    },
    {
      "label": "细胞膜",
      "points": [
        [
          122.42857142857142,
          308.85714285714283
        ],
        [
          119.0,
          295.7142857142857
        ],
        [
          119.57142857142858,
          289.42857142857144
        ],
        [
          128.14285714285714,
          282.57142857142856
        ],
        [
          138.42857142857142,
          278.57142857142856
        ],
        [
          143.0,
          281.42857142857144
        ],
        [
          145.28571428571428,
          289.42857142857144
        ],
        [
          153.85714285714286,
          290.57142857142856
        ],
        [
          163.0,
          289.42857142857144
        ],
        [
          172.14285714285714,
          301.42857142857144
        ],
        [
          173.85714285714286,
          312.85714285714283
        ],
        [
          179.0,
          327.7142857142857
        ],
        [
          180.71428571428572,
          339.7142857142857
        ],
        [
          190.42857142857142,
          330.0
        ],
        [
          197.85714285714286,
          327.14285714285717
        ],
        [
          203.0,
          332.85714285714283
        ],
        [
          201.28571428571428,
          338.57142857142856
        ],
        [
          212.71428571428572,
          350.0
        ],
        [
          205.28571428571428,
          358.57142857142856
        ],
        [
          212.71428571428572,
          365.42857142857144
        ],
        [
          216.71428571428572,
          367.7142857142857
        ],
        [
          215.0,
          377.42857142857144
        ],
        [
          207.57142857142858,
          381.42857142857144
        ],
        [
          198.42857142857142,
          381.42857142857144
        ],
        [
          184.14285714285714,
          378.57142857142856
        ],
        [
          165.28571428571428,
          372.2857142857143
        ],
        [
          150.42857142857142,
          365.42857142857144
        ],
        [
          135.57142857142858,
          356.85714285714283
        ],
        [
          127.0,
          343.14285714285717
        ],
        [
          122.42857142857142,
          331.14285714285717
        ],
        [
          123.0,
          318.0
        ]
      ],
      "group_id": null,
      "shape_type": "polygon",
      "flags": {}
    },
    {
      "label": "细胞膜",
      "points": [
        [
          100.14285714285714,
          370.57142857142856
        ],
        [
          115.57142857142858,
          395.14285714285717
        ],
        [
          131.57142857142858,
          413.42857142857144
        ],
        [
          151.0,
          424.2857142857143
        ],
        [
          172.71428571428572,
          436.85714285714283
        ],
        [
          187.57142857142858,
          442.0
        ],
        [
          216.71428571428572,
          442.0
        ],
        [
          230.42857142857144,
          422.57142857142856
        ],
        [
          244.14285714285717,
          404.2857142857143
        ],
        [
          245.28571428571428,
          387.14285714285717
        ],
        [
          240.14285714285717,
          371.14285714285717
        ],
        [
          232.14285714285717,
          362.57142857142856
        ],
        [
          220.14285714285714,
          369.42857142857144
        ],
        [
          217.85714285714286,
          377.42857142857144
        ],
        [
          207.57142857142858,
          382.0
        ],
        [
          190.42857142857142,
          382.0
        ],
        [
          179.57142857142858,
          379.14285714285717
        ],
        [
          165.28571428571428,
          373.42857142857144
        ],
        [
          149.85714285714286,
          368.85714285714283
        ],
        [
          140.71428571428572,
          361.42857142857144
        ],
        [
          130.42857142857142,
          358.57142857142856
        ],
        [
          125.85714285714286,
          360.85714285714283
        ],
        [
          128.14285714285714,
          369.42857142857144
        ],
        [
          125.85714285714286,
          370.0
        ],
        [
          120.71428571428572,
          370.0
        ],
        [
          113.28571428571428,
          367.14285714285717
        ],
        [
          104.14285714285714,
          365.42857142857144
        ],
        [
          98.42857142857143,
          364.85714285714283
        ]
      ],
      "group_id": null,
      "shape_type": "polygon",
      "flags": {}
    },
    {
      "label": "细胞膜",
      "points": [
        [
          221.85714285714286,
          343.7142857142857
        ],
        [
          240.71428571428572,
          358.57142857142856
        ],
        [
          259.57142857142856,
          359.7142857142857
        ],
        [
          277.85714285714283,
          363.7142857142857
        ],
        [
          303.57142857142856,
          371.14285714285717
        ],
        [
          329.2857142857143,
          376.85714285714283
        ],
        [
          362.42857142857144,
          379.14285714285717
        ],
        [
          388.7142857142857,
          378.0
        ],
        [
          408.7142857142857,
          374.57142857142856
        ],
        [
          417.85714285714283,
          376.2857142857143
        ],
        [
          423.57142857142856,
          376.2857142857143
        ],
        [
          421.2857142857143,
          368.2857142857143
        ],
        [
          408.14285714285717,
          365.42857142857144
        ],
        [
          401.2857142857143,
          355.7142857142857
        ],
        [
          393.2857142857143,
          347.7142857142857
        ],
        [
          388.7142857142857,
          338.0
        ],
        [
          385.2857142857143,
          326.57142857142856
        ],
        [
          375.57142857142856,
          314.0
        ],
        [
          371.57142857142856,
          304.85714285714283
        ],
        [
          360.7142857142857,
          299.7142857142857
        ],
        [
          348.7142857142857,
          297.42857142857144
        ],
        [
          331.0,
          295.7142857142857
        ],
        [
          313.2857142857143,
          296.2857142857143
        ],
        [
          296.7142857142857,
          300.85714285714283
        ],
        [
          284.7142857142857,
          307.7142857142857
        ],
        [
          274.42857142857144,
          319.14285714285717
        ],
        [
          267.0,
          327.7142857142857
        ],
        [
          256.7142857142857,
          330.57142857142856
        ],
        [
          242.42857142857144,
          328.85714285714283
        ],
        [
          234.42857142857144,
          330.57142857142856
        ],
        [
          225.28571428571428,
          335.14285714285717
        ],
        [
          221.28571428571428,
          338.0
        ]
      ],
      "group_id": null,
      "shape_type": "polygon",
      "flags": {}
    },
    {
      "label": "细胞膜",
      "points": [
        [
          510.42857142857144,
          57.42857142857143
        ],
        [
          500.71428571428567,
          60.285714285714285
        ],
        [
          495.57142857142856,
          64.85714285714286
        ],
        [
          495.57142857142856,
          72.28571428571429
        ],
        [
          494.42857142857144,
          80.28571428571429
        ],
        [
          488.71428571428567,
          86.0
        ],
        [
          476.7142857142857,
          92.85714285714286
        ],
        [
          473.85714285714283,
          103.14285714285714
        ],
        [
          476.14285714285717,
          116.85714285714286
        ],
        [
          482.42857142857144,
          131.14285714285714
        ],
        [
          488.71428571428567,
          138.0
        ],
        [
          489.28571428571433,
          146.57142857142858
        ],
        [
          485.8571428571429,
          154.0
        ],
        [
          484.1428571428571,
          162.0
        ],
        [
          484.71428571428567,
          172.85714285714286
        ],
        [
          488.1428571428571,
          186.57142857142858
        ],
        [
          492.1428571428571,
          196.28571428571428
        ],
        [
          495.0,
          202.57142857142858
        ],
        [
          491.57142857142856,
          207.71428571428572
        ],
        [
          488.71428571428567,
          219.14285714285714
        ],
        [
          491.0,
          225.42857142857142
        ],
        [
          494.42857142857144,
          231.14285714285714
        ],
        [
          495.0,
          239.14285714285714
        ],
        [
          493.8571428571429,
          247.14285714285714
        ],
        [
          492.71428571428567,
          254.0
        ],
        [
          501.8571428571429,
          262.0
        ],
        [
          511,
          265
        ],
        [
          511,
          58
        ]
      ],
      "group_id": null,
      "shape_type": "polygon",
      "flags": {}
    },
    {
      "label": "细胞核",
      "points": [
        [
          56.09090909090909,
          121.72727272727273
        ],
        [
          48.70454545454545,
          133.0909090909091
        ],
        [
          47.0,
          145.02272727272728
        ],
        [
          48.70454545454545,
          159.22727272727272
        ],
        [
          58.93181818181819,
          166.04545454545453
        ],
        [
          77.68181818181819,
          156.38636363636363
        ],
        [
          81.0909090909091,
          143.88636363636363
        ],
        [
          81.6590909090909,
          135.36363636363637
        ],
        [
          78.81818181818181,
          126.8409090909091
        ],
        [
          73.13636363636364,
          122.29545454545455
        ],
        [
          64.04545454545455,
          120.5909090909091
        ]
      ],
      "group_id": null,
      "shape_type": "polygon",
      "flags": {}
    },
    {
      "label": "细胞核",
      "points": [
        [
          129.95454545454547,
          119.45454545454545
        ],
        [
          120.29545454545453,
          123.43181818181819
        ],
        [
          112.3409090909091,
          131.95454545454547
        ],
        [
          108.93181818181819,
          137.63636363636363
        ],
        [
          109.5,
          147.29545454545453
        ],
        [
          117.45454545454547,
          152.4090909090909
        ],
        [
          128.25,
          147.29545454545453
        ],
        [
          141.88636363636363,
          139.3409090909091
        ],
        [
          153.25,
          135.36363636363637
        ],
        [
          158.36363636363637,
          129.11363636363637
        ],
        [
          159.5,
          117.18181818181819
        ],
        [
          158.9318181818182,
          110.93181818181819
        ],
        [
          153.25,
          108.0909090909091
        ],
        [
          142.45454545454547,
          110.93181818181819
        ],
        [
          133.36363636363637,
          113.20454545454545
        ]
      ],
      "group_id": null,
      "shape_type": "polygon",
      "flags": {}
    },
    {
      "label": "细胞核",
      "points": [
        [
          53.25,
          225.13636363636363
        ],
        [
          51.54545454545455,
          233.0909090909091
        ],
        [
          58.93181818181819,
          244.45454545454547
        ],
        [
          64.04545454545455,
          249.5681818181818
        ],
        [
          73.13636363636364,
          253.54545454545453
        ],
        [
          91.31818181818181,
          251.27272727272728
        ],
        [
          98.70454545454545,
          233.6590909090909
        ],
        [
          94.72727272727273,
          230.25
        ],
        [
          77.11363636363636,
          225.70454545454547
        ],
        [
          68.5909090909091,
          221.1590909090909
        ],
        [
          62.34090909090909,
          218.88636363636363
        ]
      ],
      "group_id": null,
      "shape_type": "polygon",
      "flags": {}
    },
    {
      "label": "细胞核",
      "points": [
        [
          136.77272727272728,
          219.45454545454547
        ],
        [
          131.6590909090909,
          232.52272727272728
        ],
        [
          136.20454545454547,
          246.72727272727272
        ],
        [
          148.70454545454547,
          251.27272727272728
        ],
        [
          164.61363636363637,
          251.8409090909091
        ],
        [
          177.6818181818182,
          247.29545454545453
        ],
        [
          183.9318181818182,
          236.5
        ],
        [
          189.61363636363637,
          227.4090909090909
        ],
        [
          196.4318181818182,
          220.02272727272728
        ],
        [
          199.27272727272728,
          217.75
        ],
        [
          193.02272727272728,
          213.20454545454547
        ],
        [
          184.5,
          210.9318181818182
        ],
        [
          174.8409090909091,
          209.79545454545453
        ],
        [
          160.63636363636363,
          209.79545454545453
        ],
        [
          146.4318181818182,
          212.63636363636363
        ]
      ],
      "group_id": null,
      "shape_type": "polygon",
      "flags": {}
    },
    {
      "label": "细胞核",
      "points": [
        [
          192.45454545454547,
          247.86363636363637
        ],
        [
          206.6590909090909,
          243.3181818181818
        ],
        [
          217.45454545454547,
          243.3181818181818
        ],
        [
          223.13636363636363,
          252.97727272727272
        ],
        [
          225.97727272727272,
          261.5
        ],
        [
          227.6818181818182,
          271.72727272727275
        ],
        [
          224.8409090909091,
          280.8181818181818
        ],
        [
          217.45454545454547,
          286.5
        ],
        [
          202.6818181818182,
          288.20454545454544
        ],
        [
          194.72727272727272,
          284.22727272727275
        ],
        [
          186.77272727272728,
          275.1363636363636
        ],
        [
          182.79545454545453,
          265.47727272727275
        ],
        [
          183.36363636363637,
          258.09090909090907
        ],
        [
          186.77272727272728,
          252.4090909090909
        ]
      ],
      "group_id": null,
      "shape_type": "polygon",
      "flags": {}
    },
    {
      "label": "细胞核",
      "points": [
        [
          244.72727272727275,
          150.70454545454547
        ],
        [
          240.75,
          166.61363636363637
        ],
        [
          243.59090909090907,
          181.95454545454547
        ],
        [
          253.8181818181818,
          192.1818181818182
        ],
        [
          267.45454545454544,
          195.5909090909091
        ],
        [
          277.6818181818182,
          188.20454545454547
        ],
        [
          279.95454545454544,
          180.8181818181818
        ],
        [
          279.95454545454544,
          168.88636363636363
        ],
        [
          278.8181818181818,
          156.95454545454547
        ],
        [
          276.54545454545456,
          147.86363636363637
        ],
        [
          269.15909090909093,
          143.3181818181818
        ],
        [
          262.34090909090907,
          141.61363636363637
        ],
        [
          253.8181818181818,
          141.61363636363637
        ],
        [
          244.72727272727275,
          142.75
        ]
      ],
      "group_id": null,
      "shape_type": "polygon",
      "flags": {}
    },
    {
      "label": "细胞核",
      "points": [
        [
          290.75,
          93.88636363636364
        ],
        [
          288.47727272727275,
          104.68181818181819
        ],
        [
          282.79545454545456,
          112.63636363636364
        ],
        [
          291.8863636363636,
          122.86363636363636
        ],
        [
          299.27272727272725,
          130.8181818181818
        ],
        [
          310.6363636363636,
          135.9318181818182
        ],
        [
          320.29545454545456,
          131.38636363636363
        ],
        [
          325.97727272727275,
          120.5909090909091
        ],
        [
          323.1363636363636,
          105.81818181818181
        ],
        [
          316.3181818181818,
          96.72727272727273
        ],
        [
          310.0681818181818,
          89.9090909090909
        ],
        [
          304.3863636363636,
          87.63636363636364
        ],
        [
          298.1363636363636,
          89.3409090909091
        ]
      ],
      "group_id": null,
      "shape_type": "polygon",
      "flags": {}
    },
    {
      "label": "细胞核",
      "points": [
        [
          373.1363636363636,
          63.772727272727266
        ],
        [
          368.59090909090907,
          78.54545454545455
        ],
        [
          377.1136363636364,
          91.04545454545455
        ],
        [
          391.8863636363636,
          91.61363636363636
        ],
        [
          408.3636363636364,
          89.9090909090909
        ],
        [
          416.3181818181818,
          81.38636363636364
        ],
        [
          414.6136363636364,
          69.45454545454545
        ],
        [
          407.22727272727275,
          64.3409090909091
        ],
        [
          397.0,
          59.79545454545455
        ],
        [
          388.47727272727275,
          56.38636363636363
        ],
        [
          378.8181818181818,
          58.65909090909091
        ]
      ],
      "group_id": null,
      "shape_type": "polygon",
      "flags": {}
    },
    {
      "label": "细胞核",
      "points": [
        [
          390.75,
          38.20454545454545
        ],
        [
          390.1818181818182,
          47.29545454545455
        ],
        [
          394.72727272727275,
          56.38636363636363
        ],
        [
          404.3863636363636,
          60.93181818181818
        ],
        [
          416.3181818181818,
          67.75
        ],
        [
          422.5681818181818,
          70.02272727272727
        ],
        [
          430.52272727272725,
          66.61363636363636
        ],
        [
          433.9318181818182,
          55.81818181818182
        ],
        [
          435.0681818181818,
          47.29545454545455
        ],
        [
          429.3863636363636,
          38.77272727272727
        ],
        [
          423.1363636363636,
          34.79545454545455
        ],
        [
          411.77272727272725,
          31.954545454545453
        ],
        [
          399.27272727272725,
          32.52272727272727
        ]
      ],
      "group_id": null,
      "shape_type": "polygon",
      "flags": {}
    },
    {
      "label": "细胞核",
      "points": [
        [
          390.75,
          174.5681818181818
        ],
        [
          388.47727272727275,
          182.52272727272728
        ],
        [
          389.04545454545456,
          193.3181818181818
        ],
        [
          395.8636363636364,
          202.97727272727272
        ],
        [
          405.52272727272725,
          210.36363636363637
        ],
        [
          414.04545454545456,
          216.04545454545453
        ],
        [
          428.25,
          214.3409090909091
        ],
        [
          432.79545454545456,
          207.52272727272728
        ],
        [
          435.0681818181818,
          195.5909090909091
        ],
        [
          429.95454545454544,
          185.36363636363637
        ],
        [
          420.8636363636364,
          175.70454545454547
        ],
        [
          414.6136363636364,
          171.1590909090909
        ],
        [
          402.6818181818182,
          169.45454545454547
        ],
        [
          395.29545454545456,
          169.45454545454547
        ]
      ],
      "group_id": null,
      "shape_type": "polygon",
      "flags": {}
    },
    {
      "label": "细胞核",
      "points": [
        [
          73.13636363636364,
          282.52272727272725
        ],
        [
          72.0,
          289.90909090909093
        ],
        [
          78.25,
          300.70454545454544
        ],
        [
          86.77272727272727,
          307.52272727272725
        ],
        [
          98.13636363636364,
          312.6363636363636
        ],
        [
          106.6590909090909,
          314.90909090909093
        ],
        [
          115.18181818181819,
          318.8863636363636
        ],
        [
          115.18181818181819,
          309.79545454545456
        ],
        [
          108.93181818181819,
          299.5681818181818
        ],
        [
          100.97727272727272,
          291.04545454545456
        ],
        [
          93.02272727272727,
          284.79545454545456
        ],
        [
          83.36363636363636,
          279.1136363636364
        ]
      ],
      "group_id": null,
      "shape_type": "polygon",
      "flags": {}
    },
    {
      "label": "细胞核",
      "points": [
        [
          0.9772727272727266,
          291.6136363636364
        ],
        [
          8.363636363636367,
          295.02272727272725
        ],
        [
          18.590909090909093,
          308.65909090909093
        ],
        [
          23.136363636363633,
          326.27272727272725
        ],
        [
          25.409090909090907,
          342.75
        ],
        [
          25.409090909090907,
          354.1136363636364
        ],
        [
          24.840909090909093,
          360.9318181818182
        ],
        [
          18.590909090909093,
          368.3181818181818
        ],
        [
          10.636363636363633,
          370.59090909090907
        ],
        [
          5.522727272727273,
          371.15909090909093
        ],
        [
          0.9772727272727266,
          364.34090909090907
        ],
        [
          0,
          323
        ]
      ],
      "group_id": null,
      "shape_type": "polygon",
      "flags": {}
    },
    {
      "label": "细胞核",
      "points": [
        [
          7.795454545454547,
          427.97727272727275
        ],
        [
          0.9772727272727266,
          436.5
        ],
        [
          0.9772727272727266,
          452.40909090909093
        ],
        [
          4.954545454545453,
          467.1818181818182
        ],
        [
          13.477272727272727,
          475.1363636363636
        ],
        [
          23.704545454545453,
          479.6818181818182
        ],
        [
          42.45454545454545,
          481.3863636363636
        ],
        [
          50.40909090909091,
          471.72727272727275
        ],
        [
          53.81818181818181,
          460.9318181818182
        ],
        [
          50.977272727272734,
          446.15909090909093
        ],
        [
          45.86363636363636,
          434.79545454545456
        ],
        [
          40.18181818181819,
          425.1363636363636
        ],
        [
          29.386363636363633,
          419.45454545454544
        ],
        [
          19.159090909090907,
          418.8863636363636
        ],
        [
          11.772727272727273,
          422.29545454545456
        ]
      ],
      "group_id": null,
      "shape_type": "polygon",
      "flags": {}
    },
    {
      "label": "细胞核",
      "points": [
        [
          133.9318181818182,
          305.25
        ],
        [
          132.22727272727272,
          315.47727272727275
        ],
        [
          136.77272727272728,
          326.84090909090907
        ],
        [
          144.72727272727272,
          333.65909090909093
        ],
        [
          154.38636363636363,
          335.9318181818182
        ],
        [
          165.75,
          337.6363636363636
        ],
        [
          172.0,
          337.6363636363636
        ],
        [
          174.8409090909091,
          333.09090909090907
        ],
        [
          173.70454545454547,
          325.70454545454544
        ],
        [
          169.72727272727272,
          316.6136363636364
        ],
        [
          166.88636363636363,
          312.0681818181818
        ],
        [
          166.3181818181818,
          305.25
        ],
        [
          161.77272727272728,
          305.25
        ],
        [
          156.6590909090909,
          301.84090909090907
        ],
        [
          152.11363636363637,
          297.8636363636364
        ],
        [
          146.4318181818182,
          297.8636363636364
        ],
        [
          140.75,
          298.4318181818182
        ]
      ],
      "group_id": null,
      "shape_type": "polygon",
      "flags": {}
    },
    {
      "label": "细胞核",
      "points": [
        [
          135.0681818181818,
          389.34090909090907
        ],
        [
          131.6590909090909,
          398.4318181818182
        ],
        [
          132.79545454545453,
          405.25
        ],
        [
          138.47727272727272,
          413.77272727272725
        ],
        [
          150.97727272727272,
          418.8863636363636
        ],
        [
          164.04545454545453,
          420.59090909090907
        ],
        [
          172.5681818181818,
          410.9318181818182
        ],
        [
          171.4318181818182,
          400.1363636363636
        ],
        [
          166.88636363636363,
          392.1818181818182
        ],
        [
          157.79545454545453,
          387.6363636363636
        ],
        [
          145.86363636363637,
          387.0681818181818
        ],
        [
          143.02272727272728,
          387.0681818181818
        ]
      ],
      "group_id": null,
      "shape_type": "polygon",
      "flags": {}
    },
    {
      "label": "细胞核",
      "points": [
        [
          179.38636363636363,
          410.9318181818182
        ],
        [
          175.4090909090909,
          418.8863636363636
        ],
        [
          178.8181818181818,
          425.70454545454544
        ],
        [
          187.3409090909091,
          430.8181818181818
        ],
        [
          202.6818181818182,
          430.8181818181818
        ],
        [
          218.5909090909091,
          422.29545454545456
        ],
        [
          222.5681818181818,
          409.79545454545456
        ],
        [
          221.4318181818182,
          402.97727272727275
        ],
        [
          207.22727272727272,
          402.40909090909093
        ],
        [
          192.45454545454547,
          402.40909090909093
        ],
        [
          183.9318181818182,
          402.97727272727275
        ]
      ],
      "group_id": null,
      "shape_type": "polygon",
      "flags": {}
    },
    {
      "label": "细胞核",
      "points": [
        [
          223.70454545454547,
          472.29545454545456
        ],
        [
          223.13636363636363,
          479.6818181818182
        ],
        [
          226.54545454545453,
          490.47727272727275
        ],
        [
          234.5,
          498.4318181818182
        ],
        [
          248.13636363636363,
          502.40909090909093
        ],
        [
          260.6363636363636,
          502.97727272727275
        ],
        [
          267.45454545454544,
          495.59090909090907
        ],
        [
          269.15909090909093,
          484.22727272727275
        ],
        [
          265.75,
          474.0
        ],
        [
          260.6363636363636,
          470.02272727272725
        ],
        [
          250.40909090909093,
          464.90909090909093
        ],
        [
          239.04545454545456,
          464.90909090909093
        ],
        [
          230.52272727272725,
          466.6136363636364
        ]
      ],
      "group_id": null,
      "shape_type": "polygon",
      "flags": {}
    },
    {
      "label": "细胞核",
      "points": [
        [
          303.8181818181818,
          424.5681818181818
        ],
        [
          298.70454545454544,
          430.8181818181818
        ],
        [
          302.1136363636364,
          442.75
        ],
        [
          314.04545454545456,
          451.27272727272725
        ],
        [
          326.54545454545456,
          451.27272727272725
        ],
        [
          335.0681818181818,
          444.45454545454544
        ],
        [
          343.02272727272725,
          438.20454545454544
        ],
        [
          345.8636363636364,
          432.52272727272725
        ],
        [
          343.02272727272725,
          424.0
        ],
        [
          335.0681818181818,
          418.3181818181818
        ],
        [
          327.1136363636364,
          415.47727272727275
        ],
        [
          315.75,
          417.1818181818182
        ]
      ],
      "group_id": null,
      "shape_type": "polygon",
      "flags": {}
    },
    {
      "label": "细胞核",
      "points": [
        [
          325.40909090909093,
          318.3181818181818
        ],
        [
          318.02272727272725,
          334.22727272727275
        ],
        [
          323.1363636363636,
          350.1363636363636
        ],
        [
          336.20454545454544,
          358.09090909090907
        ],
        [
          356.09090909090907,
          362.0681818181818
        ],
        [
          372.0,
          357.52272727272725
        ],
        [
          377.6818181818182,
          349.0
        ],
        [
          378.8181818181818,
          334.79545454545456
        ],
        [
          368.02272727272725,
          323.4318181818182
        ],
        [
          356.09090909090907,
          318.3181818181818
        ],
        [
          343.02272727272725,
          313.77272727272725
        ],
        [
          335.6363636363636,
          313.77272727272725
        ]
      ],
      "group_id": null,
      "shape_type": "polygon",
      "flags": {}
    },
    {
      "label": "细胞核",
      "points": [
        [
          412.90909090909093,
          400.70454545454544
        ],
        [
          408.3636363636364,
          405.8181818181818
        ],
        [
          414.6136363636364,
          419.45454545454544
        ],
        [
          422.0,
          425.70454545454544
        ],
        [
          431.09090909090907,
          430.25
        ],
        [
          437.34090909090907,
          433.65909090909093
        ],
        [
          449.27272727272725,
          433.65909090909093
        ],
        [
          458.9318181818182,
          426.84090909090907
        ],
        [
          464.6136363636364,
          416.6136363636364
        ],
        [
          461.20454545454544,
          406.95454545454544
        ],
        [
          445.8636363636364,
          399.0
        ],
        [
          431.09090909090907,
          395.02272727272725
        ],
        [
          420.29545454545456,
          395.02272727272725
        ]
      ],
      "group_id": null,
      "shape_type": "polygon",
      "flags": {}
    },
    {
      "label": "细胞核",
      "points": [
        [
          364.04545454545456,
          506.95454545454544
        ],
        [
          373.70454545454544,
          502.97727272727275
        ],
        [
          381.09090909090907,
          501.84090909090907
        ],
        [
          384.5,
          504.6818181818182
        ],
        [
          386.77272727272725,
          508.65909090909093
        ],
        [
          385.6363636363636,
          509.79545454545456
        ],
        [
          370.8636363636364,
          509.79545454545456
        ]
      ],
      "group_id": null,
      "shape_type": "polygon",
      "flags": {}
    },
    {
      "label": "细胞核",
      "points": [
        [
          508.3636363636364,
          149.5681818181818
        ],
        [
          509.5,
          224.0
        ],
        [
          502.1136363636364,
          217.75
        ],
        [
          502.68181818181813,
          209.22727272727272
        ],
        [
          503.81818181818187,
          202.4090909090909
        ],
        [
          496.43181818181813,
          196.1590909090909
        ],
        [
          489.0454545454545,
          180.8181818181818
        ],
        [
          489.6136363636364,
          171.1590909090909
        ],
        [
          493.02272727272725,
          162.0681818181818
        ],
        [
          494.1590909090909,
          154.11363636363637
        ],
        [
          499.27272727272725,
          150.13636363636363
        ]
      ],
      "group_id": null,
      "shape_type": "polygon",
      "flags": {}
    }
  ],
  "imagePath": "1f91d9d2-bbc5-11e8-b2bc-ac1f6b6435d0_dst.png",
  "imageData": null,
  "imageHeight": 512,
  "imageWidth": 512
}