{
  "version": "4.5.6",
  "flags": {},
  "shapes": [
    {
      "label": "细胞膜",
      "points": [
        [
          74.8409090909091,
          100.13636363636364
        ],
        [
          82.79545454545455,
          116.04545454545455
        ],
        [
          97.56818181818181,
          130.25
        ],
        [
          113.47727272727272,
          137.63636363636363
        ],
        [
          124.27272727272728,
          145.02272727272728
        ],
        [
          135.0681818181818,
          149.0
        ],
        [
          140.75,
          138.20454545454547
        ],
        [
          147.5681818181818,
          119.45454545454545
        ],
        [
          145.86363636363637,
          104.11363636363636
        ],
        [
          136.77272727272728,
          95.02272727272727
        ],
        [
          125.4090909090909,
          86.5
        ],
        [
          110.63636363636363,
          83.0909090909091
        ],
        [
          97.0,
          83.0909090909091
        ],
        [
          82.79545454545455,
          81.38636363636364
        ],
        [
          77.11363636363636,
          83.0909090909091
        ],
        [
          77.11363636363636,
          91.04545454545455
        ]
      ],
      "group_id": null,
      "shape_type": "polygon",
      "flags": {}
    },
    {
      "label": "细胞膜",
      "points": [
        [
          185.63636363636363,
          68.31818181818181
        ],
        [
          186.20454545454547,
          85.36363636363636
        ],
        [
          188.47727272727272,
          108.6590909090909
        ],
        [
          194.1590909090909,
          118.88636363636364
        ],
        [
          207.22727272727272,
          124.0
        ],
        [
          225.97727272727272,
          120.02272727272727
        ],
        [
          232.22727272727275,
          120.5909090909091
        ],
        [
          241.3181818181818,
          121.1590909090909
        ],
        [
          247.0,
          121.1590909090909
        ],
        [
          253.8181818181818,
          107.52272727272727
        ],
        [
          258.3636363636364,
          95.5909090909091
        ],
        [
          257.22727272727275,
          87.06818181818181
        ],
        [
          240.75,
          69.45454545454545
        ],
        [
          224.27272727272728,
          49.0
        ],
        [
          209.5,
          33.65909090909091
        ],
        [
          198.70454545454547,
          24.568181818181817
        ],
        [
          189.04545454545453,
          25.704545454545453
        ],
        [
          186.77272727272728,
          33.09090909090909
        ],
        [
          186.77272727272728,
          49.56818181818182
        ],
        [
          186.20454545454547,
          60.36363636363637
        ]
      ],
      "group_id": null,
      "shape_type": "polygon",
      "flags": {}
    },
    {
      "label": "细胞膜",
      "points": [
        [
          267.45454545454544,
          88.20454545454545
        ],
        [
          287.34090909090907,
          116.04545454545455
        ],
        [
          295.29545454545456,
          131.38636363636363
        ],
        [
          299.84090909090907,
          151.8409090909091
        ],
        [
          302.1136363636364,
          166.61363636363637
        ],
        [
          297.0,
          182.52272727272728
        ],
        [
          289.04545454545456,
          199.0
        ],
        [
          284.5,
          217.1818181818182
        ],
        [
          282.79545454545456,
          227.4090909090909
        ],
        [
          282.22727272727275,
          234.22727272727272
        ],
        [
          276.54545454545456,
          235.9318181818182
        ],
        [
          274.27272727272725,
          228.54545454545453
        ],
        [
          272.5681818181818,
          217.75
        ],
        [
          266.8863636363636,
          202.97727272727272
        ],
        [
          254.95454545454544,
          176.8409090909091
        ],
        [
          247.5681818181818,
          158.0909090909091
        ],
        [
          245.86363636363637,
          141.61363636363637
        ],
        [
          244.72727272727275,
          129.6818181818182
        ],
        [
          249.27272727272725,
          114.3409090909091
        ],
        [
          257.22727272727275,
          97.86363636363636
        ],
        [
          258.9318181818182,
          87.06818181818181
        ],
        [
          261.20454545454544,
          84.79545454545455
        ]
      ],
      "group_id": null,
      "shape_type": "polygon",
      "flags": {}
    },
    {
      "label": "细胞膜",
      "points": [
        [
          0.9772727272727266,
          135.9318181818182
        ],
        [
          1.5454545454545467,
          177.97727272727272
        ],
        [
          10.636363636363633,
          177.97727272727272
        ],
        [
          26.545454545454547,
          174.0
        ],
        [
          43.59090909090909,
          167.1818181818182
        ],
        [
          54.38636363636364,
          156.95454545454547
        ],
        [
          64.04545454545455,
          149.0
        ],
        [
          64.61363636363636,
          138.77272727272728
        ],
        [
          58.93181818181819,
          134.22727272727272
        ],
        [
          47.56818181818181,
          133.6590909090909
        ],
        [
          32.79545454545455,
          133.6590909090909
        ],
        [
          19.727272727272727,
          133.6590909090909
        ],
        [
          12.340909090909093,
          134.22727272727272
        ]
      ],
      "group_id": null,
      "shape_type": "polygon",
      "flags": {}
    },
    {
      "label": "细胞膜",
      "points": [
        [
          90.75,
          210.9318181818182
        ],
        [
          90.18181818181819,
          228.54545454545453
        ],
        [
          85.06818181818181,
          244.45454545454547
        ],
        [
          82.79545454545455,
          261.5
        ],
        [
          82.79545454545455,
          274.5681818181818
        ],
        [
          85.63636363636364,
          292.1818181818182
        ],
        [
          86.77272727272727,
          299.0
        ],
        [
          91.88636363636364,
          301.27272727272725
        ],
        [
          122.0,
          279.1136363636364
        ],
        [
          136.77272727272728,
          261.5
        ],
        [
          149.8409090909091,
          241.04545454545453
        ],
        [
          156.6590909090909,
          213.77272727272728
        ],
        [
          152.11363636363637,
          195.5909090909091
        ],
        [
          146.4318181818182,
          182.52272727272728
        ],
        [
          136.20454545454547,
          174.5681818181818
        ],
        [
          131.6590909090909,
          171.1590909090909
        ],
        [
          127.11363636363637,
          183.6590909090909
        ],
        [
          118.02272727272728,
          194.45454545454547
        ],
        [
          106.0909090909091,
          200.13636363636363
        ],
        [
          95.86363636363636,
          206.95454545454547
        ]
      ],
      "group_id": null,
      "shape_type": "polygon",
      "flags": {}
    },
    {
      "label": "细胞膜",
      "points": [
        [
          12.909090909090907,
          204.11363636363637
        ],
        [
          22.56818181818182,
          196.1590909090909
        ],
        [
          36.772727272727266,
          196.1590909090909
        ],
        [
          47.56818181818181,
          203.54545454545453
        ],
        [
          68.5909090909091,
          210.36363636363637
        ],
        [
          59.5,
          219.45454545454547
        ],
        [
          54.95454545454545,
          227.4090909090909
        ],
        [
          40.18181818181819,
          233.6590909090909
        ],
        [
          27.113636363636367,
          238.77272727272728
        ],
        [
          16.886363636363633,
          244.45454545454547
        ],
        [
          10.636363636363633,
          253.54545454545453
        ],
        [
          4.386363636363633,
          259.79545454545456
        ],
        [
          0,
          262
        ],
        [
          1.5454545454545467,
          212.63636363636363
        ],
        [
          5.522727272727273,
          209.22727272727272
        ]
      ],
      "group_id": null,
      "shape_type": "polygon",
      "flags": {}
    },
    {
      "label": "细胞膜",
      "points": [
        [
          7.795454545454547,
          262.0681818181818
        ],
        [
          10.06818181818182,
          280.25
        ],
        [
          16.31818181818182,
          296.15909090909093
        ],
        [
          24.272727272727273,
          308.65909090909093
        ],
        [
          24.840909090909093,
          318.8863636363636
        ],
        [
          24.272727272727273,
          328.54545454545456
        ],
        [
          27.68181818181818,
          335.3636363636364
        ],
        [
          41.88636363636364,
          331.3863636363636
        ],
        [
          48.13636363636364,
          322.29545454545456
        ],
        [
          52.68181818181819,
          328.54545454545456
        ],
        [
          69.1590909090909,
          319.45454545454544
        ],
        [
          75.4090909090909,
          307.52272727272725
        ],
        [
          79.95454545454545,
          291.04545454545456
        ],
        [
          79.95454545454545,
          270.02272727272725
        ],
        [
          74.8409090909091,
          255.8181818181818
        ],
        [
          65.75,
          242.1818181818182
        ],
        [
          53.25,
          234.79545454545453
        ],
        [
          47.56818181818181,
          230.8181818181818
        ],
        [
          32.79545454545455,
          238.20454545454547
        ],
        [
          19.727272727272727,
          245.5909090909091
        ],
        [
          13.477272727272727,
          252.4090909090909
        ]
      ],
      "group_id": null,
      "shape_type": "polygon",
      "flags": {}
    },
    {
      "label": "细胞膜",
      "points": [
        [
          175.97727272727272,
          280.8181818181818
        ],
        [
          170.86363636363637,
          297.29545454545456
        ],
        [
          158.9318181818182,
          314.34090909090907
        ],
        [
          150.4090909090909,
          331.3863636363636
        ],
        [
          143.5909090909091,
          347.29545454545456
        ],
        [
          130.52272727272728,
          364.34090909090907
        ],
        [
          122.0,
          381.3863636363636
        ],
        [
          112.9090909090909,
          388.77272727272725
        ],
        [
          119.1590909090909,
          395.02272727272725
        ],
        [
          128.8181818181818,
          395.02272727272725
        ],
        [
          134.5,
          391.6136363636364
        ],
        [
          144.72727272727272,
          395.59090909090907
        ],
        [
          158.36363636363637,
          397.29545454545456
        ],
        [
          162.9090909090909,
          402.40909090909093
        ],
        [
          182.79545454545453,
          402.40909090909093
        ],
        [
          197.5681818181818,
          396.72727272727275
        ],
        [
          207.22727272727272,
          383.65909090909093
        ],
        [
          210.0681818181818,
          368.8863636363636
        ],
        [
          206.6590909090909,
          347.29545454545456
        ],
        [
          201.54545454545453,
          332.52272727272725
        ],
        [
          191.3181818181818,
          325.70454545454544
        ],
        [
          180.52272727272728,
          323.4318181818182
        ],
        [
          179.38636363636363,
          318.3181818181818
        ],
        [
          179.95454545454547,
          304.1136363636364
        ],
        [
          181.0909090909091,
          292.1818181818182
        ],
        [
          182.22727272727272,
          279.6818181818182
        ],
        [
          182.22727272727272,
          277.40909090909093
        ]
      ],
      "group_id": null,
      "shape_type": "polygon",
      "flags": {}
    },
    {
      "label": "细胞膜",
      "points": [
        [
          212.3409090909091,
          231.38636363636363
        ],
        [
          207.79545454545453,
          249.0
        ],
        [
          200.97727272727272,
          277.97727272727275
        ],
        [
          195.86363636363637,
          292.75
        ],
        [
          195.29545454545453,
          312.6363636363636
        ],
        [
          206.6590909090909,
          336.5
        ],
        [
          226.54545454545453,
          341.04545454545456
        ],
        [
          238.47727272727275,
          342.75
        ],
        [
          250.97727272727275,
          337.0681818181818
        ],
        [
          256.65909090909093,
          314.34090909090907
        ],
        [
          260.0681818181818,
          297.8636363636364
        ],
        [
          260.0681818181818,
          269.45454545454544
        ],
        [
          260.0681818181818,
          250.70454545454547
        ],
        [
          257.22727272727275,
          233.6590909090909
        ],
        [
          257.22727272727275,
          220.02272727272728
        ],
        [
          247.0,
          221.72727272727272
        ],
        [
          236.20454545454544,
          218.3181818181818
        ],
        [
          227.11363636363637,
          216.04545454545453
        ],
        [
          216.88636363636363,
          217.75
        ],
        [
          211.20454545454547,
          222.29545454545453
        ]
      ],
      "group_id": null,
      "shape_type": "polygon",
      "flags": {}
    },
    {
      "label": "细胞膜",
      "points": [
        [
          294.72727272727275,
          300.70454545454544
        ],
        [
          280.52272727272725,
          322.29545454545456
        ],
        [
          277.6818181818182,
          337.0681818181818
        ],
        [
          288.47727272727275,
          345.02272727272725
        ],
        [
          307.22727272727275,
          346.15909090909093
        ],
        [
          329.3863636363636,
          345.59090909090907
        ],
        [
          357.22727272727275,
          339.34090909090907
        ],
        [
          375.97727272727275,
          326.84090909090907
        ],
        [
          376.54545454545456,
          318.3181818181818
        ],
        [
          375.40909090909093,
          306.3863636363636
        ],
        [
          366.3181818181818,
          297.29545454545456
        ],
        [
          352.6818181818182,
          281.95454545454544
        ],
        [
          345.8636363636364,
          274.0
        ],
        [
          340.1818181818182,
          271.72727272727275
        ],
        [
          322.0,
          276.84090909090907
        ],
        [
          304.95454545454544,
          285.9318181818182
        ],
        [
          299.84090909090907,
          292.1818181818182
        ]
      ],
      "group_id": null,
      "shape_type": "polygon",
      "flags": {}
    },
    {
      "label": "细胞膜",
      "points": [
        [
          360.0681818181818,
          366.6136363636364
        ],
        [
          380.52272727272725,
          368.3181818181818
        ],
        [
          392.45454545454544,
          376.27272727272725
        ],
        [
          410.6363636363636,
          389.34090909090907
        ],
        [
          424.84090909090907,
          402.97727272727275
        ],
        [
          443.59090909090907,
          426.27272727272725
        ],
        [
          466.3181818181818,
          445.59090909090907
        ],
        [
          481.65909090909093,
          463.20454545454544
        ],
        [
          491.8863636363636,
          481.3863636363636
        ],
        [
          497.56818181818187,
          493.8863636363636
        ],
        [
          499.8409090909091,
          504.1136363636364
        ],
        [
          508.93181818181813,
          481.95454545454544
        ],
        [
          511,
          468
        ],
        [
          511,
          401
        ],
        [
          511,
          362
        ],
        [
          491.8863636363636,
          354.1136363636364
        ],
        [
          478.8181818181818,
          342.75
        ],
        [
          468.59090909090907,
          340.47727272727275
        ],
        [
          450.97727272727275,
          342.75
        ],
        [
          433.9318181818182,
          347.8636363636364
        ],
        [
          407.22727272727275,
          352.40909090909093
        ],
        [
          386.20454545454544,
          355.8181818181818
        ]
      ],
      "group_id": null,
      "shape_type": "polygon",
      "flags": {}
    },
    {
      "label": "细胞膜",
      "points": [
        [
          67.45454545454545,
          411.5
        ],
        [
          67.45454545454545,
          425.1363636363636
        ],
        [
          81.6590909090909,
          435.9318181818182
        ],
        [
          105.52272727272728,
          444.45454545454544
        ],
        [
          120.86363636363637,
          456.3863636363636
        ],
        [
          131.0909090909091,
          451.27272727272725
        ],
        [
          155.52272727272728,
          447.29545454545456
        ],
        [
          187.9090909090909,
          442.75
        ],
        [
          197.5681818181818,
          442.1818181818182
        ],
        [
          210.63636363636363,
          436.5
        ],
        [
          214.04545454545453,
          426.27272727272725
        ],
        [
          203.8181818181818,
          419.45454545454544
        ],
        [
          185.0681818181818,
          417.75
        ],
        [
          159.5,
          413.77272727272725
        ],
        [
          117.45454545454547,
          408.09090909090907
        ],
        [
          92.45454545454545,
          405.25
        ],
        [
          76.54545454545455,
          405.25
        ]
      ],
      "group_id": null,
      "shape_type": "polygon",
      "flags": {}
    },
    {
      "label": "细胞膜",
      "points": [
        [
          27.113636363636367,
          457.52272727272725
        ],
        [
          33.36363636363637,
          481.3863636363636
        ],
        [
          37.90909090909091,
          499.0
        ],
        [
          41.88636363636364,
          509.22727272727275
        ],
        [
          43,
          511
        ],
        [
          116,
          511
        ],
        [
          131.6590909090909,
          509.22727272727275
        ],
        [
          136.20454545454547,
          497.8636363636364
        ],
        [
          140.1818181818182,
          483.65909090909093
        ],
        [
          140.75,
          472.29545454545456
        ],
        [
          132.22727272727272,
          468.3181818181818
        ],
        [
          124.27272727272728,
          466.04545454545456
        ],
        [
          115.75,
          469.45454545454544
        ],
        [
          103.81818181818181,
          470.59090909090907
        ],
        [
          74.8409090909091,
          467.1818181818182
        ],
        [
          57.227272727272734,
          466.04545454545456
        ],
        [
          44.727272727272734,
          457.52272727272725
        ],
        [
          35.06818181818182,
          451.84090909090907
        ],
        [
          29.954545454545453,
          449.0
        ],
        [
          26.545454545454547,
          451.27272727272725
        ]
      ],
      "group_id": null,
      "shape_type": "polygon",
      "flags": {}
    },
    {
      "label": "细胞膜",
      "points": [
        [
          188.47727272727272,
          446.15909090909093
        ],
        [
          186.77272727272728,
          459.22727272727275
        ],
        [
          194.72727272727272,
          466.6136363636364
        ],
        [
          206.0909090909091,
          468.3181818181818
        ],
        [
          215.75,
          463.20454545454544
        ],
        [
          219.72727272727272,
          453.54545454545456
        ],
        [
          218.02272727272728,
          445.02272727272725
        ],
        [
          212.3409090909091,
          441.6136363636364
        ],
        [
          203.8181818181818,
          440.47727272727275
        ]
      ],
      "group_id": null,
      "shape_type": "polygon",
      "flags": {}
    },
    {
      "label": "细胞膜",
      "points": [
        [
          249.84090909090907,
          463.20454545454544
        ],
        [
          231.09090909090907,
          475.1363636363636
        ],
        [
          222.0,
          487.6363636363636
        ],
        [
          216.88636363636363,
          499.5681818181818
        ],
        [
          212.9090909090909,
          508.09090909090907
        ],
        [
          213,
          511
        ],
        [
          245,
          511
        ],
        [
          272.5681818181818,
          497.29545454545456
        ],
        [
          286.20454545454544,
          488.77272727272725
        ],
        [
          294.15909090909093,
          483.65909090909093
        ],
        [
          295.29545454545456,
          475.1363636363636
        ],
        [
          290.75,
          467.75
        ],
        [
          282.22727272727275,
          462.0681818181818
        ],
        [
          277.6818181818182,
          457.52272727272725
        ],
        [
          277.6818181818182,
          453.54545454545456
        ],
        [
          273.70454545454544,
          449.5681818181818
        ],
        [
          265.75,
          452.40909090909093
        ],
        [
          258.9318181818182,
          457.52272727272725
        ],
        [
          255.52272727272725,
          460.9318181818182
        ]
      ],
      "group_id": null,
      "shape_type": "polygon",
      "flags": {}
    },
    {
      "label": "细胞膜",
      "points": [
        [
          335.0681818181818,
          1.272727272727273
        ],
        [
          325.40909090909093,
          13.204545454545455
        ],
        [
          322.0,
          29.113636363636363
        ],
        [
          324.84090909090907,
          39.34090909090909
        ],
        [
          333.9318181818182,
          44.45454545454545
        ],
        [
          348.1363636363636,
          47.86363636363637
        ],
        [
          361.20454545454544,
          43.31818181818182
        ],
        [
          369.15909090909093,
          37.06818181818182
        ],
        [
          383.9318181818182,
          33.09090909090909
        ],
        [
          395.8636363636364,
          30.25
        ],
        [
          403.25,
          25.136363636363637
        ],
        [
          406.09090909090907,
          15.477272727272727
        ],
        [
          408.3636363636364,
          5.818181818181818
        ],
        [
          408,
          0
        ]
      ],
      "group_id": null,
      "shape_type": "polygon",
      "flags": {}
    },
    {
      "label": "细胞膜",
      "points": [
        [
          319.15909090909093,
          77.4090909090909
        ],
        [
          339.04545454545456,
          74.56818181818181
        ],
        [
          347.5681818181818,
          67.18181818181819
        ],
        [
          359.5,
          59.79545454545455
        ],
        [
          366.8863636363636,
          51.27272727272727
        ],
        [
          379.95454545454544,
          45.59090909090909
        ],
        [
          393.59090909090907,
          38.77272727272727
        ],
        [
          402.1136363636364,
          35.36363636363637
        ],
        [
          406.65909090909093,
          27.40909090909091
        ],
        [
          411.77272727272725,
          25.136363636363637
        ],
        [
          422.5681818181818,
          26.84090909090909
        ],
        [
          435.6363636363636,
          37.06818181818182
        ],
        [
          452.6818181818182,
          50.13636363636363
        ],
        [
          472.0,
          64.9090909090909
        ],
        [
          490.75,
          77.4090909090909
        ],
        [
          505.52272727272725,
          89.3409090909091
        ],
        [
          511,
          91
        ],
        [
          511,
          105
        ],
        [
          485.06818181818187,
          101.8409090909091
        ],
        [
          466.3181818181818,
          106.38636363636364
        ],
        [
          445.29545454545456,
          105.81818181818181
        ],
        [
          408.3636363636364,
          101.8409090909091
        ],
        [
          388.47727272727275,
          94.45454545454545
        ],
        [
          370.29545454545456,
          87.06818181818181
        ],
        [
          358.9318181818182,
          83.6590909090909
        ],
        [
          342.45454545454544,
          83.0909090909091
        ],
        [
          329.95454545454544,
          81.95454545454545
        ],
        [
          322.5681818181818,
          82.52272727272727
        ]
      ],
      "group_id": null,
      "shape_type": "polygon",
      "flags": {}
    },
    {
      "label": "细胞膜",
      "points": [
        [
          314.04545454545456,
          134.79545454545453
        ],
        [
          322.5681818181818,
          146.1590909090909
        ],
        [
          331.09090909090907,
          163.20454545454547
        ],
        [
          338.47727272727275,
          175.70454545454547
        ],
        [
          350.40909090909093,
          184.22727272727272
        ],
        [
          380.52272727272725,
          184.79545454545453
        ],
        [
          399.27272727272725,
          180.25
        ],
        [
          418.02272727272725,
          175.13636363636363
        ],
        [
          433.9318181818182,
          168.88636363636363
        ],
        [
          437.34090909090907,
          162.63636363636363
        ],
        [
          425.97727272727275,
          155.25
        ],
        [
          404.3863636363636,
          147.86363636363637
        ],
        [
          386.77272727272725,
          141.61363636363637
        ],
        [
          363.47727272727275,
          138.77272727272728
        ],
        [
          344.72727272727275,
          138.77272727272728
        ],
        [
          329.3863636363636,
          135.9318181818182
        ]
      ],
      "group_id": null,
      "shape_type": "polygon",
      "flags": {}
    },
    {
      "label": "细胞膜",
      "points": [
        [
          347.5681818181818,
          109.79545454545455
        ],
        [
          344.15909090909093,
          118.88636363636364
        ],
        [
          342.45454545454544,
          125.70454545454545
        ],
        [
          335.0681818181818,
          126.8409090909091
        ],
        [
          334.5,
          131.95454545454547
        ],
        [
          347.0,
          133.0909090909091
        ],
        [
          360.6363636363636,
          137.63636363636363
        ],
        [
          377.1136363636364,
          138.77272727272728
        ],
        [
          397.0,
          142.1818181818182
        ],
        [
          407.79545454545456,
          140.47727272727272
        ],
        [
          418.59090909090907,
          131.38636363636363
        ],
        [
          434.5,
          124.56818181818181
        ],
        [
          450.97727272727275,
          123.43181818181819
        ],
        [
          464.6136363636364,
          126.27272727272727
        ],
        [
          477.1136363636364,
          132.52272727272728
        ],
        [
          485.06818181818187,
          133.0909090909091
        ],
        [
          498.1363636363636,
          131.38636363636363
        ],
        [
          487.3409090909091,
          124.56818181818181
        ],
        [
          478.25,
          120.02272727272727
        ],
        [
          472.5681818181818,
          116.04545454545455
        ],
        [
          468.59090909090907,
          110.93181818181819
        ],
        [
          450.97727272727275,
          106.95454545454545
        ],
        [
          426.54545454545456,
          105.81818181818181
        ],
        [
          407.22727272727275,
          102.97727272727273
        ],
        [
          394.15909090909093,
          98.43181818181819
        ],
        [
          384.5,
          96.72727272727273
        ],
        [
          374.27272727272725,
          98.43181818181819
        ],
        [
          358.3636363636364,
          102.4090909090909
        ],
        [
          352.1136363636364,
          105.81818181818181
        ]
      ],
      "group_id": null,
      "shape_type": "polygon",
      "flags": {}
    },
    {
      "label": "细胞膜",
      "points": [
        [
          403.25,
          185.36363636363637
        ],
        [
          414.6136363636364,
          185.36363636363637
        ],
        [
          417.45454545454544,
          187.63636363636363
        ],
        [
          417.45454545454544,
          192.75
        ],
        [
          408.9318181818182,
          193.88636363636363
        ],
        [
          402.1136363636364,
          197.29545454545453
        ],
        [
          404.3863636363636,
          202.4090909090909
        ],
        [
          412.34090909090907,
          203.54545454545453
        ],
        [
          418.02272727272725,
          205.25
        ],
        [
          421.4318181818182,
          210.9318181818182
        ],
        [
          421.4318181818182,
          222.29545454545453
        ],
        [
          421.4318181818182,
          227.97727272727272
        ],
        [
          417.45454545454544,
          232.52272727272728
        ],
        [
          418.59090909090907,
          237.63636363636363
        ],
        [
          433.9318181818182,
          243.88636363636363
        ],
        [
          448.70454545454544,
          237.63636363636363
        ],
        [
          463.47727272727275,
          230.25
        ],
        [
          474.84090909090907,
          217.75
        ],
        [
          489.0454545454545,
          200.13636363636363
        ],
        [
          502.68181818181813,
          190.47727272727272
        ],
        [
          511,
          175
        ],
        [
          511,
          165
        ],
        [
          511,
          142
        ],
        [
          511,
          136
        ],
        [
          500.4090909090909,
          136.5
        ],
        [
          482.22727272727275,
          139.9090909090909
        ],
        [
          472.0,
          149.0
        ],
        [
          458.3636363636364,
          160.9318181818182
        ],
        [
          440.75,
          167.1818181818182
        ],
        [
          422.0,
          178.54545454545453
        ]
      ],
      "group_id": null,
      "shape_type": "polygon",
      "flags": {}
    },
    {
      "label": "细胞核",
      "points": [
        [
          2.6818181818181834,
          139.3409090909091
        ],
        [
          8.93181818181818,
          138.20454545454547
        ],
        [
          19.159090909090907,
          138.20454545454547
        ],
        [
          29.954545454545453,
          143.3181818181818
        ],
        [
          40.18181818181819,
          154.11363636363637
        ],
        [
          40.75,
          159.79545454545453
        ],
        [
          28.25,
          166.61363636363637
        ],
        [
          18.590909090909093,
          169.45454545454547
        ],
        [
          7.795454545454547,
          172.86363636363637
        ],
        [
          2.1136363636363633,
          174.0
        ]
      ],
      "group_id": null,
      "shape_type": "polygon",
      "flags": {}
    },
    {
      "label": "细胞核",
      "points": [
        [
          90.18181818181819,
          93.31818181818181
        ],
        [
          87.3409090909091,
          104.11363636363636
        ],
        [
          93.02272727272727,
          114.3409090909091
        ],
        [
          99.27272727272727,
          126.27272727272727
        ],
        [
          106.6590909090909,
          129.6818181818182
        ],
        [
          119.72727272727272,
          131.38636363636363
        ],
        [
          127.11363636363637,
          129.6818181818182
        ],
        [
          130.52272727272728,
          123.43181818181819
        ],
        [
          135.63636363636363,
          119.45454545454545
        ],
        [
          124.8409090909091,
          117.75
        ],
        [
          121.43181818181819,
          112.06818181818181
        ],
        [
          123.70454545454547,
          106.95454545454545
        ],
        [
          125.4090909090909,
          99.0
        ],
        [
          123.13636363636363,
          91.61363636363636
        ],
        [
          118.5909090909091,
          87.63636363636364
        ],
        [
          106.0909090909091,
          85.36363636363636
        ],
        [
          100.4090909090909,
          85.93181818181819
        ]
      ],
      "group_id": null,
      "shape_type": "polygon",
      "flags": {}
    },
    {
      "label": "细胞核",
      "points": [
        [
          2.6818181818181834,
          216.61363636363637
        ],
        [
          9.5,
          216.04545454545453
        ],
        [
          16.31818181818182,
          218.88636363636363
        ],
        [
          19.159090909090907,
          225.70454545454547
        ],
        [
          19.727272727272727,
          231.95454545454547
        ],
        [
          16.886363636363633,
          240.47727272727272
        ],
        [
          12.340909090909093,
          245.02272727272728
        ],
        [
          6.0909090909090935,
          249.5681818181818
        ],
        [
          0.40909090909091006,
          251.8409090909091
        ]
      ],
      "group_id": null,
      "shape_type": "polygon",
      "flags": {}
    },
    {
      "label": "细胞核",
      "points": [
        [
          95.86363636363636,
          212.63636363636363
        ],
        [
          93.5909090909091,
          223.4318181818182
        ],
        [
          91.88636363636364,
          238.77272727272728
        ],
        [
          89.04545454545455,
          251.27272727272728
        ],
        [
          85.63636363636364,
          259.79545454545456
        ],
        [
          89.61363636363636,
          268.3181818181818
        ],
        [
          98.70454545454545,
          276.84090909090907
        ],
        [
          111.77272727272728,
          277.97727272727275
        ],
        [
          122.56818181818181,
          269.45454545454544
        ],
        [
          127.68181818181819,
          259.79545454545456
        ],
        [
          128.8181818181818,
          247.86363636363637
        ],
        [
          127.11363636363637,
          240.47727272727272
        ],
        [
          120.86363636363637,
          241.04545454545453
        ],
        [
          120.29545454545453,
          233.6590909090909
        ],
        [
          127.11363636363637,
          226.8409090909091
        ],
        [
          128.8181818181818,
          219.45454545454547
        ],
        [
          125.4090909090909,
          211.5
        ],
        [
          117.45454545454547,
          207.52272727272728
        ],
        [
          110.06818181818181,
          205.8181818181818
        ],
        [
          102.68181818181819,
          206.95454545454547
        ]
      ],
      "group_id": null,
      "shape_type": "polygon",
      "flags": {}
    },
    {
      "label": "细胞核",
      "points": [
        [
          40.18181818181819,
          259.79545454545456
        ],
        [
          35.06818181818182,
          254.6818181818182
        ],
        [
          24.840909090909093,
          254.6818181818182
        ],
        [
          15.75,
          259.22727272727275
        ],
        [
          12.909090909090907,
          268.3181818181818
        ],
        [
          15.18181818181818,
          280.8181818181818
        ],
        [
          20.295454545454547,
          292.1818181818182
        ],
        [
          26.545454545454547,
          302.40909090909093
        ],
        [
          33.93181818181818,
          310.3636363636364
        ],
        [
          44.15909090909091,
          306.95454545454544
        ],
        [
          49.272727272727266,
          301.27272727272725
        ],
        [
          53.81818181818181,
          292.1818181818182
        ],
        [
          49.84090909090909,
          285.9318181818182
        ],
        [
          43.59090909090909,
          285.3636363636364
        ],
        [
          39.04545454545455,
          289.34090909090907
        ],
        [
          32.22727272727273,
          288.20454545454544
        ],
        [
          32.22727272727273,
          281.95454545454544
        ],
        [
          34.5,
          277.40909090909093
        ],
        [
          40.18181818181819,
          275.70454545454544
        ],
        [
          43.59090909090909,
          270.59090909090907
        ],
        [
          42.45454545454545,
          265.47727272727275
        ]
      ],
      "group_id": null,
      "shape_type": "polygon",
      "flags": {}
    },
    {
      "label": "细胞核",
      "points": [
        [
          153.25,
          345.59090909090907
        ],
        [
          147.0,
          354.6818181818182
        ],
        [
          143.02272727272728,
          368.3181818181818
        ],
        [
          148.13636363636363,
          376.84090909090907
        ],
        [
          157.79545454545453,
          381.3863636363636
        ],
        [
          170.29545454545453,
          381.3863636363636
        ],
        [
          183.36363636363637,
          376.84090909090907
        ],
        [
          194.72727272727272,
          369.45454545454544
        ],
        [
          200.97727272727272,
          360.9318181818182
        ],
        [
          201.54545454545453,
          350.70454545454544
        ],
        [
          198.13636363636363,
          342.1818181818182
        ],
        [
          193.02272727272728,
          336.5
        ],
        [
          184.5,
          333.65909090909093
        ],
        [
          172.5681818181818,
          336.5
        ],
        [
          160.63636363636363,
          339.34090909090907
        ]
      ],
      "group_id": null,
      "shape_type": "polygon",
      "flags": {}
    },
    {
      "label": "细胞核",
      "points": [
        [
          208.9318181818182,
          267.75
        ],
        [
          202.6818181818182,
          277.97727272727275
        ],
        [
          197.0,
          290.47727272727275
        ],
        [
          200.4090909090909,
          300.1363636363636
        ],
        [
          210.63636363636363,
          310.3636363636364
        ],
        [
          222.0,
          312.0681818181818
        ],
        [
          237.34090909090907,
          308.09090909090907
        ],
        [
          245.86363636363637,
          302.40909090909093
        ],
        [
          249.84090909090907,
          295.59090909090907
        ],
        [
          249.27272727272725,
          284.22727272727275
        ],
        [
          244.72727272727275,
          276.27272727272725
        ],
        [
          243.02272727272725,
          271.72727272727275
        ],
        [
          238.47727272727275,
          267.1818181818182
        ],
        [
          228.8181818181818,
          266.04545454545456
        ],
        [
          219.1590909090909,
          264.90909090909093
        ]
      ],
      "group_id": null,
      "shape_type": "polygon",
      "flags": {}
    },
    {
      "label": "细胞核",
      "points": [
        [
          196.4318181818182,
          61.5
        ],
        [
          194.1590909090909,
          71.72727272727273
        ],
        [
          196.4318181818182,
          86.5
        ],
        [
          207.79545454545453,
          97.29545454545455
        ],
        [
          218.02272727272728,
          100.70454545454545
        ],
        [
          233.36363636363637,
          100.13636363636364
        ],
        [
          241.88636363636363,
          92.18181818181819
        ],
        [
          241.88636363636363,
          83.6590909090909
        ],
        [
          240.75,
          74.0
        ],
        [
          234.5,
          67.18181818181819
        ],
        [
          225.97727272727272,
          58.09090909090909
        ],
        [
          220.29545454545453,
          52.40909090909091
        ],
        [
          212.3409090909091,
          49.56818181818182
        ],
        [
          205.52272727272728,
          49.56818181818182
        ],
        [
          198.70454545454547,
          54.11363636363637
        ]
      ],
      "group_id": null,
      "shape_type": "polygon",
      "flags": {}
    },
    {
      "label": "细胞核",
      "points": [
        [
          260.6363636363636,
          150.13636363636363
        ],
        [
          256.09090909090907,
          159.79545454545453
        ],
        [
          257.22727272727275,
          169.45454545454547
        ],
        [
          261.20454545454544,
          181.95454545454547
        ],
        [
          268.59090909090907,
          191.61363636363637
        ],
        [
          278.25,
          192.75
        ],
        [
          286.77272727272725,
          185.9318181818182
        ],
        [
          293.59090909090907,
          174.5681818181818
        ],
        [
          293.02272727272725,
          157.52272727272728
        ],
        [
          289.6136363636364,
          146.72727272727272
        ],
        [
          284.5,
          143.88636363636363
        ],
        [
          274.84090909090907,
          143.88636363636363
        ],
        [
          267.45454545454544,
          146.1590909090909
        ]
      ],
      "group_id": null,
      "shape_type": "polygon",
      "flags": {}
    },
    {
      "label": "细胞核",
      "points": [
        [
          308.3636363636364,
          296.72727272727275
        ],
        [
          302.1136363636364,
          308.09090909090907
        ],
        [
          299.84090909090907,
          314.90909090909093
        ],
        [
          307.22727272727275,
          321.15909090909093
        ],
        [
          322.0,
          326.27272727272725
        ],
        [
          334.5,
          326.84090909090907
        ],
        [
          352.1136363636364,
          327.40909090909093
        ],
        [
          356.65909090909093,
          320.02272727272725
        ],
        [
          354.95454545454544,
          310.3636363636364
        ],
        [
          355.52272727272725,
          305.25
        ],
        [
          358.9318181818182,
          302.40909090909093
        ],
        [
          356.09090909090907,
          295.59090909090907
        ],
        [
          349.84090909090907,
          289.34090909090907
        ],
        [
          339.04545454545456,
          285.9318181818182
        ],
        [
          329.95454545454544,
          285.3636363636364
        ],
        [
          319.15909090909093,
          289.34090909090907
        ]
      ],
      "group_id": null,
      "shape_type": "polygon",
      "flags": {}
    },
    {
      "label": "细胞核",
      "points": [
        [
          57.227272727272734,
          477.40909090909093
        ],
        [
          51.54545454545455,
          488.20454545454544
        ],
        [
          51.54545454545455,
          499.5681818181818
        ],
        [
          58.93181818181819,
          508.09090909090907
        ],
        [
          65,
          511
        ],
        [
          84.5,
          510.3636363636364
        ],
        [
          98.13636363636364,
          502.97727272727275
        ],
        [
          106.6590909090909,
          487.0681818181818
        ],
        [
          103.81818181818181,
          475.70454545454544
        ],
        [
          95.29545454545455,
          470.02272727272725
        ],
        [
          79.38636363636364,
          470.02272727272725
        ],
        [
          68.02272727272727,
          471.72727272727275
        ],
        [
          60.63636363636364,
          472.8636363636364
        ]
      ],
      "group_id": null,
      "shape_type": "polygon",
      "flags": {}
    },
    {
      "label": "细胞核",
      "points": [
        [
          207.79545454545453,
          449.0
        ],
        [
          207.79545454545453,
          454.6818181818182
        ],
        [
          201.54545454545453,
          457.52272727272725
        ],
        [
          202.6818181818182,
          461.5
        ],
        [
          194.1590909090909,
          462.6363636363636
        ],
        [
          190.75,
          456.3863636363636
        ],
        [
          190.75,
          450.70454545454544
        ],
        [
          192.45454545454547,
          447.29545454545456
        ],
        [
          199.27272727272728,
          445.02272727272725
        ],
        [
          203.8181818181818,
          444.45454545454544
        ]
      ],
      "group_id": null,
      "shape_type": "polygon",
      "flags": {}
    },
    {
      "label": "细胞核",
      "points": [
        [
          231.09090909090907,
          486.5
        ],
        [
          226.54545454545453,
          491.6136363636364
        ],
        [
          225.97727272727272,
          502.40909090909093
        ],
        [
          231.65909090909093,
          505.25
        ],
        [
          240.1818181818182,
          508.65909090909093
        ],
        [
          253.25,
          504.6818181818182
        ],
        [
          264.6136363636364,
          498.4318181818182
        ],
        [
          273.1363636363636,
          492.75
        ],
        [
          277.6818181818182,
          485.9318181818182
        ],
        [
          278.25,
          477.97727272727275
        ],
        [
          275.97727272727275,
          470.59090909090907
        ],
        [
          270.29545454545456,
          467.75
        ],
        [
          259.5,
          467.75
        ],
        [
          253.25,
          470.02272727272725
        ],
        [
          247.0,
          476.84090909090907
        ],
        [
          240.1818181818182,
          479.1136363636364
        ]
      ],
      "group_id": null,
      "shape_type": "polygon",
      "flags": {}
    },
    {
      "label": "细胞核",
      "points": [
        [
          422.0,
          373.4318181818182
        ],
        [
          427.6818181818182,
          368.3181818181818
        ],
        [
          439.04545454545456,
          367.75
        ],
        [
          447.5681818181818,
          372.29545454545456
        ],
        [
          454.3863636363636,
          377.40909090909093
        ],
        [
          454.3863636363636,
          386.5
        ],
        [
          453.8181818181818,
          395.59090909090907
        ],
        [
          454.95454545454544,
          402.97727272727275
        ],
        [
          453.8181818181818,
          408.65909090909093
        ],
        [
          449.27272727272725,
          411.5
        ],
        [
          445.29545454545456,
          417.1818181818182
        ],
        [
          440.1818181818182,
          416.04545454545456
        ],
        [
          435.0681818181818,
          408.65909090909093
        ],
        [
          427.1136363636364,
          399.5681818181818
        ],
        [
          422.0,
          395.02272727272725
        ],
        [
          416.3181818181818,
          387.6363636363636
        ],
        [
          415.75,
          381.3863636363636
        ]
      ],
      "group_id": null,
      "shape_type": "polygon",
      "flags": {}
    },
    {
      "label": "细胞核",
      "points": [
        [
          458.9318181818182,
          407.52272727272725
        ],
        [
          471.4318181818182,
          404.6818181818182
        ],
        [
          481.65909090909093,
          407.52272727272725
        ],
        [
          486.2045454545455,
          417.1818181818182
        ],
        [
          485.6363636363636,
          429.1136363636364
        ],
        [
          479.3863636363636,
          437.0681818181818
        ],
        [
          470.29545454545456,
          439.90909090909093
        ],
        [
          464.04545454545456,
          438.77272727272725
        ],
        [
          456.65909090909093,
          432.52272727272725
        ],
        [
          452.1136363636364,
          429.6818181818182
        ],
        [
          449.27272727272725,
          424.0
        ],
        [
          449.27272727272725,
          417.75
        ],
        [
          449.84090909090907,
          413.20454545454544
        ]
      ],
      "group_id": null,
      "shape_type": "polygon",
      "flags": {}
    },
    {
      "label": "细胞核",
      "points": [
        [
          377.6818181818182,
          1.272727272727273
        ],
        [
          407.22727272727275,
          0.7045454545454546
        ],
        [
          403.8181818181818,
          11.5
        ],
        [
          400.40909090909093,
          21.15909090909091
        ],
        [
          395.8636363636364,
          26.84090909090909
        ],
        [
          389.04545454545456,
          30.25
        ],
        [
          379.3863636363636,
          31.954545454545453
        ],
        [
          371.4318181818182,
          30.818181818181817
        ],
        [
          368.02272727272725,
          24.0
        ],
        [
          368.02272727272725,
          16.613636363636363
        ],
        [
          372.0,
          10.931818181818182
        ],
        [
          374.27272727272725,
          7.522727272727273
        ]
      ],
      "group_id": null,
      "shape_type": "polygon",
      "flags": {}
    },
    {
      "label": "细胞核",
      "points": [
        [
          393.02272727272725,
          53.54545454545455
        ],
        [
          386.77272727272725,
          59.79545454545455
        ],
        [
          382.79545454545456,
          73.43181818181819
        ],
        [
          386.77272727272725,
          87.63636363636364
        ],
        [
          401.54545454545456,
          93.31818181818181
        ],
        [
          421.4318181818182,
          93.31818181818181
        ],
        [
          438.47727272727275,
          88.20454545454545
        ],
        [
          451.54545454545456,
          79.68181818181819
        ],
        [
          456.09090909090907,
          66.61363636363636
        ],
        [
          450.97727272727275,
          54.68181818181818
        ],
        [
          444.15909090909093,
          49.0
        ],
        [
          430.52272727272725,
          45.02272727272727
        ],
        [
          415.75,
          42.75
        ],
        [
          403.25,
          42.75
        ],
        [
          395.8636363636364,
          48.43181818181818
        ]
      ],
      "group_id": null,
      "shape_type": "polygon",
      "flags": {}
    },
    {
      "label": "细胞核",
      "points": [
        [
          391.3181818181818,
          106.95454545454545
        ],
        [
          394.72727272727275,
          114.9090909090909
        ],
        [
          391.3181818181818,
          122.86363636363636
        ],
        [
          385.6363636363636,
          126.27272727272727
        ],
        [
          380.52272727272725,
          132.52272727272728
        ],
        [
          382.79545454545456,
          136.5
        ],
        [
          394.15909090909093,
          140.47727272727272
        ],
        [
          406.09090909090907,
          136.5
        ],
        [
          418.59090909090907,
          129.11363636363637
        ],
        [
          423.1363636363636,
          121.1590909090909
        ],
        [
          423.1363636363636,
          112.06818181818181
        ],
        [
          416.8863636363636,
          106.38636363636364
        ],
        [
          406.65909090909093,
          105.25
        ],
        [
          397.0,
          104.11363636363636
        ]
      ],
      "group_id": null,
      "shape_type": "polygon",
      "flags": {}
    },
    {
      "label": "细胞核",
      "points": [
        [
          354.95454545454544,
          151.27272727272728
        ],
        [
          359.5,
          160.36363636363637
        ],
        [
          358.9318181818182,
          167.1818181818182
        ],
        [
          359.5,
          173.4318181818182
        ],
        [
          368.59090909090907,
          176.8409090909091
        ],
        [
          385.6363636363636,
          177.4090909090909
        ],
        [
          402.1136363636364,
          171.72727272727272
        ],
        [
          406.65909090909093,
          163.20454545454547
        ],
        [
          404.3863636363636,
          155.8181818181818
        ],
        [
          398.70454545454544,
          147.86363636363637
        ],
        [
          388.47727272727275,
          144.45454545454547
        ],
        [
          377.1136363636364,
          142.75
        ],
        [
          364.6136363636364,
          143.88636363636363
        ],
        [
          359.5,
          147.86363636363637
        ]
      ],
      "group_id": null,
      "shape_type": "polygon",
      "flags": {}
    },
    {
      "label": "细胞核",
      "points": [
        [
          433.9318181818182,
          180.25
        ],
        [
          429.95454545454544,
          189.9090909090909
        ],
        [
          429.95454545454544,
          201.8409090909091
        ],
        [
          433.9318181818182,
          215.47727272727272
        ],
        [
          439.04545454545456,
          225.13636363636363
        ],
        [
          445.29545454545456,
          228.54545454545453
        ],
        [
          453.25,
          226.27272727272728
        ],
        [
          466.3181818181818,
          220.5909090909091
        ],
        [
          470.8636363636364,
          209.22727272727272
        ],
        [
          472.0,
          198.4318181818182
        ],
        [
          470.8636363636364,
          181.38636363636363
        ],
        [
          464.04545454545456,
          175.13636363636363
        ],
        [
          453.8181818181818,
          170.02272727272728
        ],
        [
          444.72727272727275,
          170.5909090909091
        ],
        [
          436.77272727272725,
          174.5681818181818
        ]
      ],
      "group_id": null,
      "shape_type": "polygon",
      "flags": {}
    }
  ],
  "imagePath": "1faadbc6-bbca-11e8-b2bc-ac1f6b6435d0_dst.png",
  "imageData": null,
  "imageHeight": 512,
  "imageWidth": 512
}