{
  "version": "4.5.6",
  "flags": {},
  "shapes": [
    {
      "label": "细胞膜",
      "points": [
        [
          11.204545454545453,
          5.25
        ],
        [
          9.5,
          11.5
        ],
        [
          18.590909090909093,
          21.727272727272727
        ],
        [
          33.93181818181818,
          28.545454545454547
        ],
        [
          49.272727272727266,
          39.90909090909091
        ],
        [
          58.36363636363636,
          45.02272727272727
        ],
        [
          71.43181818181819,
          52.40909090909091
        ],
        [
          86.20454545454545,
          62.63636363636363
        ],
        [
          102.68181818181819,
          70.5909090909091
        ],
        [
          115.75,
          75.70454545454545
        ],
        [
          131.0909090909091,
          81.38636363636364
        ],
        [
          139.04545454545453,
          83.0909090909091
        ],
        [
          148.13636363636363,
          85.36363636363636
        ],
        [
          158.36363636363637,
          87.63636363636364
        ],
        [
          162.9090909090909,
          86.5
        ],
        [
          164.61363636363637,
          79.68181818181819
        ],
        [
          163.47727272727272,
          74.56818181818181
        ],
        [
          155.52272727272728,
          67.75
        ],
        [
          137.9090909090909,
          58.09090909090909
        ],
        [
          122.0,
          49.0
        ],
        [
          104.38636363636363,
          39.34090909090909
        ],
        [
          74.27272727272727,
          26.272727272727273
        ],
        [
          56.65909090909091,
          17.75
        ],
        [
          40.18181818181819,
          8.090909090909092
        ],
        [
          25.409090909090907,
          2.977272727272727
        ],
        [
          19.159090909090907,
          0.7045454545454546
        ]
      ],
      "group_id": null,
      "shape_type": "polygon",
      "flags": {}
    },
    {
      "label": "细胞膜",
      "points": [
        [
          232.79545454545456,
          1.8409090909090908
        ],
        [
          213.47727272727272,
          29.681818181818183
        ],
        [
          206.6590909090909,
          46.15909090909091
        ],
        [
          196.4318181818182,
          58.09090909090909
        ],
        [
          185.63636363636363,
          70.5909090909091
        ],
        [
          174.27272727272728,
          85.36363636363636
        ],
        [
          166.88636363636363,
          94.45454545454545
        ],
        [
          164.61363636363637,
          104.68181818181819
        ],
        [
          167.45454545454547,
          109.22727272727273
        ],
        [
          179.38636363636363,
          108.6590909090909
        ],
        [
          190.75,
          101.27272727272727
        ],
        [
          205.52272727272728,
          85.36363636363636
        ],
        [
          219.72727272727272,
          69.45454545454545
        ],
        [
          235.0681818181818,
          56.38636363636363
        ],
        [
          249.84090909090907,
          40.47727272727273
        ],
        [
          259.5,
          21.15909090909091
        ],
        [
          262.90909090909093,
          12.636363636363637
        ],
        [
          268.59090909090907,
          3.545454545454546
        ],
        [
          270.29545454545456,
          0.7045454545454546
        ]
      ],
      "group_id": null,
      "shape_type": "polygon",
      "flags": {}
    },
    {
      "label": "细胞膜",
      "points": [
        [
          224.27272727272728,
          84.22727272727273
        ],
        [
          220.86363636363637,
          95.02272727272727
        ],
        [
          220.86363636363637,
          109.22727272727273
        ],
        [
          224.27272727272728,
          121.1590909090909
        ],
        [
          231.09090909090907,
          129.6818181818182
        ],
        [
          247.5681818181818,
          137.0681818181818
        ],
        [
          265.1818181818182,
          138.77272727272728
        ],
        [
          279.3863636363636,
          135.9318181818182
        ],
        [
          290.75,
          131.95454545454547
        ],
        [
          291.8863636363636,
          126.27272727272727
        ],
        [
          288.47727272727275,
          115.47727272727273
        ],
        [
          282.22727272727275,
          105.81818181818181
        ],
        [
          272.5681818181818,
          93.88636363636364
        ],
        [
          262.90909090909093,
          83.6590909090909
        ],
        [
          257.22727272727275,
          75.13636363636364
        ],
        [
          253.25,
          70.5909090909091
        ],
        [
          245.29545454545456,
          70.02272727272727
        ],
        [
          239.61363636363637,
          70.02272727272727
        ],
        [
          233.36363636363637,
          74.0
        ],
        [
          233.36363636363637,
          77.4090909090909
        ]
      ],
      "group_id": null,
      "shape_type": "polygon",
      "flags": {}
    },
    {
      "label": "细胞膜",
      "points": [
        [
          143.02272727272728,
          117.75
        ],
        [
          141.3181818181818,
          125.70454545454545
        ],
        [
          137.9090909090909,
          130.25
        ],
        [
          133.36363636363637,
          138.20454545454547
        ],
        [
          135.63636363636363,
          142.1818181818182
        ],
        [
          143.02272727272728,
          144.45454545454547
        ],
        [
          140.75,
          151.27272727272728
        ],
        [
          138.47727272727272,
          158.6590909090909
        ],
        [
          133.9318181818182,
          167.1818181818182
        ],
        [
          131.0909090909091,
          170.5909090909091
        ],
        [
          129.38636363636363,
          177.97727272727272
        ],
        [
          134.5,
          191.04545454545453
        ],
        [
          138.47727272727272,
          199.5681818181818
        ],
        [
          146.4318181818182,
          209.79545454545453
        ],
        [
          154.38636363636363,
          218.88636363636363
        ],
        [
          158.36363636363637,
          222.86363636363637
        ],
        [
          173.70454545454547,
          216.61363636363637
        ],
        [
          182.79545454545453,
          206.38636363636363
        ],
        [
          190.1818181818182,
          200.70454545454547
        ],
        [
          190.75,
          188.20454545454547
        ],
        [
          190.75,
          180.25
        ],
        [
          200.97727272727272,
          171.72727272727272
        ],
        [
          208.36363636363637,
          162.63636363636363
        ],
        [
          211.20454545454547,
          150.13636363636363
        ],
        [
          209.5,
          139.3409090909091
        ],
        [
          207.22727272727272,
          130.8181818181818
        ],
        [
          200.4090909090909,
          121.1590909090909
        ],
        [
          190.1818181818182,
          114.3409090909091
        ],
        [
          181.6590909090909,
          111.5
        ],
        [
          167.45454545454547,
          112.63636363636364
        ],
        [
          162.9090909090909,
          115.47727272727273
        ],
        [
          155.52272727272728,
          116.61363636363636
        ],
        [
          149.27272727272728,
          116.61363636363636
        ]
      ],
      "group_id": null,
      "shape_type": "polygon",
      "flags": {}
    },
    {
      "label": "细胞膜",
      "points": [
        [
          0.9772727272727266,
          255.25
        ],
        [
          15.18181818181818,
          266.6136363636364
        ],
        [
          28.25,
          277.97727272727275
        ],
        [
          39.61363636363636,
          290.47727272727275
        ],
        [
          44.727272727272734,
          302.40909090909093
        ],
        [
          51.54545454545455,
          309.22727272727275
        ],
        [
          52.68181818181819,
          314.90909090909093
        ],
        [
          47.56818181818181,
          319.45454545454544
        ],
        [
          37.90909090909091,
          321.72727272727275
        ],
        [
          28.81818181818182,
          321.72727272727275
        ],
        [
          16.886363636363633,
          317.75
        ],
        [
          7.227272727272727,
          313.77272727272725
        ],
        [
          0,
          309
        ]
      ],
      "group_id": null,
      "shape_type": "polygon",
      "flags": {}
    },
    {
      "label": "细胞膜",
      "points": [
        [
          32.22727272727273,
          234.22727272727272
        ],
        [
          31.659090909090907,
          244.45454545454547
        ],
        [
          40.18181818181819,
          263.77272727272725
        ],
        [
          49.272727272727266,
          277.97727272727275
        ],
        [
          62.90909090909091,
          285.3636363636364
        ],
        [
          75.4090909090909,
          291.04545454545456
        ],
        [
          77.68181818181819,
          293.3181818181818
        ],
        [
          87.3409090909091,
          299.0
        ],
        [
          96.43181818181819,
          298.4318181818182
        ],
        [
          107.22727272727272,
          298.4318181818182
        ],
        [
          111.77272727272728,
          292.75
        ],
        [
          111.77272727272728,
          284.22727272727275
        ],
        [
          107.22727272727272,
          270.02272727272725
        ],
        [
          97.0,
          257.52272727272725
        ],
        [
          87.9090909090909,
          250.13636363636363
        ],
        [
          77.11363636363636,
          239.3409090909091
        ],
        [
          67.45454545454545,
          229.6818181818182
        ],
        [
          60.06818181818181,
          225.70454545454547
        ],
        [
          49.84090909090909,
          224.5681818181818
        ],
        [
          40.75,
          226.27272727272728
        ]
      ],
      "group_id": null,
      "shape_type": "polygon",
      "flags": {}
    },
    {
      "label": "细胞膜",
      "points": [
        [
          82.79545454545455,
          197.86363636363637
        ],
        [
          86.77272727272727,
          218.88636363636363
        ],
        [
          96.43181818181819,
          241.04545454545453
        ],
        [
          110.06818181818181,
          254.6818181818182
        ],
        [
          120.29545454545453,
          262.0681818181818
        ],
        [
          125.97727272727272,
          272.8636363636364
        ],
        [
          132.22727272727272,
          282.52272727272725
        ],
        [
          137.9090909090909,
          291.6136363636364
        ],
        [
          141.88636363636363,
          296.72727272727275
        ],
        [
          148.13636363636363,
          299.0
        ],
        [
          154.38636363636363,
          295.02272727272725
        ],
        [
          153.25,
          287.0681818181818
        ],
        [
          155.52272727272728,
          279.1136363636364
        ],
        [
          161.20454545454547,
          271.15909090909093
        ],
        [
          162.9090909090909,
          262.6363636363636
        ],
        [
          164.61363636363637,
          251.8409090909091
        ],
        [
          165.75,
          239.3409090909091
        ],
        [
          165.75,
          233.0909090909091
        ],
        [
          159.5,
          227.4090909090909
        ],
        [
          150.97727272727272,
          220.5909090909091
        ],
        [
          144.1590909090909,
          210.36363636363637
        ],
        [
          140.1818181818182,
          204.11363636363637
        ],
        [
          134.5,
          198.4318181818182
        ],
        [
          128.8181818181818,
          191.04545454545453
        ],
        [
          119.1590909090909,
          183.6590909090909
        ],
        [
          116.31818181818181,
          181.38636363636363
        ],
        [
          109.5,
          180.8181818181818
        ],
        [
          98.70454545454545,
          183.0909090909091
        ],
        [
          90.18181818181819,
          186.5
        ],
        [
          86.20454545454545,
          190.47727272727272
        ]
      ],
      "group_id": null,
      "shape_type": "polygon",
      "flags": {}
    },
    {
      "label": "细胞膜",
      "points": [
        [
          198.70454545454547,
          208.0909090909091
        ],
        [
          182.79545454545453,
          226.27272727272728
        ],
        [
          174.27272727272728,
          244.45454545454547
        ],
        [
          166.88636363636363,
          262.6363636363636
        ],
        [
          161.77272727272728,
          276.27272727272725
        ],
        [
          160.63636363636363,
          291.04545454545456
        ],
        [
          154.38636363636363,
          304.6818181818182
        ],
        [
          153.8181818181818,
          314.90909090909093
        ],
        [
          158.9318181818182,
          321.15909090909093
        ],
        [
          162.9090909090909,
          335.3636363636364
        ],
        [
          160.0681818181818,
          346.15909090909093
        ],
        [
          160.0681818181818,
          360.3636363636364
        ],
        [
          174.8409090909091,
          355.8181818181818
        ],
        [
          184.5,
          349.0
        ],
        [
          198.70454545454547,
          343.8863636363636
        ],
        [
          219.72727272727272,
          330.8181818181818
        ],
        [
          227.6818181818182,
          324.0
        ],
        [
          236.77272727272725,
          299.0
        ],
        [
          243.59090909090907,
          275.70454545454544
        ],
        [
          245.86363636363637,
          245.02272727272728
        ],
        [
          243.59090909090907,
          224.5681818181818
        ],
        [
          241.88636363636363,
          208.0909090909091
        ],
        [
          241.88636363636363,
          199.5681818181818
        ],
        [
          241.3181818181818,
          196.72727272727272
        ],
        [
          231.09090909090907,
          196.72727272727272
        ],
        [
          218.5909090909091,
          200.13636363636363
        ],
        [
          206.6590909090909,
          204.11363636363637
        ]
      ],
      "group_id": null,
      "shape_type": "polygon",
      "flags": {}
    },
    {
      "label": "细胞膜",
      "points": [
        [
          65.18181818181819,
          451.84090909090907
        ],
        [
          91.88636363636364,
          443.3181818181818
        ],
        [
          110.63636363636363,
          435.3636363636364
        ],
        [
          135.63636363636363,
          424.0
        ],
        [
          169.1590909090909,
          406.95454545454544
        ],
        [
          196.4318181818182,
          396.15909090909093
        ],
        [
          220.86363636363637,
          383.09090909090907
        ],
        [
          241.88636363636363,
          369.45454545454544
        ],
        [
          260.6363636363636,
          355.8181818181818
        ],
        [
          276.54545454545456,
          339.90909090909093
        ],
        [
          294.72727272727275,
          327.40909090909093
        ],
        [
          305.52272727272725,
          318.8863636363636
        ],
        [
          322.0,
          310.3636363636364
        ],
        [
          332.22727272727275,
          305.25
        ],
        [
          340.75,
          303.54545454545456
        ],
        [
          345.29545454545456,
          301.27272727272725
        ],
        [
          345.29545454545456,
          296.15909090909093
        ],
        [
          341.3181818181818,
          296.72727272727275
        ],
        [
          331.65909090909093,
          300.1363636363636
        ],
        [
          319.15909090909093,
          305.25
        ],
        [
          303.25,
          306.95454545454544
        ],
        [
          284.5,
          310.3636363636364
        ],
        [
          277.1136363636364,
          313.20454545454544
        ],
        [
          258.3636363636364,
          316.04545454545456
        ],
        [
          242.45454545454544,
          316.6136363636364
        ],
        [
          236.20454545454544,
          317.1818181818182
        ],
        [
          229.95454545454544,
          322.8636363636364
        ],
        [
          217.45454545454547,
          333.65909090909093
        ],
        [
          204.38636363636363,
          342.75
        ],
        [
          190.75,
          349.5681818181818
        ],
        [
          183.36363636363637,
          352.97727272727275
        ],
        [
          173.13636363636363,
          358.09090909090907
        ],
        [
          152.6818181818182,
          366.04545454545456
        ],
        [
          129.95454545454547,
          378.54545454545456
        ],
        [
          116.31818181818181,
          392.75
        ],
        [
          105.52272727272728,
          405.8181818181818
        ],
        [
          99.8409090909091,
          417.1818181818182
        ],
        [
          90.75,
          429.1136363636364
        ],
        [
          79.38636363636364,
          437.6363636363636
        ],
        [
          68.02272727272727,
          444.45454545454544
        ]
      ],
      "group_id": null,
      "shape_type": "polygon",
      "flags": {}
    },
    {
      "label": "细胞膜",
      "points": [
        [
          90.75,
          457.52272727272725
        ],
        [
          72.56818181818181,
          461.5
        ],
        [
          64.61363636363636,
          464.90909090909093
        ],
        [
          62.34090909090909,
          474.0
        ],
        [
          62.90909090909091,
          485.3636363636364
        ],
        [
          73.13636363636364,
          495.59090909090907
        ],
        [
          82.79545454545455,
          502.97727272727275
        ],
        [
          94.72727272727273,
          506.95454545454544
        ],
        [
          119.1590909090909,
          506.3863636363636
        ],
        [
          138.47727272727272,
          500.1363636363636
        ],
        [
          169.72727272727272,
          494.45454545454544
        ],
        [
          195.86363636363637,
          482.52272727272725
        ],
        [
          219.72727272727272,
          460.9318181818182
        ],
        [
          234.5,
          446.72727272727275
        ],
        [
          252.11363636363637,
          426.84090909090907
        ],
        [
          257.22727272727275,
          411.5
        ],
        [
          265.1818181818182,
          405.25
        ],
        [
          283.9318181818182,
          392.75
        ],
        [
          290.1818181818182,
          385.3636363636364
        ],
        [
          297.5681818181818,
          378.54545454545456
        ],
        [
          297.5681818181818,
          374.0
        ],
        [
          293.02272727272725,
          373.4318181818182
        ],
        [
          286.77272727272725,
          376.27272727272725
        ],
        [
          278.8181818181818,
          378.54545454545456
        ],
        [
          274.84090909090907,
          380.8181818181818
        ],
        [
          270.8636363636364,
          386.5
        ],
        [
          256.65909090909093,
          388.77272727272725
        ],
        [
          240.1818181818182,
          387.0681818181818
        ],
        [
          224.27272727272728,
          386.5
        ],
        [
          210.63636363636363,
          390.47727272727275
        ],
        [
          199.27272727272728,
          396.15909090909093
        ],
        [
          174.27272727272728,
          407.52272727272725
        ],
        [
          156.0909090909091,
          416.6136363636364
        ],
        [
          136.20454545454547,
          427.97727272727275
        ],
        [
          113.47727272727272,
          439.34090909090907
        ],
        [
          102.68181818181819,
          445.02272727272725
        ]
      ],
      "group_id": null,
      "shape_type": "polygon",
      "flags": {}
    },
    {
      "label": "细胞膜",
      "points": [
        [
          246.4318181818182,
          446.72727272727275
        ],
        [
          245.86363636363637,
          464.34090909090907
        ],
        [
          247.0,
          484.79545454545456
        ],
        [
          249.84090909090907,
          499.0
        ],
        [
          254.38636363636363,
          509.79545454545456
        ],
        [
          262,
          511
        ],
        [
          275.40909090909093,
          506.95454545454544
        ],
        [
          285.6363636363636,
          488.20454545454544
        ],
        [
          304.3863636363636,
          463.77272727272725
        ],
        [
          316.3181818181818,
          443.3181818181818
        ],
        [
          329.3863636363636,
          421.15909090909093
        ],
        [
          336.77272727272725,
          406.3863636363636
        ],
        [
          336.77272727272725,
          391.6136363636364
        ],
        [
          336.20454545454544,
          385.9318181818182
        ],
        [
          329.3863636363636,
          378.54545454545456
        ],
        [
          318.02272727272725,
          372.8636363636364
        ],
        [
          312.90909090909093,
          371.15909090909093
        ],
        [
          302.6818181818182,
          370.59090909090907
        ],
        [
          300.40909090909093,
          381.3863636363636
        ],
        [
          290.75,
          391.6136363636364
        ],
        [
          277.6818181818182,
          401.27272727272725
        ],
        [
          266.3181818181818,
          416.04545454545456
        ],
        [
          256.09090909090907,
          425.1363636363636
        ],
        [
          249.27272727272725,
          435.9318181818182
        ]
      ],
      "group_id": null,
      "shape_type": "polygon",
      "flags": {}
    },
    {
      "label": "细胞膜",
      "points": [
        [
          279.95454545454544,
          193.3181818181818
        ],
        [
          269.15909090909093,
          214.3409090909091
        ],
        [
          264.6136363636364,
          235.36363636363637
        ],
        [
          260.6363636363636,
          256.3863636363636
        ],
        [
          265.1818181818182,
          272.8636363636364
        ],
        [
          273.70454545454544,
          283.09090909090907
        ],
        [
          285.0681818181818,
          281.3863636363636
        ],
        [
          298.70454545454544,
          270.59090909090907
        ],
        [
          305.52272727272725,
          256.95454545454544
        ],
        [
          312.34090909090907,
          230.8181818181818
        ],
        [
          313.47727272727275,
          216.04545454545453
        ],
        [
          315.75,
          194.45454545454547
        ],
        [
          315.1818181818182,
          184.22727272727272
        ],
        [
          311.77272727272725,
          176.8409090909091
        ],
        [
          307.79545454545456,
          175.13636363636363
        ],
        [
          298.70454545454544,
          175.13636363636363
        ],
        [
          290.75,
          179.11363636363637
        ],
        [
          284.5,
          183.6590909090909
        ]
      ],
      "group_id": null,
      "shape_type": "polygon",
      "flags": {}
    },
    {
      "label": "细胞膜",
      "points": [
        [
          325.40909090909093,
          226.27272727272728
        ],
        [
          318.02272727272725,
          238.20454545454547
        ],
        [
          312.90909090909093,
          254.11363636363637
        ],
        [
          308.9318181818182,
          264.34090909090907
        ],
        [
          305.52272727272725,
          274.0
        ],
        [
          300.97727272727275,
          280.8181818181818
        ],
        [
          294.15909090909093,
          287.0681818181818
        ],
        [
          290.75,
          292.1818181818182
        ],
        [
          293.02272727272725,
          293.3181818181818
        ],
        [
          298.1363636363636,
          285.9318181818182
        ],
        [
          303.8181818181818,
          283.09090909090907
        ],
        [
          325.97727272727275,
          277.97727272727275
        ],
        [
          346.4318181818182,
          275.1363636363636
        ],
        [
          363.47727272727275,
          267.1818181818182
        ],
        [
          371.4318181818182,
          255.25
        ],
        [
          379.95454545454544,
          237.0681818181818
        ],
        [
          379.95454545454544,
          226.8409090909091
        ],
        [
          377.1136363636364,
          219.45454545454547
        ],
        [
          377.1136363636364,
          213.77272727272728
        ],
        [
          371.4318181818182,
          209.79545454545453
        ],
        [
          360.0681818181818,
          208.6590909090909
        ],
        [
          352.6818181818182,
          205.8181818181818
        ],
        [
          342.45454545454544,
          204.6818181818182
        ],
        [
          335.6363636363636,
          211.5
        ],
        [
          327.6818181818182,
          218.3181818181818
        ]
      ],
      "group_id": null,
      "shape_type": "polygon",
      "flags": {}
    },
    {
      "label": "细胞膜",
      "points": [
        [
          425.40909090909093,
          180.8181818181818
        ],
        [
          412.90909090909093,
          187.0681818181818
        ],
        [
          399.27272727272725,
          193.88636363636363
        ],
        [
          392.45454545454544,
          210.36363636363637
        ],
        [
          386.77272727272725,
          230.25
        ],
        [
          378.8181818181818,
          246.1590909090909
        ],
        [
          375.97727272727275,
          258.09090909090907
        ],
        [
          370.29545454545456,
          272.8636363636364
        ],
        [
          367.45454545454544,
          283.09090909090907
        ],
        [
          363.47727272727275,
          291.6136363636364
        ],
        [
          355.52272727272725,
          301.84090909090907
        ],
        [
          351.54545454545456,
          309.79545454545456
        ],
        [
          347.5681818181818,
          321.72727272727275
        ],
        [
          347.5681818181818,
          330.25
        ],
        [
          349.84090909090907,
          337.0681818181818
        ],
        [
          354.95454545454544,
          346.15909090909093
        ],
        [
          359.5,
          346.72727272727275
        ],
        [
          366.3181818181818,
          333.09090909090907
        ],
        [
          382.79545454545456,
          296.72727272727275
        ],
        [
          394.15909090909093,
          279.1136363636364
        ],
        [
          405.52272727272725,
          260.9318181818182
        ],
        [
          417.45454545454544,
          237.63636363636363
        ],
        [
          425.97727272727275,
          218.88636363636363
        ],
        [
          429.3863636363636,
          201.27272727272728
        ],
        [
          429.3863636363636,
          191.61363636363637
        ],
        [
          429.3863636363636,
          187.63636363636363
        ]
      ],
      "group_id": null,
      "shape_type": "polygon",
      "flags": {}
    },
    {
      "label": "细胞膜",
      "points": [
        [
          356.65909090909093,
          419.45454545454544
        ],
        [
          365.1818181818182,
          439.90909090909093
        ],
        [
          375.97727272727275,
          455.8181818181818
        ],
        [
          395.8636363636364,
          465.47727272727275
        ],
        [
          413.47727272727275,
          469.45454545454544
        ],
        [
          430.52272727272725,
          465.47727272727275
        ],
        [
          436.77272727272725,
          454.1136363636364
        ],
        [
          432.79545454545456,
          434.79545454545456
        ],
        [
          424.27272727272725,
          421.15909090909093
        ],
        [
          412.34090909090907,
          412.6363636363636
        ],
        [
          405.52272727272725,
          409.22727272727275
        ],
        [
          387.34090909090907,
          409.22727272727275
        ],
        [
          372.0,
          408.65909090909093
        ],
        [
          363.47727272727275,
          406.95454545454544
        ],
        [
          354.95454545454544,
          405.8181818181818
        ],
        [
          345.8636363636364,
          401.84090909090907
        ],
        [
          341.8863636363636,
          402.40909090909093
        ],
        [
          345.29545454545456,
          409.22727272727275
        ],
        [
          354.3863636363636,
          413.77272727272725
        ]
      ],
      "group_id": null,
      "shape_type": "polygon",
      "flags": {}
    },
    {
      "label": "细胞膜",
      "points": [
        [
          469.15909090909093,
          289.34090909090907
        ],
        [
          451.54545454545456,
          300.1363636363636
        ],
        [
          438.47727272727275,
          314.90909090909093
        ],
        [
          434.5,
          342.1818181818182
        ],
        [
          433.3636363636364,
          376.27272727272725
        ],
        [
          431.65909090909093,
          402.40909090909093
        ],
        [
          435.6363636363636,
          420.02272727272725
        ],
        [
          443.59090909090907,
          431.95454545454544
        ],
        [
          450.97727272727275,
          434.79545454545456
        ],
        [
          460.0681818181818,
          424.5681818181818
        ],
        [
          468.59090909090907,
          402.40909090909093
        ],
        [
          474.84090909090907,
          380.25
        ],
        [
          482.79545454545456,
          374.0
        ],
        [
          482.79545454545456,
          365.47727272727275
        ],
        [
          479.95454545454544,
          354.6818181818182
        ],
        [
          481.65909090909093,
          333.65909090909093
        ],
        [
          482.79545454545456,
          322.29545454545456
        ],
        [
          479.95454545454544,
          305.25
        ],
        [
          485.06818181818187,
          294.45454545454544
        ],
        [
          489.6136363636364,
          285.9318181818182
        ],
        [
          485.06818181818187,
          285.9318181818182
        ],
        [
          478.25,
          284.79545454545456
        ],
        [
          474.27272727272725,
          283.09090909090907
        ]
      ],
      "group_id": null,
      "shape_type": "polygon",
      "flags": {}
    },
    {
      "label": "细胞膜",
      "points": [
        [
          379.3863636363636,
          510.9318181818182
        ],
        [
          464.6136363636364,
          510.9318181818182
        ],
        [
          475.40909090909093,
          504.1136363636364
        ],
        [
          487.3409090909091,
          500.1363636363636
        ],
        [
          495.2954545454545,
          490.47727272727275
        ],
        [
          494.1590909090909,
          483.65909090909093
        ],
        [
          486.2045454545455,
          482.52272727272725
        ],
        [
          464.6136363636364,
          481.95454545454544
        ],
        [
          439.04545454545456,
          485.9318181818182
        ],
        [
          419.72727272727275,
          489.90909090909093
        ],
        [
          407.79545454545456,
          496.72727272727275
        ],
        [
          391.8863636363636,
          501.84090909090907
        ]
      ],
      "group_id": null,
      "shape_type": "polygon",
      "flags": {}
    },
    {
      "label": "细胞膜",
      "points": [
        [
          463.47727272727275,
          130.8181818181818
        ],
        [
          465.75,
          144.45454545454547
        ],
        [
          465.75,
          163.77272727272728
        ],
        [
          462.34090909090907,
          182.52272727272728
        ],
        [
          457.79545454545456,
          193.88636363636363
        ],
        [
          447.0,
          211.5
        ],
        [
          436.77272727272725,
          222.29545454545453
        ],
        [
          433.9318181818182,
          225.70454545454547
        ],
        [
          430.52272727272725,
          234.79545454545453
        ],
        [
          426.54545454545456,
          253.54545454545453
        ],
        [
          415.75,
          277.40909090909093
        ],
        [
          410.6363636363636,
          293.8863636363636
        ],
        [
          403.25,
          310.9318181818182
        ],
        [
          395.8636363636364,
          322.29545454545456
        ],
        [
          387.90909090909093,
          332.52272727272725
        ],
        [
          386.20454545454544,
          337.0681818181818
        ],
        [
          387.90909090909093,
          339.90909090909093
        ],
        [
          394.72727272727275,
          341.04545454545456
        ],
        [
          401.54545454545456,
          337.6363636363636
        ],
        [
          411.77272727272725,
          329.6818181818182
        ],
        [
          425.97727272727275,
          318.3181818181818
        ],
        [
          436.77272727272725,
          302.97727272727275
        ],
        [
          452.1136363636364,
          277.97727272727275
        ],
        [
          465.75,
          251.8409090909091
        ],
        [
          475.40909090909093,
          231.95454545454547
        ],
        [
          487.9090909090909,
          212.0681818181818
        ],
        [
          500.4090909090909,
          198.4318181818182
        ],
        [
          511,
          187
        ],
        [
          511,
          146
        ],
        [
          502.1136363636364,
          137.0681818181818
        ],
        [
          490.75,
          131.38636363636363
        ],
        [
          490.75,
          125.13636363636364
        ],
        [
          488.47727272727275,
          124.0
        ],
        [
          477.6818181818182,
          128.54545454545453
        ],
        [
          472.0,
          129.11363636363637
        ]
      ],
      "group_id": null,
      "shape_type": "polygon",
      "flags": {}
    },
    {
      "label": "细胞膜",
      "points": [
        [
          277.1136363636364,
          58.09090909090909
        ],
        [
          281.65909090909093,
          73.43181818181819
        ],
        [
          298.70454545454544,
          84.22727272727273
        ],
        [
          306.09090909090907,
          97.86363636363636
        ],
        [
          312.90909090909093,
          108.6590909090909
        ],
        [
          322.0,
          110.93181818181819
        ],
        [
          324.84090909090907,
          122.86363636363636
        ],
        [
          321.4318181818182,
          133.6590909090909
        ],
        [
          320.29545454545456,
          143.3181818181818
        ],
        [
          327.6818181818182,
          156.95454545454547
        ],
        [
          338.47727272727275,
          162.63636363636363
        ],
        [
          355.52272727272725,
          165.47727272727272
        ],
        [
          373.70454545454544,
          160.9318181818182
        ],
        [
          386.20454545454544,
          158.6590909090909
        ],
        [
          393.59090909090907,
          158.0909090909091
        ],
        [
          396.4318181818182,
          160.9318181818182
        ],
        [
          399.84090909090907,
          168.88636363636363
        ],
        [
          399.84090909090907,
          174.0
        ],
        [
          405.52272727272725,
          175.13636363636363
        ],
        [
          411.20454545454544,
          166.61363636363637
        ],
        [
          413.47727272727275,
          151.27272727272728
        ],
        [
          415.1818181818182,
          139.9090909090909
        ],
        [
          415.1818181818182,
          126.8409090909091
        ],
        [
          410.6363636363636,
          112.06818181818181
        ],
        [
          399.84090909090907,
          101.8409090909091
        ],
        [
          386.77272727272725,
          96.1590909090909
        ],
        [
          374.84090909090907,
          97.86363636363636
        ],
        [
          367.45454545454544,
          96.72727272727273
        ],
        [
          361.20454545454544,
          85.36363636363636
        ],
        [
          357.79545454545456,
          72.29545454545455
        ],
        [
          357.79545454545456,
          60.93181818181818
        ],
        [
          353.8181818181818,
          49.0
        ],
        [
          352.1136363636364,
          39.90909090909091
        ],
        [
          353.8181818181818,
          31.954545454545453
        ],
        [
          354.3863636363636,
          26.84090909090909
        ],
        [
          349.84090909090907,
          25.704545454545453
        ],
        [
          343.59090909090907,
          22.295454545454547
        ],
        [
          334.5,
          18.318181818181817
        ],
        [
          327.1136363636364,
          16.045454545454547
        ],
        [
          318.02272727272725,
          20.59090909090909
        ],
        [
          314.04545454545456,
          25.704545454545453
        ],
        [
          311.20454545454544,
          30.818181818181817
        ],
        [
          297.0,
          33.65909090909091
        ],
        [
          286.20454545454544,
          35.36363636363637
        ],
        [
          279.95454545454544,
          41.61363636363637
        ],
        [
          276.54545454545456,
          48.43181818181818
        ]
      ],
      "group_id": null,
      "shape_type": "polygon",
      "flags": {}
    },
    {
      "label": "细胞膜",
      "points": [
        [
          425.40909090909093,
          0.13636363636363646
        ],
        [
          415.75,
          6.386363636363637
        ],
        [
          403.8181818181818,
          18.318181818181817
        ],
        [
          389.6136363636364,
          29.681818181818183
        ],
        [
          378.25,
          49.0
        ],
        [
          372.0,
          59.79545454545455
        ],
        [
          365.75,
          69.45454545454545
        ],
        [
          363.47727272727275,
          77.97727272727273
        ],
        [
          366.3181818181818,
          91.61363636363636
        ],
        [
          379.3863636363636,
          94.45454545454545
        ],
        [
          387.34090909090907,
          87.06818181818181
        ],
        [
          396.4318181818182,
          74.0
        ],
        [
          412.34090909090907,
          65.47727272727273
        ],
        [
          419.72727272727275,
          53.54545454545455
        ],
        [
          431.09090909090907,
          43.31818181818182
        ],
        [
          439.04545454545456,
          29.681818181818183
        ],
        [
          451.54545454545456,
          19.454545454545453
        ],
        [
          451.54545454545456,
          14.340909090909092
        ],
        [
          449.84090909090907,
          5.25
        ],
        [
          449,
          0
        ],
        [
          439,
          0
        ]
      ],
      "group_id": null,
      "shape_type": "polygon",
      "flags": {}
    },
    {
      "label": "细胞膜",
      "points": [
        [
          424.84090909090907,
          52.40909090909091
        ],
        [
          420.29545454545456,
          58.09090909090909
        ],
        [
          420.29545454545456,
          70.5909090909091
        ],
        [
          426.54545454545456,
          80.25
        ],
        [
          429.3863636363636,
          89.9090909090909
        ],
        [
          431.65909090909093,
          98.43181818181819
        ],
        [
          436.20454545454544,
          104.11363636363636
        ],
        [
          442.45454545454544,
          107.52272727272727
        ],
        [
          454.95454545454544,
          103.54545454545455
        ],
        [
          470.8636363636364,
          85.93181818181819
        ],
        [
          483.3636363636364,
          68.88636363636364
        ],
        [
          490.75,
          54.11363636363637
        ],
        [
          498.7045454545455,
          40.47727272727273
        ],
        [
          499.8409090909091,
          28.545454545454547
        ],
        [
          503.25,
          16.613636363636363
        ],
        [
          508.3636363636364,
          8.090909090909092
        ],
        [
          511,
          0
        ],
        [
          469,
          0
        ],
        [
          456.65909090909093,
          4.113636363636363
        ],
        [
          454.3863636363636,
          10.931818181818182
        ],
        [
          453.8181818181818,
          16.045454545454547
        ],
        [
          445.29545454545456,
          25.136363636363637
        ],
        [
          439.04545454545456,
          32.52272727272727
        ],
        [
          434.5,
          41.61363636363637
        ],
        [
          429.3863636363636,
          47.86363636363637
        ]
      ],
      "group_id": null,
      "shape_type": "polygon",
      "flags": {}
    },
    {
      "label": "细胞核",
      "points": [
        [
          73.13636363636364,
          38.77272727272727
        ],
        [
          75.97727272727273,
          35.36363636363637
        ],
        [
          83.36363636363636,
          33.65909090909091
        ],
        [
          100.4090909090909,
          41.04545454545455
        ],
        [
          117.45454545454547,
          49.56818181818182
        ],
        [
          131.0909090909091,
          56.38636363636363
        ],
        [
          129.38636363636363,
          62.63636363636363
        ],
        [
          123.70454545454547,
          68.31818181818181
        ],
        [
          117.45454545454547,
          71.1590909090909
        ],
        [
          106.6590909090909,
          70.5909090909091
        ],
        [
          94.72727272727273,
          62.63636363636363
        ],
        [
          81.6590909090909,
          55.25
        ],
        [
          77.11363636363636,
          51.84090909090909
        ],
        [
          72.56818181818181,
          47.29545454545455
        ]
      ],
      "group_id": null,
      "shape_type": "polygon",
      "flags": {}
    },
    {
      "label": "细胞核",
      "points": [
        [
          204.95454545454547,
          55.81818181818182
        ],
        [
          212.9090909090909,
          56.95454545454545
        ],
        [
          218.02272727272728,
          64.9090909090909
        ],
        [
          216.3181818181818,
          70.5909090909091
        ],
        [
          206.6590909090909,
          80.81818181818181
        ],
        [
          196.4318181818182,
          93.88636363636364
        ],
        [
          186.20454545454547,
          101.8409090909091
        ],
        [
          177.11363636363637,
          107.52272727272727
        ],
        [
          168.02272727272728,
          105.25
        ],
        [
          166.88636363636363,
          98.43181818181819
        ],
        [
          173.13636363636363,
          88.20454545454545
        ],
        [
          179.95454545454547,
          81.38636363636364
        ],
        [
          187.3409090909091,
          72.86363636363636
        ],
        [
          191.3181818181818,
          64.9090909090909
        ],
        [
          200.4090909090909,
          60.36363636363637
        ]
      ],
      "group_id": null,
      "shape_type": "polygon",
      "flags": {}
    },
    {
      "label": "细胞核",
      "points": [
        [
          232.79545454545456,
          93.31818181818181
        ],
        [
          230.52272727272725,
          100.13636363636364
        ],
        [
          231.09090909090907,
          112.63636363636364
        ],
        [
          240.1818181818182,
          123.43181818181819
        ],
        [
          249.27272727272725,
          129.11363636363637
        ],
        [
          257.22727272727275,
          131.95454545454547
        ],
        [
          270.8636363636364,
          129.11363636363637
        ],
        [
          273.1363636363636,
          120.02272727272727
        ],
        [
          270.8636363636364,
          108.6590909090909
        ],
        [
          264.04545454545456,
          98.43181818181819
        ],
        [
          258.3636363636364,
          92.75
        ],
        [
          250.40909090909093,
          90.47727272727273
        ],
        [
          238.47727272727275,
          88.77272727272727
        ]
      ],
      "group_id": null,
      "shape_type": "polygon",
      "flags": {}
    },
    {
      "label": "细胞核",
      "points": [
        [
          331.09090909090907,
          110.93181818181819
        ],
        [
          329.3863636363636,
          121.72727272727273
        ],
        [
          333.9318181818182,
          134.79545454545453
        ],
        [
          340.75,
          145.02272727272728
        ],
        [
          353.25,
          151.27272727272728
        ],
        [
          369.15909090909093,
          149.5681818181818
        ],
        [
          381.65909090909093,
          143.3181818181818
        ],
        [
          385.6363636363636,
          130.25
        ],
        [
          381.65909090909093,
          117.75
        ],
        [
          374.27272727272725,
          111.5
        ],
        [
          363.47727272727275,
          104.68181818181819
        ],
        [
          354.3863636363636,
          100.70454545454545
        ],
        [
          340.1818181818182,
          100.70454545454545
        ]
      ],
      "group_id": null,
      "shape_type": "polygon",
      "flags": {}
    },
    {
      "label": "细胞核",
      "points": [
        [
          402.1136363636364,
          23.431818181818183
        ],
        [
          399.27272727272725,
          30.818181818181817
        ],
        [
          402.1136363636364,
          41.04545454545455
        ],
        [
          408.3636363636364,
          43.88636363636363
        ],
        [
          418.02272727272725,
          42.18181818181818
        ],
        [
          425.97727272727275,
          35.93181818181818
        ],
        [
          427.6818181818182,
          28.545454545454547
        ],
        [
          431.09090909090907,
          22.863636363636363
        ],
        [
          437.90909090909093,
          21.727272727272727
        ],
        [
          444.72727272727275,
          18.318181818181817
        ],
        [
          445.8636363636364,
          12.068181818181818
        ],
        [
          444.72727272727275,
          5.25
        ],
        [
          437.90909090909093,
          1.272727272727273
        ],
        [
          428.8181818181818,
          1.272727272727273
        ],
        [
          415.1818181818182,
          6.386363636363637
        ],
        [
          408.9318181818182,
          12.636363636363637
        ]
      ],
      "group_id": null,
      "shape_type": "polygon",
      "flags": {}
    },
    {
      "label": "细胞核",
      "points": [
        [
          439.04545454545456,
          41.61363636363637
        ],
        [
          429.95454545454544,
          54.68181818181818
        ],
        [
          428.25,
          64.9090909090909
        ],
        [
          429.3863636363636,
          81.95454545454545
        ],
        [
          435.6363636363636,
          90.47727272727273
        ],
        [
          444.72727272727275,
          93.88636363636364
        ],
        [
          455.52272727272725,
          92.18181818181819
        ],
        [
          465.1818181818182,
          82.52272727272727
        ],
        [
          473.1363636363636,
          69.45454545454545
        ],
        [
          474.84090909090907,
          58.09090909090909
        ],
        [
          474.27272727272725,
          48.43181818181818
        ],
        [
          468.59090909090907,
          41.61363636363637
        ],
        [
          456.65909090909093,
          39.90909090909091
        ],
        [
          445.8636363636364,
          39.34090909090909
        ]
      ],
      "group_id": null,
      "shape_type": "polygon",
      "flags": {}
    },
    {
      "label": "细胞核",
      "points": [
        [
          483.9318181818182,
          149.5681818181818
        ],
        [
          470.29545454545456,
          159.79545454545453
        ],
        [
          468.02272727272725,
          170.02272727272728
        ],
        [
          465.75,
          184.22727272727272
        ],
        [
          465.75,
          195.02272727272728
        ],
        [
          466.8863636363636,
          202.97727272727272
        ],
        [
          468.02272727272725,
          209.22727272727272
        ],
        [
          474.84090909090907,
          210.9318181818182
        ],
        [
          487.3409090909091,
          206.38636363636363
        ],
        [
          500.97727272727275,
          192.75
        ],
        [
          507.7954545454545,
          187.0681818181818
        ],
        [
          510.6363636363636,
          181.95454545454547
        ],
        [
          510.6363636363636,
          148.4318181818182
        ],
        [
          500.4090909090909,
          145.02272727272728
        ],
        [
          492.4545454545455,
          145.02272727272728
        ]
      ],
      "group_id": null,
      "shape_type": "polygon",
      "flags": {}
    },
    {
      "label": "细胞核",
      "points": [
        [
          401.54545454545456,
          213.20454545454547
        ],
        [
          393.02272727272725,
          220.5909090909091
        ],
        [
          387.34090909090907,
          232.52272727272728
        ],
        [
          382.22727272727275,
          242.1818181818182
        ],
        [
          380.52272727272725,
          249.0
        ],
        [
          380.52272727272725,
          259.22727272727275
        ],
        [
          387.90909090909093,
          264.90909090909093
        ],
        [
          398.1363636363636,
          264.90909090909093
        ],
        [
          406.09090909090907,
          254.6818181818182
        ],
        [
          412.90909090909093,
          238.77272727272728
        ],
        [
          416.8863636363636,
          226.27272727272728
        ],
        [
          416.8863636363636,
          218.3181818181818
        ],
        [
          414.04545454545456,
          214.3409090909091
        ],
        [
          408.3636363636364,
          212.0681818181818
        ]
      ],
      "group_id": null,
      "shape_type": "polygon",
      "flags": {}
    },
    {
      "label": "细胞核",
      "points": [
        [
          444.72727272727275,
          326.27272727272725
        ],
        [
          439.6136363636364,
          338.77272727272725
        ],
        [
          437.90909090909093,
          349.5681818181818
        ],
        [
          437.90909090909093,
          361.5
        ],
        [
          440.1818181818182,
          370.02272727272725
        ],
        [
          450.97727272727275,
          372.8636363636364
        ],
        [
          460.6363636363636,
          372.8636363636364
        ],
        [
          472.0,
          366.6136363636364
        ],
        [
          478.25,
          358.09090909090907
        ],
        [
          478.25,
          342.1818181818182
        ],
        [
          474.27272727272725,
          327.97727272727275
        ],
        [
          468.59090909090907,
          321.72727272727275
        ],
        [
          461.77272727272725,
          320.02272727272725
        ],
        [
          453.8181818181818,
          320.02272727272725
        ]
      ],
      "group_id": null,
      "shape_type": "polygon",
      "flags": {}
    },
    {
      "label": "细胞核",
      "points": [
        [
          385.6363636363636,
          426.84090909090907
        ],
        [
          381.09090909090907,
          435.9318181818182
        ],
        [
          381.09090909090907,
          445.59090909090907
        ],
        [
          387.90909090909093,
          452.40909090909093
        ],
        [
          396.4318181818182,
          459.22727272727275
        ],
        [
          406.09090909090907,
          460.9318181818182
        ],
        [
          413.47727272727275,
          460.9318181818182
        ],
        [
          425.40909090909093,
          456.95454545454544
        ],
        [
          429.95454545454544,
          446.72727272727275
        ],
        [
          429.3863636363636,
          437.0681818181818
        ],
        [
          424.84090909090907,
          429.1136363636364
        ],
        [
          415.75,
          425.1363636363636
        ],
        [
          403.8181818181818,
          421.72727272727275
        ],
        [
          394.15909090909093,
          422.8636363636364
        ]
      ],
      "group_id": null,
      "shape_type": "polygon",
      "flags": {}
    },
    {
      "label": "细胞核",
      "points": [
        [
          462.34090909090907,
          499.5681818181818
        ],
        [
          460.6363636363636,
          494.45454545454544
        ],
        [
          452.1136363636364,
          489.34090909090907
        ],
        [
          441.3181818181818,
          489.34090909090907
        ],
        [
          430.52272727272725,
          489.34090909090907
        ],
        [
          416.8863636363636,
          492.75
        ],
        [
          407.22727272727275,
          500.1363636363636
        ],
        [
          398.70454545454544,
          505.8181818181818
        ],
        [
          394.15909090909093,
          508.09090909090907
        ],
        [
          457.22727272727275,
          509.22727272727275
        ]
      ],
      "group_id": null,
      "shape_type": "polygon",
      "flags": {}
    },
    {
      "label": "细胞核",
      "points": [
        [
          284.5,
          403.54545454545456
        ],
        [
          275.97727272727275,
          410.3636363636364
        ],
        [
          268.59090909090907,
          417.1818181818182
        ],
        [
          265.75,
          428.54545454545456
        ],
        [
          268.02272727272725,
          440.47727272727275
        ],
        [
          277.6818181818182,
          449.0
        ],
        [
          287.34090909090907,
          451.84090909090907
        ],
        [
          303.8181818181818,
          446.72727272727275
        ],
        [
          316.3181818181818,
          435.9318181818182
        ],
        [
          323.1363636363636,
          425.70454545454544
        ],
        [
          328.8181818181818,
          416.04545454545456
        ],
        [
          330.52272727272725,
          404.6818181818182
        ],
        [
          327.1136363636364,
          395.02272727272725
        ],
        [
          318.59090909090907,
          389.34090909090907
        ],
        [
          305.52272727272725,
          388.20454545454544
        ],
        [
          295.29545454545456,
          388.77272727272725
        ],
        [
          288.47727272727275,
          397.29545454545456
        ]
      ],
      "group_id": null,
      "shape_type": "polygon",
      "flags": {}
    },
    {
      "label": "细胞核",
      "points": [
        [
          116.88636363636363,
          455.25
        ],
        [
          114.04545454545453,
          462.0681818181818
        ],
        [
          114.04545454545453,
          468.8863636363636
        ],
        [
          118.5909090909091,
          472.8636363636364
        ],
        [
          120.86363636363637,
          481.95454545454544
        ],
        [
          124.27272727272728,
          491.04545454545456
        ],
        [
          135.0681818181818,
          495.02272727272725
        ],
        [
          147.5681818181818,
          492.75
        ],
        [
          152.11363636363637,
          494.45454545454544
        ],
        [
          164.61363636363637,
          492.75
        ],
        [
          173.70454545454547,
          487.6363636363636
        ],
        [
          185.63636363636363,
          482.52272727272725
        ],
        [
          197.5681818181818,
          472.29545454545456
        ],
        [
          197.5681818181818,
          464.90909090909093
        ],
        [
          198.13636363636363,
          458.65909090909093
        ],
        [
          200.97727272727272,
          454.6818181818182
        ],
        [
          200.97727272727272,
          442.75
        ],
        [
          199.8409090909091,
          437.0681818181818
        ],
        [
          195.29545454545453,
          432.52272727272725
        ],
        [
          187.3409090909091,
          428.54545454545456
        ],
        [
          173.70454545454547,
          428.54545454545456
        ],
        [
          158.36363636363637,
          428.54545454545456
        ],
        [
          149.27272727272728,
          430.8181818181818
        ],
        [
          134.5,
          433.65909090909093
        ],
        [
          128.25,
          437.6363636363636
        ],
        [
          123.70454545454547,
          441.6136363636364
        ],
        [
          121.43181818181819,
          446.15909090909093
        ]
      ],
      "group_id": null,
      "shape_type": "polygon",
      "flags": {}
    },
    {
      "label": "细胞核",
      "points": [
        [
          145.29545454545453,
          378.54545454545456
        ],
        [
          142.45454545454547,
          388.20454545454544
        ],
        [
          147.0,
          400.1363636363636
        ],
        [
          152.11363636363637,
          404.6818181818182
        ],
        [
          158.9318181818182,
          406.3863636363636
        ],
        [
          173.70454545454547,
          404.1136363636364
        ],
        [
          193.02272727272728,
          396.15909090909093
        ],
        [
          208.9318181818182,
          387.6363636363636
        ],
        [
          216.88636363636363,
          383.09090909090907
        ],
        [
          222.0,
          373.4318181818182
        ],
        [
          222.0,
          364.34090909090907
        ],
        [
          217.45454545454547,
          355.8181818181818
        ],
        [
          210.63636363636363,
          352.97727272727275
        ],
        [
          203.25,
          352.97727272727275
        ],
        [
          193.02272727272728,
          356.95454545454544
        ],
        [
          180.52272727272728,
          358.09090909090907
        ],
        [
          174.8409090909091,
          359.79545454545456
        ],
        [
          163.47727272727272,
          363.20454545454544
        ],
        [
          157.79545454545453,
          367.1818181818182
        ],
        [
          152.11363636363637,
          371.72727272727275
        ]
      ],
      "group_id": null,
      "shape_type": "polygon",
      "flags": {}
    },
    {
      "label": "细胞核",
      "points": [
        [
          179.38636363636363,
          268.8863636363636
        ],
        [
          173.70454545454547,
          276.27272727272725
        ],
        [
          170.86363636363637,
          284.79545454545456
        ],
        [
          170.86363636363637,
          293.8863636363636
        ],
        [
          171.4318181818182,
          305.25
        ],
        [
          172.5681818181818,
          319.45454545454544
        ],
        [
          178.25,
          327.40909090909093
        ],
        [
          190.1818181818182,
          331.95454545454544
        ],
        [
          206.6590909090909,
          331.95454545454544
        ],
        [
          218.02272727272728,
          323.4318181818182
        ],
        [
          222.0,
          314.34090909090907
        ],
        [
          225.4090909090909,
          298.4318181818182
        ],
        [
          225.4090909090909,
          286.5
        ],
        [
          227.11363636363637,
          271.72727272727275
        ],
        [
          223.70454545454547,
          262.0681818181818
        ],
        [
          219.1590909090909,
          258.09090909090907
        ],
        [
          214.61363636363637,
          254.6818181818182
        ],
        [
          202.11363636363637,
          253.54545454545453
        ],
        [
          193.02272727272728,
          255.8181818181818
        ],
        [
          182.79545454545453,
          258.09090909090907
        ]
      ],
      "group_id": null,
      "shape_type": "polygon",
      "flags": {}
    },
    {
      "label": "细胞核",
      "points": [
        [
          2.6818181818181834,
          276.27272727272725
        ],
        [
          5.522727272727273,
          272.29545454545456
        ],
        [
          11.772727272727273,
          272.29545454545456
        ],
        [
          23.704545454545453,
          280.8181818181818
        ],
        [
          33.36363636363637,
          291.04545454545456
        ],
        [
          35.63636363636363,
          300.1363636363636
        ],
        [
          36.20454545454545,
          308.65909090909093
        ],
        [
          33.36363636363637,
          316.04545454545456
        ],
        [
          28.25,
          317.1818181818182
        ],
        [
          18.590909090909093,
          315.47727272727275
        ],
        [
          11.772727272727273,
          312.0681818181818
        ],
        [
          5.522727272727273,
          308.65909090909093
        ],
        [
          0.9772727272727266,
          305.8181818181818
        ]
      ],
      "group_id": null,
      "shape_type": "polygon",
      "flags": {}
    },
    {
      "label": "细胞核",
      "points": [
        [
          44.727272727272734,
          235.9318181818182
        ],
        [
          37.90909090909091,
          239.9090909090909
        ],
        [
          36.772727272727266,
          246.72727272727272
        ],
        [
          41.31818181818181,
          260.9318181818182
        ],
        [
          48.70454545454545,
          270.02272727272725
        ],
        [
          58.36363636363636,
          276.27272727272725
        ],
        [
          66.88636363636364,
          278.54545454545456
        ],
        [
          77.11363636363636,
          280.25
        ],
        [
          85.63636363636364,
          275.70454545454544
        ],
        [
          88.47727272727273,
          266.04545454545456
        ],
        [
          85.63636363636364,
          255.25
        ],
        [
          79.95454545454545,
          246.1590909090909
        ],
        [
          69.1590909090909,
          241.04545454545453
        ],
        [
          62.90909090909091,
          236.5
        ],
        [
          54.95454545454545,
          233.0909090909091
        ],
        [
          50.40909090909091,
          233.0909090909091
        ]
      ],
      "group_id": null,
      "shape_type": "polygon",
      "flags": {}
    },
    {
      "label": "细胞核",
      "points": [
        [
          103.25,
          213.77272727272728
        ],
        [
          98.13636363636364,
          220.5909090909091
        ],
        [
          97.56818181818181,
          226.8409090909091
        ],
        [
          99.27272727272727,
          237.63636363636363
        ],
        [
          109.5,
          250.13636363636363
        ],
        [
          119.1590909090909,
          256.3863636363636
        ],
        [
          132.22727272727272,
          254.11363636363637
        ],
        [
          140.75,
          246.1590909090909
        ],
        [
          144.1590909090909,
          234.79545454545453
        ],
        [
          139.61363636363637,
          224.0
        ],
        [
          135.0681818181818,
          218.3181818181818
        ],
        [
          133.36363636363637,
          212.0681818181818
        ],
        [
          129.95454545454547,
          205.8181818181818
        ],
        [
          126.54545454545453,
          204.6818181818182
        ],
        [
          118.5909090909091,
          205.25
        ],
        [
          112.3409090909091,
          207.52272727272728
        ]
      ],
      "group_id": null,
      "shape_type": "polygon",
      "flags": {}
    },
    {
      "label": "细胞核",
      "points": [
        [
          161.77272727272728,
          141.04545454545453
        ],
        [
          156.6590909090909,
          145.02272727272728
        ],
        [
          149.8409090909091,
          153.54545454545453
        ],
        [
          150.4090909090909,
          163.20454545454547
        ],
        [
          160.63636363636363,
          177.97727272727272
        ],
        [
          174.27272727272728,
          180.8181818181818
        ],
        [
          186.77272727272728,
          177.97727272727272
        ],
        [
          200.97727272727272,
          165.47727272727272
        ],
        [
          203.25,
          152.4090909090909
        ],
        [
          202.6818181818182,
          142.1818181818182
        ],
        [
          197.5681818181818,
          135.9318181818182
        ],
        [
          190.1818181818182,
          131.38636363636363
        ],
        [
          177.6818181818182,
          131.38636363636363
        ],
        [
          169.1590909090909,
          133.6590909090909
        ]
      ],
      "group_id": null,
      "shape_type": "polygon",
      "flags": {}
    },
    {
      "label": "细胞核",
      "points": [
        [
          277.1136363636364,
          217.75
        ],
        [
          269.15909090909093,
          227.4090909090909
        ],
        [
          267.45454545454544,
          238.20454545454547
        ],
        [
          265.75,
          248.4318181818182
        ],
        [
          268.02272727272725,
          257.52272727272725
        ],
        [
          277.6818181818182,
          262.0681818181818
        ],
        [
          288.47727272727275,
          262.6363636363636
        ],
        [
          300.40909090909093,
          256.3863636363636
        ],
        [
          304.95454545454544,
          242.1818181818182
        ],
        [
          307.79545454545456,
          231.95454545454547
        ],
        [
          307.79545454545456,
          223.4318181818182
        ],
        [
          303.25,
          217.1818181818182
        ],
        [
          293.02272727272725,
          212.63636363636363
        ],
        [
          282.22727272727275,
          214.3409090909091
        ]
      ],
      "group_id": null,
      "shape_type": "polygon",
      "flags": {}
    },
    {
      "label": "细胞核",
      "points": [
        [
          328.25,
          238.20454545454547
        ],
        [
          321.4318181818182,
          241.04545454545453
        ],
        [
          318.02272727272725,
          245.5909090909091
        ],
        [
          316.3181818181818,
          253.54545454545453
        ],
        [
          317.45454545454544,
          264.90909090909093
        ],
        [
          326.54545454545456,
          271.72727272727275
        ],
        [
          336.77272727272725,
          272.8636363636364
        ],
        [
          350.97727272727275,
          267.1818181818182
        ],
        [
          356.09090909090907,
          259.22727272727275
        ],
        [
          360.6363636363636,
          249.5681818181818
        ],
        [
          359.5,
          242.1818181818182
        ],
        [
          356.09090909090907,
          234.22727272727272
        ],
        [
          347.5681818181818,
          230.8181818181818
        ],
        [
          337.34090909090907,
          231.95454545454547
        ],
        [
          334.5,
          234.79545454545453
        ]
      ],
      "group_id": null,
      "shape_type": "polygon",
      "flags": {}
    }
  ],
  "imagePath": "2a28f798-bbc7-11e8-b2bc-ac1f6b6435d0_dst.png",
  "imageData": null,
  "imageHeight": 512,
  "imageWidth": 512
}