{
  "version": "4.5.6",
  "flags": {},
  "shapes": [
    {
      "label": "细胞膜",
      "points": [
        [
          24.272727272727273,
          81.38636363636364
        ],
        [
          39.04545454545455,
          99.56818181818181
        ],
        [
          59.5,
          106.95454545454545
        ],
        [
          83.36363636363636,
          117.75
        ],
        [
          104.38636363636363,
          126.8409090909091
        ],
        [
          123.13636363636363,
          136.5
        ],
        [
          148.13636363636363,
          141.04545454545453
        ],
        [
          187.3409090909091,
          136.5
        ],
        [
          204.95454545454547,
          130.25
        ],
        [
          204.38636363636363,
          118.88636363636364
        ],
        [
          189.61363636363637,
          104.68181818181819
        ],
        [
          172.5681818181818,
          92.75
        ],
        [
          150.97727272727272,
          84.79545454545455
        ],
        [
          125.4090909090909,
          76.8409090909091
        ],
        [
          100.4090909090909,
          68.31818181818181
        ],
        [
          79.95454545454545,
          66.61363636363636
        ],
        [
          58.36363636363636,
          64.3409090909091
        ],
        [
          40.18181818181819,
          64.3409090909091
        ],
        [
          31.659090909090907,
          65.47727272727273
        ],
        [
          25.977272727272727,
          73.43181818181819
        ]
      ],
      "group_id": null,
      "shape_type": "polygon",
      "flags": {}
    },
    {
      "label": "细胞膜",
      "points": [
        [
          0.9772727272727266,
          208.0909090909091
        ],
        [
          29.386363636363633,
          207.52272727272728
        ],
        [
          63.477272727272734,
          210.9318181818182
        ],
        [
          95.29545454545455,
          214.3409090909091
        ],
        [
          120.29545454545453,
          220.02272727272728
        ],
        [
          132.79545454545453,
          224.0
        ],
        [
          131.6590909090909,
          229.11363636363637
        ],
        [
          124.8409090909091,
          231.95454545454547
        ],
        [
          105.52272727272728,
          235.36363636363637
        ],
        [
          87.3409090909091,
          240.47727272727272
        ],
        [
          67.45454545454545,
          244.45454545454547
        ],
        [
          40.18181818181819,
          249.0
        ],
        [
          24.840909090909093,
          252.97727272727272
        ],
        [
          19.159090909090907,
          260.9318181818182
        ],
        [
          13.477272727272727,
          260.3636363636364
        ],
        [
          7.227272727272727,
          256.95454545454544
        ],
        [
          2.1136363636363633,
          255.8181818181818
        ]
      ],
      "group_id": null,
      "shape_type": "polygon",
      "flags": {}
    },
    {
      "label": "细胞膜",
      "points": [
        [
          6.0909090909090935,
          279.6818181818182
        ],
        [
          7.795454545454547,
          287.0681818181818
        ],
        [
          2.1136363636363633,
          292.75
        ],
        [
          0,
          295
        ],
        [
          1.5454545454545467,
          338.77272727272725
        ],
        [
          20.863636363636367,
          333.65909090909093
        ],
        [
          49.272727272727266,
          320.02272727272725
        ],
        [
          72.56818181818181,
          305.25
        ],
        [
          97.56818181818181,
          285.9318181818182
        ],
        [
          107.79545454545453,
          272.29545454545456
        ],
        [
          115.75,
          256.95454545454544
        ],
        [
          119.1590909090909,
          248.4318181818182
        ],
        [
          124.8409090909091,
          244.45454545454547
        ],
        [
          123.70454545454547,
          242.75
        ],
        [
          118.02272727272728,
          238.77272727272728
        ],
        [
          112.3409090909091,
          237.0681818181818
        ],
        [
          95.29545454545455,
          240.47727272727272
        ],
        [
          92.45454545454545,
          244.45454545454547
        ],
        [
          78.81818181818181,
          255.25
        ],
        [
          58.93181818181819,
          262.6363636363636
        ],
        [
          36.20454545454545,
          270.02272727272725
        ],
        [
          31.659090909090907,
          266.04545454545456
        ],
        [
          20.863636363636367,
          272.8636363636364
        ],
        [
          13.477272727272727,
          276.84090909090907
        ]
      ],
      "group_id": null,
      "shape_type": "polygon",
      "flags": {}
    },
    {
      "label": "细胞膜",
      "points": [
        [
          138.47727272727272,
          195.5909090909091
        ],
        [
          150.97727272727272,
          207.52272727272728
        ],
        [
          167.45454545454547,
          217.1818181818182
        ],
        [
          187.3409090909091,
          225.70454545454547
        ],
        [
          208.9318181818182,
          229.6818181818182
        ],
        [
          229.38636363636363,
          229.6818181818182
        ],
        [
          239.61363636363637,
          231.95454545454547
        ],
        [
          253.8181818181818,
          235.36363636363637
        ],
        [
          258.9318181818182,
          230.25
        ],
        [
          257.79545454545456,
          218.3181818181818
        ],
        [
          252.11363636363637,
          203.54545454545453
        ],
        [
          241.88636363636363,
          188.20454545454547
        ],
        [
          232.79545454545456,
          177.4090909090909
        ],
        [
          223.13636363636363,
          164.3409090909091
        ],
        [
          207.22727272727272,
          156.38636363636363
        ],
        [
          199.27272727272728,
          151.27272727272728
        ],
        [
          197.0,
          148.4318181818182
        ],
        [
          174.8409090909091,
          159.22727272727272
        ],
        [
          162.3409090909091,
          167.1818181818182
        ],
        [
          153.8181818181818,
          173.4318181818182
        ],
        [
          147.5681818181818,
          179.6818181818182
        ],
        [
          144.1590909090909,
          180.8181818181818
        ],
        [
          138.47727272727272,
          188.77272727272728
        ]
      ],
      "group_id": null,
      "shape_type": "polygon",
      "flags": {}
    },
    {
      "label": "细胞膜",
      "points": [
        [
          231.65909090909093,
          80.81818181818181
        ],
        [
          233.36363636363637,
          106.95454545454545
        ],
        [
          240.1818181818182,
          133.6590909090909
        ],
        [
          245.86363636363637,
          154.6818181818182
        ],
        [
          257.79545454545456,
          182.52272727272728
        ],
        [
          275.97727272727275,
          212.0681818181818
        ],
        [
          287.34090909090907,
          230.8181818181818
        ],
        [
          297.0,
          241.04545454545453
        ],
        [
          302.1136363636364,
          235.36363636363637
        ],
        [
          304.3863636363636,
          219.45454545454547
        ],
        [
          309.5,
          193.88636363636363
        ],
        [
          308.3636363636364,
          167.75
        ],
        [
          299.84090909090907,
          141.04545454545453
        ],
        [
          290.75,
          120.5909090909091
        ],
        [
          281.09090909090907,
          106.38636363636364
        ],
        [
          264.6136363636364,
          90.47727272727273
        ],
        [
          256.65909090909093,
          84.22727272727273
        ],
        [
          243.02272727272725,
          79.68181818181819
        ]
      ],
      "group_id": null,
      "shape_type": "polygon",
      "flags": {}
    },
    {
      "label": "细胞膜",
      "points": [
        [
          302.1136363636364,
          89.9090909090909
        ],
        [
          303.25,
          117.18181818181819
        ],
        [
          313.47727272727275,
          147.86363636363637
        ],
        [
          325.97727272727275,
          167.1818181818182
        ],
        [
          340.1818181818182,
          176.27272727272728
        ],
        [
          347.5681818181818,
          180.25
        ],
        [
          349.27272727272725,
          162.0681818181818
        ],
        [
          352.1136363636364,
          141.04545454545453
        ],
        [
          354.95454545454544,
          121.72727272727273
        ],
        [
          353.25,
          104.11363636363636
        ],
        [
          345.29545454545456,
          86.5
        ],
        [
          336.77272727272725,
          74.0
        ],
        [
          329.3863636363636,
          70.02272727272727
        ],
        [
          314.6136363636364,
          70.02272727272727
        ],
        [
          304.3863636363636,
          72.29545454545455
        ],
        [
          298.70454545454544,
          83.0909090909091
        ]
      ],
      "group_id": null,
      "shape_type": "polygon",
      "flags": {}
    },
    {
      "label": "细胞膜",
      "points": [
        [
          418.02272727272725,
          41.04545454545455
        ],
        [
          403.8181818181818,
          45.59090909090909
        ],
        [
          395.29545454545456,
          49.56818181818182
        ],
        [
          394.15909090909093,
          56.38636363636363
        ],
        [
          399.27272727272725,
          71.72727272727273
        ],
        [
          401.54545454545456,
          81.95454545454545
        ],
        [
          408.3636363636364,
          95.5909090909091
        ],
        [
          428.8181818181818,
          98.43181818181819
        ],
        [
          432.22727272727275,
          91.04545454545455
        ],
        [
          433.3636363636364,
          72.29545454545455
        ],
        [
          433.9318181818182,
          67.75
        ],
        [
          443.02272727272725,
          77.4090909090909
        ],
        [
          465.1818181818182,
          77.97727272727273
        ],
        [
          479.3863636363636,
          68.88636363636364
        ],
        [
          478.25,
          52.40909090909091
        ],
        [
          473.70454545454544,
          37.06818181818182
        ],
        [
          463.47727272727275,
          31.386363636363633
        ],
        [
          450.40909090909093,
          29.681818181818183
        ],
        [
          439.6136363636364,
          35.93181818181818
        ],
        [
          426.54545454545456,
          38.77272727272727
        ]
      ],
      "group_id": null,
      "shape_type": "polygon",
      "flags": {}
    },
    {
      "label": "细胞膜",
      "points": [
        [
          468.59090909090907,
          13.772727272727273
        ],
        [
          477.6818181818182,
          12.068181818181818
        ],
        [
          494.72727272727275,
          16.613636363636363
        ],
        [
          506.0909090909091,
          21.727272727272727
        ],
        [
          511,
          24
        ],
        [
          511,
          80
        ],
        [
          490.75,
          77.97727272727273
        ],
        [
          483.9318181818182,
          68.31818181818181
        ],
        [
          481.65909090909093,
          53.54545454545455
        ],
        [
          477.1136363636364,
          34.79545454545455
        ],
        [
          466.8863636363636,
          29.113636363636363
        ],
        [
          465.1818181818182,
          23.431818181818183
        ]
      ],
      "group_id": null,
      "shape_type": "polygon",
      "flags": {}
    },
    {
      "label": "细胞膜",
      "points": [
        [
          431.09090909090907,
          142.75
        ],
        [
          428.25,
          151.27272727272728
        ],
        [
          432.22727272727275,
          158.0909090909091
        ],
        [
          454.95454545454544,
          167.1818181818182
        ],
        [
          473.70454545454544,
          171.1590909090909
        ],
        [
          490.75,
          171.72727272727272
        ],
        [
          508.93181818181813,
          164.9090909090909
        ],
        [
          511,
          160
        ],
        [
          511,
          144
        ],
        [
          491.8863636363636,
          138.77272727272728
        ],
        [
          472.0,
          137.0681818181818
        ],
        [
          454.3863636363636,
          135.9318181818182
        ],
        [
          441.3181818181818,
          138.77272727272728
        ]
      ],
      "group_id": null,
      "shape_type": "polygon",
      "flags": {}
    },
    {
      "label": "细胞膜",
      "points": [
        [
          509.5,
          170.02272727272728
        ],
        [
          504.3863636363636,
          178.54545454545453
        ],
        [
          503.25,
          190.47727272727272
        ],
        [
          499.27272727272725,
          197.29545454545453
        ],
        [
          493.02272727272725,
          204.6818181818182
        ],
        [
          485.06818181818187,
          216.61363636363637
        ],
        [
          479.95454545454544,
          234.22727272727272
        ],
        [
          479.95454545454544,
          247.29545454545453
        ],
        [
          489.0454545454545,
          264.34090909090907
        ],
        [
          499.27272727272725,
          270.02272727272725
        ],
        [
          510.6363636363636,
          272.8636363636364
        ],
        [
          511,
          248
        ],
        [
          511,
          177
        ],
        [
          511,
          171
        ]
      ],
      "group_id": null,
      "shape_type": "polygon",
      "flags": {}
    },
    {
      "label": "细胞膜",
      "points": [
        [
          199.27272727272728,
          270.59090909090907
        ],
        [
          199.8409090909091,
          276.27272727272725
        ],
        [
          203.25,
          282.52272727272725
        ],
        [
          197.0,
          292.1818181818182
        ],
        [
          195.86363636363637,
          300.70454545454544
        ],
        [
          197.5681818181818,
          308.65909090909093
        ],
        [
          191.88636363636363,
          320.59090909090907
        ],
        [
          188.47727272727272,
          329.6818181818182
        ],
        [
          198.13636363636363,
          343.8863636363636
        ],
        [
          209.5,
          347.29545454545456
        ],
        [
          230.52272727272725,
          347.8636363636364
        ],
        [
          267.45454545454544,
          346.15909090909093
        ],
        [
          278.8181818181818,
          347.29545454545456
        ],
        [
          279.3863636363636,
          356.3863636363636
        ],
        [
          291.3181818181818,
          358.09090909090907
        ],
        [
          302.1136363636364,
          359.79545454545456
        ],
        [
          310.0681818181818,
          356.95454545454544
        ],
        [
          310.0681818181818,
          343.3181818181818
        ],
        [
          317.45454545454544,
          333.65909090909093
        ],
        [
          309.5,
          324.0
        ],
        [
          309.5,
          317.75
        ],
        [
          299.27272727272725,
          316.04545454545456
        ],
        [
          287.34090909090907,
          317.1818181818182
        ],
        [
          286.77272727272725,
          296.72727272727275
        ],
        [
          278.8181818181818,
          281.95454545454544
        ],
        [
          269.15909090909093,
          269.45454545454544
        ],
        [
          256.09090909090907,
          260.9318181818182
        ],
        [
          246.4318181818182,
          255.8181818181818
        ],
        [
          230.52272727272725,
          259.79545454545456
        ],
        [
          218.02272727272728,
          262.6363636363636
        ],
        [
          208.36363636363637,
          264.90909090909093
        ]
      ],
      "group_id": null,
      "shape_type": "polygon",
      "flags": {}
    },
    {
      "label": "细胞膜",
      "points": [
        [
          315.1818181818182,
          261.5
        ],
        [
          307.22727272727275,
          271.72727272727275
        ],
        [
          306.09090909090907,
          288.77272727272725
        ],
        [
          312.34090909090907,
          308.65909090909093
        ],
        [
          328.25,
          321.15909090909093
        ],
        [
          344.15909090909093,
          329.1136363636364
        ],
        [
          362.34090909090907,
          330.8181818181818
        ],
        [
          376.54545454545456,
          327.40909090909093
        ],
        [
          389.6136363636364,
          307.52272727272725
        ],
        [
          399.27272727272725,
          282.52272727272725
        ],
        [
          402.6818181818182,
          266.04545454545456
        ],
        [
          399.27272727272725,
          251.8409090909091
        ],
        [
          390.1818181818182,
          240.47727272727272
        ],
        [
          373.70454545454544,
          238.20454545454547
        ],
        [
          356.65909090909093,
          239.3409090909091
        ],
        [
          340.1818181818182,
          243.3181818181818
        ],
        [
          327.6818181818182,
          250.13636363636363
        ]
      ],
      "group_id": null,
      "shape_type": "polygon",
      "flags": {}
    },
    {
      "label": "细胞膜",
      "points": [
        [
          188.47727272727272,
          378.54545454545456
        ],
        [
          192.45454545454547,
          388.77272727272725
        ],
        [
          192.45454545454547,
          399.0
        ],
        [
          197.5681818181818,
          417.1818181818182
        ],
        [
          206.0909090909091,
          427.40909090909093
        ],
        [
          206.6590909090909,
          435.9318181818182
        ],
        [
          216.3181818181818,
          438.77272727272725
        ],
        [
          225.97727272727272,
          433.65909090909093
        ],
        [
          240.1818181818182,
          435.9318181818182
        ],
        [
          248.70454545454544,
          438.20454545454544
        ],
        [
          260.0681818181818,
          440.47727272727275
        ],
        [
          265.1818181818182,
          436.5
        ],
        [
          265.75,
          418.8863636363636
        ],
        [
          264.6136363636364,
          400.70454545454544
        ],
        [
          267.45454545454544,
          390.47727272727275
        ],
        [
          262.34090909090907,
          382.52272727272725
        ],
        [
          268.59090909090907,
          380.8181818181818
        ],
        [
          258.9318181818182,
          362.6363636363636
        ],
        [
          246.4318181818182,
          358.65909090909093
        ],
        [
          237.90909090909093,
          353.54545454545456
        ],
        [
          236.20454545454544,
          349.0
        ],
        [
          231.09090909090907,
          350.70454545454544
        ],
        [
          227.11363636363637,
          354.1136363636364
        ],
        [
          216.3181818181818,
          350.1363636363636
        ],
        [
          208.36363636363637,
          354.6818181818182
        ],
        [
          206.6590909090909,
          363.77272727272725
        ],
        [
          200.4090909090909,
          368.3181818181818
        ],
        [
          194.72727272727272,
          371.72727272727275
        ]
      ],
      "group_id": null,
      "shape_type": "polygon",
      "flags": {}
    },
    {
      "label": "细胞膜",
      "points": [
        [
          319.72727272727275,
          375.1363636363636
        ],
        [
          313.47727272727275,
          391.6136363636364
        ],
        [
          318.02272727272725,
          406.95454545454544
        ],
        [
          330.52272727272725,
          420.02272727272725
        ],
        [
          356.09090909090907,
          422.8636363636364
        ],
        [
          371.4318181818182,
          417.1818181818182
        ],
        [
          382.22727272727275,
          404.6818181818182
        ],
        [
          386.77272727272725,
          385.3636363636364
        ],
        [
          393.59090909090907,
          375.1363636363636
        ],
        [
          397.0,
          363.77272727272725
        ],
        [
          399.27272727272725,
          351.84090909090907
        ],
        [
          396.4318181818182,
          346.15909090909093
        ],
        [
          390.1818181818182,
          347.29545454545456
        ],
        [
          389.04545454545456,
          350.70454545454544
        ],
        [
          389.04545454545456,
          359.22727272727275
        ],
        [
          373.1363636363636,
          356.95454545454544
        ],
        [
          358.9318181818182,
          356.95454545454544
        ],
        [
          343.02272727272725,
          359.79545454545456
        ],
        [
          328.25,
          366.6136363636364
        ]
      ],
      "group_id": null,
      "shape_type": "polygon",
      "flags": {}
    },
    {
      "label": "细胞膜",
      "points": [
        [
          429.95454545454544,
          380.8181818181818
        ],
        [
          431.65909090909093,
          404.1136363636364
        ],
        [
          440.75,
          426.27272727272725
        ],
        [
          452.1136363636364,
          443.8863636363636
        ],
        [
          465.1818181818182,
          450.70454545454544
        ],
        [
          485.6363636363636,
          452.97727272727275
        ],
        [
          502.1136363636364,
          446.15909090909093
        ],
        [
          510.06818181818187,
          435.9318181818182
        ],
        [
          511,
          430
        ],
        [
          505.52272727272725,
          402.97727272727275
        ],
        [
          487.3409090909091,
          387.6363636363636
        ],
        [
          466.8863636363636,
          378.54545454545456
        ],
        [
          448.70454545454544,
          372.29545454545456
        ],
        [
          435.6363636363636,
          373.4318181818182
        ]
      ],
      "group_id": null,
      "shape_type": "polygon",
      "flags": {}
    },
    {
      "label": "细胞膜",
      "points": [
        [
          398.1363636363636,
          421.15909090909093
        ],
        [
          398.1363636363636,
          438.20454545454544
        ],
        [
          398.1363636363636,
          459.79545454545456
        ],
        [
          401.54545454545456,
          479.6818181818182
        ],
        [
          407.22727272727275,
          494.45454545454544
        ],
        [
          422.5681818181818,
          501.84090909090907
        ],
        [
          441.3181818181818,
          505.8181818181818
        ],
        [
          460.0681818181818,
          498.4318181818182
        ],
        [
          463.47727272727275,
          485.3636363636364
        ],
        [
          463.47727272727275,
          469.45454545454544
        ],
        [
          452.6818181818182,
          455.8181818181818
        ],
        [
          436.20454545454544,
          439.90909090909093
        ],
        [
          428.25,
          423.4318181818182
        ],
        [
          419.15909090909093,
          416.04545454545456
        ],
        [
          412.34090909090907,
          411.5
        ],
        [
          411.77272727272725,
          406.3863636363636
        ],
        [
          405.52272727272725,
          401.84090909090907
        ],
        [
          399.27272727272725,
          404.1136363636364
        ],
        [
          398.70454545454544,
          413.77272727272725
        ]
      ],
      "group_id": null,
      "shape_type": "polygon",
      "flags": {}
    },
    {
      "label": "细胞膜",
      "points": [
        [
          316.3181818181818,
          429.6818181818182
        ],
        [
          311.20454545454544,
          439.34090909090907
        ],
        [
          306.65909090909093,
          451.84090909090907
        ],
        [
          310.6363636363636,
          455.8181818181818
        ],
        [
          325.97727272727275,
          454.6818181818182
        ],
        [
          338.47727272727275,
          447.8636363636364
        ],
        [
          341.8863636363636,
          436.5
        ],
        [
          349.27272727272725,
          429.6818181818182
        ],
        [
          339.6136363636364,
          423.4318181818182
        ],
        [
          327.6818181818182,
          419.45454545454544
        ],
        [
          322.0,
          420.59090909090907
        ]
      ],
      "group_id": null,
      "shape_type": "polygon",
      "flags": {}
    },
    {
      "label": "细胞膜",
      "points": [
        [
          23.704545454545453,
          372.8636363636364
        ],
        [
          27.113636363636367,
          387.0681818181818
        ],
        [
          40.18181818181819,
          403.54545454545456
        ],
        [
          64.04545454545455,
          413.20454545454544
        ],
        [
          102.11363636363637,
          424.5681818181818
        ],
        [
          130.52272727272728,
          427.40909090909093
        ],
        [
          154.95454545454547,
          422.8636363636364
        ],
        [
          167.45454545454547,
          408.65909090909093
        ],
        [
          163.47727272727272,
          394.45454545454544
        ],
        [
          152.11363636363637,
          383.09090909090907
        ],
        [
          130.52272727272728,
          374.5681818181818
        ],
        [
          103.81818181818181,
          363.20454545454544
        ],
        [
          76.54545454545455,
          358.09090909090907
        ],
        [
          56.65909090909091,
          358.09090909090907
        ],
        [
          39.61363636363636,
          361.5
        ],
        [
          29.954545454545453,
          366.04545454545456
        ]
      ],
      "group_id": null,
      "shape_type": "polygon",
      "flags": {}
    },
    {
      "label": "细胞膜",
      "points": [
        [
          53.25,
          431.95454545454544
        ],
        [
          55.522727272727266,
          446.15909090909093
        ],
        [
          55.522727272727266,
          458.09090909090907
        ],
        [
          57.79545454545455,
          467.75
        ],
        [
          66.31818181818181,
          480.25
        ],
        [
          78.25,
          481.95454545454544
        ],
        [
          92.45454545454545,
          475.1363636363636
        ],
        [
          105.52272727272728,
          464.34090909090907
        ],
        [
          105.52272727272728,
          450.1363636363636
        ],
        [
          104.38636363636363,
          436.5
        ],
        [
          90.18181818181819,
          426.84090909090907
        ],
        [
          75.4090909090909,
          418.3181818181818
        ],
        [
          66.31818181818181,
          418.3181818181818
        ],
        [
          57.79545454545455,
          422.8636363636364
        ]
      ],
      "group_id": null,
      "shape_type": "polygon",
      "flags": {}
    },
    {
      "label": "细胞膜",
      "points": [
        [
          3.8181818181818166,
          465.47727272727275
        ],
        [
          23.704545454545453,
          485.3636363636364
        ],
        [
          43.59090909090909,
          502.97727272727275
        ],
        [
          61.20454545454545,
          510.3636363636364
        ],
        [
          66,
          511
        ],
        [
          124.8409090909091,
          510.9318181818182
        ],
        [
          107.79545454545453,
          501.27272727272725
        ],
        [
          82.79545454545455,
          493.8863636363636
        ],
        [
          62.34090909090909,
          479.6818181818182
        ],
        [
          54.38636363636364,
          467.75
        ],
        [
          43.022727272727266,
          454.6818181818182
        ],
        [
          30.522727272727273,
          440.47727272727275
        ],
        [
          21.43181818181818,
          434.22727272727275
        ],
        [
          12.909090909090907,
          441.04545454545456
        ],
        [
          7.227272727272727,
          441.04545454545456
        ],
        [
          2.6818181818181834,
          443.3181818181818
        ],
        [
          0,
          448
        ]
      ],
      "group_id": null,
      "shape_type": "polygon",
      "flags": {}
    },
    {
      "label": "细胞膜",
      "points": [
        [
          84.5,
          487.6363636363636
        ],
        [
          90.75,
          495.02272727272725
        ],
        [
          108.36363636363637,
          497.8636363636364
        ],
        [
          125.4090909090909,
          501.27272727272725
        ],
        [
          150.4090909090909,
          501.27272727272725
        ],
        [
          170.29545454545453,
          501.84090909090907
        ],
        [
          186.77272727272728,
          494.45454545454544
        ],
        [
          199.27272727272728,
          482.52272727272725
        ],
        [
          209.5,
          462.6363636363636
        ],
        [
          209.5,
          451.27272727272725
        ],
        [
          201.54545454545453,
          447.8636363636364
        ],
        [
          187.9090909090909,
          447.8636363636364
        ],
        [
          166.88636363636363,
          449.0
        ],
        [
          148.70454545454547,
          454.1136363636364
        ],
        [
          124.27272727272728,
          463.20454545454544
        ],
        [
          102.68181818181819,
          474.0
        ],
        [
          94.1590909090909,
          481.3863636363636
        ]
      ],
      "group_id": null,
      "shape_type": "polygon",
      "flags": {}
    },
    {
      "label": "细胞膜",
      "points": [
        [
          200.4090909090909,
          492.75
        ],
        [
          214.04545454545453,
          505.8181818181818
        ],
        [
          198.70454545454547,
          506.3863636363636
        ],
        [
          186.77272727272728,
          507.52272727272725
        ],
        [
          187,
          511
        ],
        [
          280.52272727272725,
          510.9318181818182
        ],
        [
          254.95454545454544,
          497.8636363636364
        ],
        [
          235.0681818181818,
          487.6363636363636
        ],
        [
          219.1590909090909,
          480.8181818181818
        ],
        [
          209.5,
          477.40909090909093
        ],
        [
          204.95454545454547,
          480.8181818181818
        ],
        [
          202.6818181818182,
          485.3636363636364
        ]
      ],
      "group_id": null,
      "shape_type": "polygon",
      "flags": {}
    },
    {
      "label": "细胞膜",
      "points": [
        [
          244.15909090909093,
          485.3636363636364
        ],
        [
          269.72727272727275,
          498.4318181818182
        ],
        [
          283.9318181818182,
          504.1136363636364
        ],
        [
          289.04545454545456,
          510.9318181818182
        ],
        [
          303.8181818181818,
          510.3636363636364
        ],
        [
          403.8181818181818,
          510.9318181818182
        ],
        [
          406.09090909090907,
          505.8181818181818
        ],
        [
          399.84090909090907,
          503.54545454545456
        ],
        [
          387.34090909090907,
          500.70454545454544
        ],
        [
          378.25,
          495.02272727272725
        ],
        [
          375.40909090909093,
          491.04545454545456
        ],
        [
          370.8636363636364,
          493.3181818181818
        ],
        [
          365.75,
          499.0
        ],
        [
          354.3863636363636,
          497.29545454545456
        ],
        [
          358.3636363636364,
          489.34090909090907
        ],
        [
          360.6363636363636,
          481.3863636363636
        ],
        [
          363.47727272727275,
          471.72727272727275
        ],
        [
          362.34090909090907,
          467.1818181818182
        ],
        [
          359.5,
          457.52272727272725
        ],
        [
          353.8181818181818,
          450.1363636363636
        ],
        [
          346.4318181818182,
          445.59090909090907
        ],
        [
          341.3181818181818,
          449.0
        ],
        [
          332.22727272727275,
          455.8181818181818
        ],
        [
          317.45454545454544,
          456.3863636363636
        ],
        [
          305.52272727272725,
          460.3636363636364
        ],
        [
          300.40909090909093,
          465.47727272727275
        ],
        [
          290.75,
          471.15909090909093
        ],
        [
          276.54545454545456,
          474.5681818181818
        ],
        [
          264.6136363636364,
          477.40909090909093
        ],
        [
          252.6818181818182,
          476.84090909090907
        ],
        [
          244.72727272727275,
          476.84090909090907
        ],
        [
          239.04545454545456,
          481.95454545454544
        ]
      ],
      "group_id": null,
      "shape_type": "polygon",
      "flags": {}
    },
    {
      "label": "细胞膜",
      "points": [
        [
          3.8181818181818166,
          477.40909090909093
        ],
        [
          19.727272727272727,
          487.0681818181818
        ],
        [
          33.93181818181818,
          496.72727272727275
        ],
        [
          45.29545454545455,
          506.3863636363636
        ],
        [
          49.272727272727266,
          510.9318181818182
        ],
        [
          49,
          511
        ],
        [
          23,
          511
        ],
        [
          2.6818181818181834,
          510.9318181818182
        ],
        [
          0.9772727272727266,
          487.0681818181818
        ]
      ],
      "group_id": null,
      "shape_type": "polygon",
      "flags": {}
    },
    {
      "label": "细胞核",
      "points": [
        [
          87.3409090909091,
          92.18181818181819
        ],
        [
          92.45454545454545,
          108.6590909090909
        ],
        [
          102.68181818181819,
          122.86363636363636
        ],
        [
          128.25,
          130.8181818181818
        ],
        [
          142.45454545454547,
          128.54545454545453
        ],
        [
          156.6590909090909,
          122.29545454545455
        ],
        [
          161.20454545454547,
          110.93181818181819
        ],
        [
          153.8181818181818,
          93.88636363636364
        ],
        [
          145.29545454545453,
          86.5
        ],
        [
          131.6590909090909,
          80.81818181818181
        ],
        [
          118.02272727272728,
          77.4090909090909
        ],
        [
          108.36363636363637,
          81.38636363636364
        ],
        [
          96.43181818181819,
          83.6590909090909
        ]
      ],
      "group_id": null,
      "shape_type": "polygon",
      "flags": {}
    },
    {
      "label": "细胞核",
      "points": [
        [
          6.6590909090909065,
          221.72727272727272
        ],
        [
          8.363636363636367,
          231.38636363636363
        ],
        [
          14.045454545454547,
          243.88636363636363
        ],
        [
          24.840909090909093,
          246.72727272727272
        ],
        [
          37.90909090909091,
          247.86363636363637
        ],
        [
          61.772727272727266,
          242.75
        ],
        [
          79.95454545454545,
          238.20454545454547
        ],
        [
          87.3409090909091,
          230.25
        ],
        [
          85.63636363636364,
          220.5909090909091
        ],
        [
          78.81818181818181,
          216.04545454545453
        ],
        [
          58.36363636363636,
          211.5
        ],
        [
          40.18181818181819,
          211.5
        ],
        [
          26.545454545454547,
          212.63636363636363
        ],
        [
          15.18181818181818,
          217.1818181818182
        ]
      ],
      "group_id": null,
      "shape_type": "polygon",
      "flags": {}
    },
    {
      "label": "细胞核",
      "points": [
        [
          34.5,
          279.1136363636364
        ],
        [
          31.090909090909093,
          292.75
        ],
        [
          38.477272727272734,
          310.3636363636364
        ],
        [
          43.59090909090909,
          316.6136363636364
        ],
        [
          62.34090909090909,
          309.22727272727275
        ],
        [
          86.77272727272727,
          295.59090909090907
        ],
        [
          87.3409090909091,
          285.3636363636364
        ],
        [
          87.3409090909091,
          275.1363636363636
        ],
        [
          81.0909090909091,
          268.8863636363636
        ],
        [
          72.0,
          264.34090909090907
        ],
        [
          60.06818181818181,
          266.6136363636364
        ],
        [
          48.13636363636364,
          272.29545454545456
        ],
        [
          41.88636363636364,
          275.70454545454544
        ]
      ],
      "group_id": null,
      "shape_type": "polygon",
      "flags": {}
    },
    {
      "label": "细胞核",
      "points": [
        [
          193.5909090909091,
          184.22727272727272
        ],
        [
          189.61363636363637,
          193.3181818181818
        ],
        [
          186.20454545454547,
          205.8181818181818
        ],
        [
          193.02272727272728,
          218.88636363636363
        ],
        [
          206.0909090909091,
          224.5681818181818
        ],
        [
          222.0,
          224.5681818181818
        ],
        [
          240.1818181818182,
          224.0
        ],
        [
          247.0,
          212.0681818181818
        ],
        [
          247.5681818181818,
          201.8409090909091
        ],
        [
          242.45454545454544,
          190.47727272727272
        ],
        [
          233.36363636363637,
          181.95454545454547
        ],
        [
          227.6818181818182,
          175.70454545454547
        ],
        [
          220.29545454545453,
          174.5681818181818
        ],
        [
          212.3409090909091,
          178.54545454545453
        ],
        [
          202.11363636363637,
          179.11363636363637
        ]
      ],
      "group_id": null,
      "shape_type": "polygon",
      "flags": {}
    },
    {
      "label": "细胞核",
      "points": [
        [
          250.40909090909093,
          134.22727272727272
        ],
        [
          247.5681818181818,
          143.3181818181818
        ],
        [
          249.84090909090907,
          155.8181818181818
        ],
        [
          256.65909090909093,
          168.3181818181818
        ],
        [
          261.77272727272725,
          180.8181818181818
        ],
        [
          270.29545454545456,
          192.1818181818182
        ],
        [
          282.79545454545456,
          193.3181818181818
        ],
        [
          295.29545454545456,
          185.36363636363637
        ],
        [
          301.54545454545456,
          172.86363636363637
        ],
        [
          300.97727272727275,
          158.0909090909091
        ],
        [
          294.72727272727275,
          141.61363636363637
        ],
        [
          289.6136363636364,
          132.52272727272728
        ],
        [
          282.79545454545456,
          125.13636363636364
        ],
        [
          274.27272727272725,
          121.1590909090909
        ],
        [
          261.77272727272725,
          121.1590909090909
        ],
        [
          253.25,
          125.70454545454545
        ]
      ],
      "group_id": null,
      "shape_type": "polygon",
      "flags": {}
    },
    {
      "label": "细胞核",
      "points": [
        [
          313.47727272727275,
          103.54545454545455
        ],
        [
          311.20454545454544,
          119.45454545454545
        ],
        [
          314.04545454545456,
          133.6590909090909
        ],
        [
          325.40909090909093,
          142.75
        ],
        [
          337.90909090909093,
          143.3181818181818
        ],
        [
          347.0,
          138.20454545454547
        ],
        [
          352.6818181818182,
          130.25
        ],
        [
          352.6818181818182,
          114.3409090909091
        ],
        [
          350.40909090909093,
          103.54545454545455
        ],
        [
          345.8636363636364,
          96.1590909090909
        ],
        [
          339.04545454545456,
          93.31818181818181
        ],
        [
          332.22727272727275,
          93.31818181818181
        ],
        [
          322.0,
          97.86363636363636
        ]
      ],
      "group_id": null,
      "shape_type": "polygon",
      "flags": {}
    },
    {
      "label": "细胞核",
      "points": [
        [
          208.9318181818182,
          292.1818181818182
        ],
        [
          204.95454545454547,
          300.70454545454544
        ],
        [
          205.52272727272728,
          318.8863636363636
        ],
        [
          212.3409090909091,
          330.8181818181818
        ],
        [
          222.0,
          338.20454545454544
        ],
        [
          235.0681818181818,
          341.04545454545456
        ],
        [
          249.27272727272725,
          333.09090909090907
        ],
        [
          254.95454545454544,
          322.29545454545456
        ],
        [
          255.52272727272725,
          304.1136363636364
        ],
        [
          254.38636363636363,
          292.1818181818182
        ],
        [
          245.29545454545456,
          284.22727272727275
        ],
        [
          230.52272727272725,
          277.97727272727275
        ],
        [
          216.88636363636363,
          281.3863636363636
        ]
      ],
      "group_id": null,
      "shape_type": "polygon",
      "flags": {}
    },
    {
      "label": "细胞核",
      "points": [
        [
          318.59090909090907,
          271.15909090909093
        ],
        [
          312.90909090909093,
          286.5
        ],
        [
          315.75,
          299.0
        ],
        [
          324.27272727272725,
          306.3863636363636
        ],
        [
          336.77272727272725,
          307.52272727272725
        ],
        [
          354.95454545454544,
          303.54545454545456
        ],
        [
          365.1818181818182,
          295.59090909090907
        ],
        [
          375.40909090909093,
          286.5
        ],
        [
          380.52272727272725,
          276.84090909090907
        ],
        [
          385.6363636363636,
          264.34090909090907
        ],
        [
          377.1136363636364,
          256.95454545454544
        ],
        [
          364.6136363636364,
          251.27272727272728
        ],
        [
          353.25,
          249.5681818181818
        ],
        [
          337.34090909090907,
          254.11363636363637
        ],
        [
          325.40909090909093,
          260.9318181818182
        ]
      ],
      "group_id": null,
      "shape_type": "polygon",
      "flags": {}
    },
    {
      "label": "细胞核",
      "points": [
        [
          61.20454545454545,
          384.22727272727275
        ],
        [
          55.522727272727266,
          384.22727272727275
        ],
        [
          52.68181818181819,
          390.47727272727275
        ],
        [
          51.54545454545455,
          394.45454545454544
        ],
        [
          58.36363636363636,
          395.02272727272725
        ],
        [
          64.04545454545455,
          406.95454545454544
        ],
        [
          75.97727272727273,
          409.79545454545456
        ],
        [
          89.04545454545455,
          414.34090909090907
        ],
        [
          104.38636363636363,
          416.04545454545456
        ],
        [
          115.18181818181819,
          418.3181818181818
        ],
        [
          122.0,
          410.3636363636364
        ],
        [
          126.54545454545453,
          405.25
        ],
        [
          137.3409090909091,
          399.0
        ],
        [
          134.5,
          389.34090909090907
        ],
        [
          127.11363636363637,
          382.52272727272725
        ],
        [
          119.72727272727272,
          379.1136363636364
        ],
        [
          108.93181818181819,
          375.1363636363636
        ],
        [
          94.1590909090909,
          372.29545454545456
        ],
        [
          85.63636363636364,
          371.72727272727275
        ],
        [
          76.54545454545455,
          372.29545454545456
        ],
        [
          70.29545454545455,
          376.27272727272725
        ]
      ],
      "group_id": null,
      "shape_type": "polygon",
      "flags": {}
    },
    {
      "label": "细胞核",
      "points": [
        [
          64.61363636363636,
          437.0681818181818
        ],
        [
          60.63636363636364,
          450.70454545454544
        ],
        [
          60.63636363636364,
          462.6363636363636
        ],
        [
          64.61363636363636,
          472.8636363636364
        ],
        [
          70.29545454545455,
          479.6818181818182
        ],
        [
          78.25,
          479.6818181818182
        ],
        [
          85.63636363636364,
          475.70454545454544
        ],
        [
          92.45454545454545,
          470.59090909090907
        ],
        [
          96.43181818181819,
          462.6363636363636
        ],
        [
          95.86363636363636,
          452.40909090909093
        ],
        [
          93.02272727272727,
          444.45454545454544
        ],
        [
          90.75,
          434.79545454545456
        ],
        [
          86.20454545454545,
          427.40909090909093
        ],
        [
          79.95454545454545,
          423.4318181818182
        ],
        [
          74.27272727272727,
          424.0
        ],
        [
          69.72727272727273,
          429.1136363636364
        ]
      ],
      "group_id": null,
      "shape_type": "polygon",
      "flags": {}
    },
    {
      "label": "细胞核",
      "points": [
        [
          35.06818181818182,
          475.1363636363636
        ],
        [
          35.63636363636363,
          484.22727272727275
        ],
        [
          41.88636363636364,
          495.02272727272725
        ],
        [
          52.11363636363636,
          501.27272727272725
        ],
        [
          64.61363636363636,
          507.52272727272725
        ],
        [
          73.70454545454545,
          508.65909090909093
        ],
        [
          81.0909090909091,
          503.54545454545456
        ],
        [
          81.0909090909091,
          497.29545454545456
        ],
        [
          73.70454545454545,
          489.90909090909093
        ],
        [
          64.61363636363636,
          483.09090909090907
        ],
        [
          57.79545454545455,
          476.27272727272725
        ],
        [
          50.40909090909091,
          469.45454545454544
        ],
        [
          43.022727272727266,
          470.59090909090907
        ]
      ],
      "group_id": null,
      "shape_type": "polygon",
      "flags": {}
    },
    {
      "label": "细胞核",
      "points": [
        [
          7.227272727272727,
          481.3863636363636
        ],
        [
          16.31818181818182,
          492.75
        ],
        [
          22.56818181818182,
          504.6818181818182
        ],
        [
          22.56818181818182,
          510.9318181818182
        ],
        [
          4.954545454545453,
          509.22727272727275
        ],
        [
          4.386363636363633,
          494.45454545454544
        ],
        [
          3.25,
          487.0681818181818
        ]
      ],
      "group_id": null,
      "shape_type": "polygon",
      "flags": {}
    },
    {
      "label": "细胞核",
      "points": [
        [
          119.1590909090909,
          476.84090909090907
        ],
        [
          123.70454545454547,
          492.75
        ],
        [
          131.6590909090909,
          496.72727272727275
        ],
        [
          144.1590909090909,
          499.0
        ],
        [
          159.5,
          496.15909090909093
        ],
        [
          173.13636363636363,
          485.9318181818182
        ],
        [
          175.97727272727272,
          474.5681818181818
        ],
        [
          174.8409090909091,
          460.9318181818182
        ],
        [
          160.63636363636363,
          456.95454545454544
        ],
        [
          153.8181818181818,
          456.3863636363636
        ],
        [
          137.9090909090909,
          462.6363636363636
        ],
        [
          122.56818181818181,
          471.15909090909093
        ]
      ],
      "group_id": null,
      "shape_type": "polygon",
      "flags": {}
    },
    {
      "label": "细胞核",
      "points": [
        [
          199.8409090909091,
          397.8636363636364
        ],
        [
          203.8181818181818,
          411.5
        ],
        [
          216.3181818181818,
          420.02272727272725
        ],
        [
          227.6818181818182,
          425.70454545454544
        ],
        [
          244.72727272727275,
          425.1363636363636
        ],
        [
          260.0681818181818,
          408.09090909090907
        ],
        [
          260.6363636363636,
          393.3181818181818
        ],
        [
          256.09090909090907,
          385.3636363636364
        ],
        [
          245.86363636363637,
          377.97727272727275
        ],
        [
          236.20454545454544,
          375.1363636363636
        ],
        [
          220.86363636363637,
          377.97727272727275
        ],
        [
          210.63636363636363,
          383.09090909090907
        ],
        [
          200.4090909090909,
          388.20454545454544
        ]
      ],
      "group_id": null,
      "shape_type": "polygon",
      "flags": {}
    },
    {
      "label": "细胞核",
      "points": [
        [
          241.88636363636363,
          501.27272727272725
        ],
        [
          234.5,
          506.3863636363636
        ],
        [
          236.20454545454544,
          509.79545454545456
        ],
        [
          264.6136363636364,
          509.22727272727275
        ],
        [
          270.29545454545456,
          509.22727272727275
        ],
        [
          263.47727272727275,
          504.1136363636364
        ],
        [
          256.65909090909093,
          499.0
        ],
        [
          250.40909090909093,
          497.8636363636364
        ]
      ],
      "group_id": null,
      "shape_type": "polygon",
      "flags": {}
    },
    {
      "label": "细胞核",
      "points": [
        [
          314.6136363636364,
          439.34090909090907
        ],
        [
          312.90909090909093,
          446.72727272727275
        ],
        [
          314.6136363636364,
          454.1136363636364
        ],
        [
          325.40909090909093,
          453.54545454545456
        ],
        [
          331.09090909090907,
          446.72727272727275
        ],
        [
          331.09090909090907,
          437.6363636363636
        ],
        [
          331.09090909090907,
          430.8181818181818
        ],
        [
          323.70454545454544,
          429.1136363636364
        ],
        [
          318.02272727272725,
          431.95454545454544
        ]
      ],
      "group_id": null,
      "shape_type": "polygon",
      "flags": {}
    },
    {
      "label": "细胞核",
      "points": [
        [
          324.27272727272725,
          472.8636363636364
        ],
        [
          331.65909090909093,
          467.1818181818182
        ],
        [
          341.8863636363636,
          465.47727272727275
        ],
        [
          350.97727272727275,
          474.0
        ],
        [
          348.70454545454544,
          484.22727272727275
        ],
        [
          348.70454545454544,
          492.1818181818182
        ],
        [
          353.8181818181818,
          504.1136363636364
        ],
        [
          354.95454545454544,
          508.09090909090907
        ],
        [
          323.70454545454544,
          506.95454545454544
        ],
        [
          323.1363636363636,
          497.29545454545456
        ],
        [
          321.4318181818182,
          488.20454545454544
        ]
      ],
      "group_id": null,
      "shape_type": "polygon",
      "flags": {}
    },
    {
      "label": "细胞核",
      "points": [
        [
          345.8636363636364,
          385.3636363636364
        ],
        [
          336.20454545454544,
          389.90909090909093
        ],
        [
          331.09090909090907,
          399.0
        ],
        [
          331.65909090909093,
          408.65909090909093
        ],
        [
          344.72727272727275,
          418.3181818181818
        ],
        [
          358.3636363636364,
          419.45454545454544
        ],
        [
          371.4318181818182,
          414.90909090909093
        ],
        [
          376.54545454545456,
          406.3863636363636
        ],
        [
          378.8181818181818,
          397.8636363636364
        ],
        [
          378.25,
          390.47727272727275
        ],
        [
          370.8636363636364,
          384.79545454545456
        ],
        [
          361.77272727272725,
          383.65909090909093
        ],
        [
          351.54545454545456,
          383.09090909090907
        ]
      ],
      "group_id": null,
      "shape_type": "polygon",
      "flags": {}
    },
    {
      "label": "细胞核",
      "points": [
        [
          403.25,
          438.20454545454544
        ],
        [
          403.25,
          452.97727272727275
        ],
        [
          407.79545454545456,
          469.45454545454544
        ],
        [
          415.1818181818182,
          481.3863636363636
        ],
        [
          427.1136363636364,
          484.22727272727275
        ],
        [
          436.77272727272725,
          477.97727272727275
        ],
        [
          437.34090909090907,
          468.3181818181818
        ],
        [
          437.34090909090907,
          456.3863636363636
        ],
        [
          433.3636363636364,
          445.59090909090907
        ],
        [
          427.6818181818182,
          435.9318181818182
        ],
        [
          419.72727272727275,
          429.6818181818182
        ],
        [
          411.20454545454544,
          429.6818181818182
        ]
      ],
      "group_id": null,
      "shape_type": "polygon",
      "flags": {}
    },
    {
      "label": "细胞核",
      "points": [
        [
          450.40909090909093,
          400.1363636363636
        ],
        [
          450.40909090909093,
          412.0681818181818
        ],
        [
          463.47727272727275,
          425.1363636363636
        ],
        [
          470.8636363636364,
          434.22727272727275
        ],
        [
          483.9318181818182,
          437.0681818181818
        ],
        [
          491.8863636363636,
          440.47727272727275
        ],
        [
          497.0,
          434.22727272727275
        ],
        [
          505.52272727272725,
          429.1136363636364
        ],
        [
          505.52272727272725,
          416.6136363636364
        ],
        [
          502.68181818181813,
          406.3863636363636
        ],
        [
          495.8636363636364,
          396.72727272727275
        ],
        [
          483.9318181818182,
          393.3181818181818
        ],
        [
          473.70454545454544,
          388.20454545454544
        ],
        [
          462.34090909090907,
          387.0681818181818
        ],
        [
          450.97727272727275,
          392.1818181818182
        ]
      ],
      "group_id": null,
      "shape_type": "polygon",
      "flags": {}
    },
    {
      "label": "细胞核",
      "points": [
        [
          510.6363636363636,
          206.38636363636363
        ],
        [
          500.97727272727275,
          208.6590909090909
        ],
        [
          489.6136363636364,
          216.61363636363637
        ],
        [
          485.06818181818187,
          223.4318181818182
        ],
        [
          485.06818181818187,
          238.20454545454547
        ],
        [
          491.8863636363636,
          249.0
        ],
        [
          502.1136363636364,
          251.27272727272728
        ],
        [
          508.93181818181813,
          251.27272727272728
        ],
        [
          511,
          218
        ]
      ],
      "group_id": null,
      "shape_type": "polygon",
      "flags": {}
    },
    {
      "label": "细胞核",
      "points": [
        [
          453.25,
          139.3409090909091
        ],
        [
          449.84090909090907,
          146.1590909090909
        ],
        [
          449.84090909090907,
          156.38636363636363
        ],
        [
          461.20454545454544,
          161.5
        ],
        [
          478.8181818181818,
          164.9090909090909
        ],
        [
          494.1590909090909,
          158.0909090909091
        ],
        [
          498.1363636363636,
          150.13636363636363
        ],
        [
          494.72727272727275,
          143.3181818181818
        ],
        [
          483.3636363636364,
          139.9090909090909
        ],
        [
          468.02272727272725,
          138.77272727272728
        ]
      ],
      "group_id": null,
      "shape_type": "polygon",
      "flags": {}
    },
    {
      "label": "细胞核",
      "points": [
        [
          433.9318181818182,
          39.90909090909091
        ],
        [
          432.22727272727275,
          51.84090909090909
        ],
        [
          443.02272727272725,
          51.84090909090909
        ],
        [
          453.8181818181818,
          55.25
        ],
        [
          470.8636363636364,
          54.11363636363637
        ],
        [
          470.8636363636364,
          46.15909090909091
        ],
        [
          470.29545454545456,
          37.63636363636363
        ],
        [
          462.34090909090907,
          33.09090909090909
        ],
        [
          454.3863636363636,
          32.52272727272727
        ],
        [
          447.0,
          33.09090909090909
        ],
        [
          441.8863636363636,
          37.63636363636363
        ]
      ],
      "group_id": null,
      "shape_type": "polygon",
      "flags": {}
    },
    {
      "label": "细胞核",
      "points": [
        [
          507.22727272727275,
          28.545454545454547
        ],
        [
          498.1363636363636,
          32.52272727272727
        ],
        [
          491.8863636363636,
          41.04545454545455
        ],
        [
          491.31818181818187,
          52.97727272727273
        ],
        [
          502.1136363636364,
          64.9090909090909
        ],
        [
          508.3636363636364,
          68.31818181818181
        ],
        [
          511,
          46
        ]
      ],
      "group_id": null,
      "shape_type": "polygon",
      "flags": {}
    }
  ],
  "imagePath": "2ac7a49a-bba6-11e8-b2ba-ac1f6b6435d0_dst.png",
  "imageData": null,
  "imageHeight": 512,
  "imageWidth": 512
}