{
  "version": "4.5.6",
  "flags": {},
  "shapes": [
    {
      "label": "细胞核",
      "points": [
        [
          207.94871794871796,
          0.0
        ],
        [
          210.0,
          8.717948717948719
        ],
        [
          213.5897435897436,
          21.025641025641026
        ],
        [
          213.0769230769231,
          31.28205128205128
        ],
        [
          207.43589743589746,
          36.92307692307693
        ],
        [
          199.23076923076923,
          37.94871794871795
        ],
        [
          188.46153846153845,
          30.76923076923077
        ],
        [
          179.23076923076923,
          27.17948717948718
        ],
        [
          171.02564102564105,
          17.94871794871795
        ],
        [
          167.0,
          0.0
        ]
      ],
      "group_id": null,
      "shape_type": "polygon",
      "flags": {}
    },
    {
      "label": "细胞膜",
      "points": [
        [
          119.74358974358975,
          5.128205128205129
        ],
        [
          103.84615384615384,
          1.0256410256410258
        ],
        [
          211.53846153846155,
          0.5128205128205129
        ],
        [
          213.0769230769231,
          5.641025641025641
        ],
        [
          213.0769230769231,
          11.794871794871796
        ],
        [
          214.61538461538464,
          16.410256410256412
        ],
        [
          216.1538461538462,
          24.102564102564102
        ],
        [
          215.64102564102564,
          31.28205128205128
        ],
        [
          210.5128205128205,
          36.92307692307693
        ],
        [
          220.25641025641028,
          43.58974358974359
        ],
        [
          219.74358974358972,
          49.743589743589745
        ],
        [
          210.0,
          45.12820512820513
        ],
        [
          193.5897435897436,
          38.97435897435898
        ],
        [
          178.71794871794873,
          30.256410256410255
        ],
        [
          167.94871794871796,
          24.102564102564102
        ],
        [
          155.12820512820514,
          17.435897435897438
        ],
        [
          138.71794871794873,
          10.256410256410257
        ],
        [
          131.02564102564102,
          7.17948717948718
        ]
      ],
      "group_id": null,
      "shape_type": "polygon",
      "flags": {}
    },
    {
      "label": "细胞核",
      "points": [
        [
          375.12820512820514,
          5.128205128205129
        ],
        [
          376.1538461538462,
          0.0
        ],
        [
          417.69230769230774,
          0.0
        ],
        [
          416.1538461538462,
          7.6923076923076925
        ],
        [
          413.58974358974365,
          16.410256410256412
        ],
        [
          409.48717948717945,
          26.153846153846153
        ],
        [
          406.41025641025647,
          31.28205128205128
        ],
        [
          401.28205128205127,
          35.8974358974359
        ],
        [
          394.61538461538464,
          41.02564102564103
        ],
        [
          388.46153846153845,
          43.07692307692308
        ],
        [
          381.7948717948718,
          41.53846153846154
        ],
        [
          374.61538461538464,
          37.43589743589744
        ],
        [
          372.05128205128204,
          30.256410256410255
        ],
        [
          373.0769230769231,
          20.0
        ],
        [
          375.12820512820514,
          13.846153846153847
        ]
      ],
      "group_id": null,
      "shape_type": "polygon",
      "flags": {}
    },
    {
      "label": "细胞膜",
      "points": [
        [
          372.05128205128204,
          0.0
        ],
        [
          372.5641025641026,
          8.205128205128206
        ],
        [
          370.5128205128205,
          14.35897435897436
        ],
        [
          368.46153846153845,
          20.0
        ],
        [
          365.8974358974359,
          27.17948717948718
        ],
        [
          364.35897435897436,
          34.35897435897436
        ],
        [
          370.0,
          44.1025641025641
        ],
        [
          380.7692307692308,
          50.769230769230774
        ],
        [
          403.8461538461538,
          47.69230769230769
        ],
        [
          423.8461538461538,
          42.56410256410256
        ],
        [
          437.69230769230774,
          41.53846153846154
        ],
        [
          444.8717948717949,
          47.17948717948718
        ],
        [
          459.2307692307693,
          59.48717948717949
        ],
        [
          473.58974358974365,
          56.41025641025641
        ],
        [
          482.8205128205128,
          41.53846153846154
        ],
        [
          494.1025641025641,
          30.256410256410255
        ],
        [
          502.3076923076924,
          21.025641025641026
        ],
        [
          511,
          9
        ],
        [
          511,
          0
        ]
      ],
      "group_id": null,
      "shape_type": "polygon",
      "flags": {}
    },
    {
      "label": "细胞核",
      "points": [
        [
          464.8717948717949,
          0.5128205128205129
        ],
        [
          459.7435897435897,
          7.6923076923076925
        ],
        [
          455.1282051282052,
          14.871794871794872
        ],
        [
          452.0512820512821,
          21.53846153846154
        ],
        [
          452.56410256410254,
          29.743589743589745
        ],
        [
          457.1794871794872,
          36.41025641025641
        ],
        [
          462.30769230769226,
          40.0
        ],
        [
          468.974358974359,
          43.58974358974359
        ],
        [
          479.2307692307693,
          43.58974358974359
        ],
        [
          483.33333333333337,
          39.48717948717949
        ],
        [
          488.46153846153845,
          32.30769230769231
        ],
        [
          494.1025641025641,
          27.17948717948718
        ],
        [
          501.28205128205127,
          20.0
        ],
        [
          507.43589743589746,
          9.743589743589745
        ],
        [
          500.2564102564103,
          7.6923076923076925
        ],
        [
          493.58974358974365,
          6.666666666666667
        ],
        [
          487.0,
          0.0
        ]
      ],
      "group_id": null,
      "shape_type": "polygon",
      "flags": {}
    },
    {
      "label": "细胞核",
      "points": [
        [
          162.82051282051282,
          106.66666666666667
        ],
        [
          163.84615384615387,
          116.41025641025641
        ],
        [
          158.71794871794873,
          124.1025641025641
        ],
        [
          155.64102564102564,
          132.82051282051282
        ],
        [
          152.5641025641026,
          138.97435897435898
        ],
        [
          145.8974358974359,
          148.2051282051282
        ],
        [
          139.74358974358975,
          158.97435897435898
        ],
        [
          133.0769230769231,
          165.12820512820514
        ],
        [
          127.94871794871796,
          167.6923076923077
        ],
        [
          121.2820512820513,
          165.64102564102564
        ],
        [
          117.17948717948718,
          162.56410256410257
        ],
        [
          111.02564102564102,
          157.94871794871796
        ],
        [
          111.53846153846155,
          147.6923076923077
        ],
        [
          116.66666666666669,
          134.35897435897436
        ],
        [
          123.33333333333334,
          124.1025641025641
        ],
        [
          129.4871794871795,
          122.56410256410257
        ],
        [
          134.6153846153846,
          127.6923076923077
        ],
        [
          141.7948717948718,
          114.87179487179488
        ],
        [
          147.94871794871796,
          108.71794871794872
        ],
        [
          155.12820512820514,
          103.07692307692308
        ]
      ],
      "group_id": null,
      "shape_type": "polygon",
      "flags": {}
    },
    {
      "label": "细胞膜",
      "points": [
        [
          174.61538461538464,
          33.333333333333336
        ],
        [
          208.46153846153845,
          49.743589743589745
        ],
        [
          199.74358974358972,
          61.02564102564103
        ],
        [
          197.69230769230768,
          72.3076923076923
        ],
        [
          193.0769230769231,
          86.15384615384616
        ],
        [
          180.25641025641028,
          98.46153846153847
        ],
        [
          173.5897435897436,
          110.76923076923077
        ],
        [
          166.4102564102564,
          121.53846153846155
        ],
        [
          161.28205128205127,
          129.74358974358975
        ],
        [
          156.15384615384613,
          138.97435897435898
        ],
        [
          151.02564102564105,
          145.64102564102564
        ],
        [
          146.4102564102564,
          153.33333333333334
        ],
        [
          139.23076923076923,
          163.5897435897436
        ],
        [
          134.6153846153846,
          170.76923076923077
        ],
        [
          127.43589743589743,
          180.0
        ],
        [
          122.30769230769232,
          184.6153846153846
        ],
        [
          113.0769230769231,
          185.12820512820514
        ],
        [
          101.7948717948718,
          180.0
        ],
        [
          101.2820512820513,
          172.30769230769232
        ],
        [
          98.2051282051282,
          162.56410256410257
        ],
        [
          99.23076923076923,
          150.76923076923077
        ],
        [
          104.35897435897436,
          141.02564102564102
        ],
        [
          112.05128205128204,
          128.71794871794873
        ],
        [
          119.23076923076923,
          119.48717948717949
        ],
        [
          125.38461538461539,
          108.71794871794872
        ],
        [
          133.0769230769231,
          96.92307692307692
        ],
        [
          140.25641025641025,
          88.2051282051282
        ],
        [
          147.94871794871796,
          76.41025641025641
        ],
        [
          153.5897435897436,
          62.05128205128205
        ],
        [
          158.71794871794873,
          50.256410256410255
        ],
        [
          163.33333333333331,
          40.51282051282051
        ],
        [
          165.8974358974359,
          29.743589743589745
        ]
      ],
      "group_id": null,
      "shape_type": "polygon",
      "flags": {}
    },
    {
      "label": "细胞核",
      "points": [
        [
          222.30769230769232,
          100.51282051282051
        ],
        [
          230.0,
          109.23076923076923
        ],
        [
          225.8974358974359,
          120.51282051282051
        ],
        [
          234.61538461538464,
          116.92307692307692
        ],
        [
          244.87179487179486,
          119.48717948717949
        ],
        [
          251.02564102564105,
          127.6923076923077
        ],
        [
          245.8974358974359,
          136.92307692307693
        ],
        [
          239.74358974358972,
          143.5897435897436
        ],
        [
          232.5641025641026,
          149.74358974358975
        ],
        [
          223.84615384615387,
          161.02564102564102
        ],
        [
          211.53846153846155,
          173.84615384615384
        ],
        [
          207.43589743589746,
          178.97435897435898
        ],
        [
          200.25641025641028,
          181.02564102564102
        ],
        [
          199.23076923076923,
          186.66666666666666
        ],
        [
          193.5897435897436,
          187.17948717948718
        ],
        [
          193.0769230769231,
          182.56410256410257
        ],
        [
          190.0,
          178.46153846153845
        ],
        [
          186.9230769230769,
          173.84615384615384
        ],
        [
          184.87179487179486,
          167.6923076923077
        ],
        [
          185.38461538461542,
          157.94871794871796
        ],
        [
          193.0769230769231,
          139.4871794871795
        ],
        [
          200.25641025641028,
          120.51282051282051
        ],
        [
          207.94871794871796,
          106.66666666666667
        ],
        [
          212.05128205128204,
          101.02564102564102
        ]
      ],
      "group_id": null,
      "shape_type": "polygon",
      "flags": {}
    },
    {
      "label": "细胞核",
      "points": [
        [
          313.0769230769231,
          78.97435897435898
        ],
        [
          307.94871794871796,
          94.35897435897436
        ],
        [
          300.2564102564103,
          103.07692307692308
        ],
        [
          289.4871794871795,
          107.6923076923077
        ],
        [
          283.84615384615387,
          114.35897435897436
        ],
        [
          289.4871794871795,
          120.0
        ],
        [
          281.28205128205127,
          131.2820512820513
        ],
        [
          275.12820512820514,
          129.74358974358975
        ],
        [
          270.5128205128205,
          125.64102564102565
        ],
        [
          265.8974358974359,
          120.0
        ],
        [
          265.3846153846154,
          113.84615384615385
        ],
        [
          272.05128205128204,
          103.07692307692308
        ],
        [
          279.2307692307692,
          93.84615384615385
        ],
        [
          289.4871794871795,
          82.05128205128206
        ],
        [
          298.71794871794873,
          77.94871794871796
        ]
      ],
      "group_id": null,
      "shape_type": "polygon",
      "flags": {}
    },
    {
      "label": "细胞核",
      "points": [
        [
          371.53846153846155,
          67.6923076923077
        ],
        [
          373.5897435897436,
          79.48717948717949
        ],
        [
          375.12820512820514,
          88.71794871794872
        ],
        [
          380.2564102564103,
          92.3076923076923
        ],
        [
          391.02564102564105,
          88.2051282051282
        ],
        [
          398.71794871794873,
          78.97435897435898
        ],
        [
          400.2564102564103,
          71.7948717948718
        ],
        [
          398.20512820512823,
          67.17948717948718
        ],
        [
          398.71794871794873,
          59.48717948717949
        ],
        [
          390.0,
          54.35897435897436
        ],
        [
          379.2307692307692,
          54.35897435897436
        ],
        [
          371.53846153846155,
          57.43589743589744
        ],
        [
          362.8205128205128,
          60.51282051282051
        ],
        [
          350.0,
          65.12820512820512
        ],
        [
          340.2564102564103,
          71.28205128205128
        ],
        [
          332.05128205128204,
          75.8974358974359
        ],
        [
          324.87179487179486,
          81.02564102564102
        ],
        [
          324.87179487179486,
          90.25641025641026
        ],
        [
          333.0769230769231,
          94.35897435897436
        ],
        [
          339.2307692307692,
          99.48717948717949
        ],
        [
          348.974358974359,
          96.41025641025641
        ],
        [
          347.43589743589746,
          86.66666666666667
        ],
        [
          353.5897435897436,
          77.43589743589743
        ],
        [
          362.3076923076923,
          72.3076923076923
        ]
      ],
      "group_id": null,
      "shape_type": "polygon",
      "flags": {}
    },
    {
      "label": "细胞核",
      "points": [
        [
          510.51282051282055,
          70.76923076923077
        ],
        [
          510.51282051282055,
          105.64102564102565
        ],
        [
          503.8461538461538,
          106.66666666666667
        ],
        [
          491.53846153846155,
          105.64102564102565
        ],
        [
          482.3076923076924,
          99.48717948717949
        ],
        [
          477.1794871794872,
          96.92307692307692
        ],
        [
          467.43589743589746,
          90.76923076923077
        ],
        [
          465.38461538461536,
          81.53846153846155
        ],
        [
          469.48717948717945,
          71.7948717948718
        ],
        [
          477.1794871794872,
          68.2051282051282
        ],
        [
          490.0,
          67.17948717948718
        ],
        [
          501.28205128205127,
          69.74358974358975
        ]
      ],
      "group_id": null,
      "shape_type": "polygon",
      "flags": {}
    },
    {
      "label": "细胞膜",
      "points": [
        [
          349.4871794871795,
          52.820512820512825
        ],
        [
          368.974358974359,
          51.794871794871796
        ],
        [
          388.46153846153845,
          52.820512820512825
        ],
        [
          405.8974358974359,
          48.205128205128204
        ],
        [
          416.1538461538462,
          45.64102564102564
        ],
        [
          430.51282051282055,
          43.07692307692308
        ],
        [
          438.71794871794873,
          45.12820512820513
        ],
        [
          438.71794871794873,
          51.794871794871796
        ],
        [
          424.8717948717949,
          57.94871794871795
        ],
        [
          417.1794871794872,
          69.23076923076923
        ],
        [
          405.38461538461536,
          80.0
        ],
        [
          389.4871794871795,
          96.92307692307692
        ],
        [
          373.5897435897436,
          107.17948717948718
        ],
        [
          357.6923076923077,
          116.41025641025641
        ],
        [
          343.33333333333337,
          117.43589743589745
        ],
        [
          313.5897435897436,
          115.38461538461539
        ],
        [
          293.5897435897436,
          117.43589743589745
        ],
        [
          318.20512820512823,
          85.12820512820512
        ],
        [
          333.0769230769231,
          66.66666666666667
        ]
      ],
      "group_id": null,
      "shape_type": "polygon",
      "flags": {}
    },
    {
      "label": "细胞膜",
      "points": [
        [
          348.46153846153845,
          50.769230769230774
        ],
        [
          336.1538461538462,
          62.56410256410256
        ],
        [
          326.4102564102564,
          69.74358974358975
        ],
        [
          319.7435897435898,
          78.97435897435898
        ],
        [
          313.5897435897436,
          88.2051282051282
        ],
        [
          306.9230769230769,
          96.92307692307692
        ],
        [
          296.1538461538462,
          111.28205128205128
        ],
        [
          291.53846153846155,
          118.97435897435898
        ],
        [
          281.7948717948718,
          136.4102564102564
        ],
        [
          273.0769230769231,
          140.0
        ],
        [
          259.2307692307692,
          127.6923076923077
        ],
        [
          260.2564102564103,
          109.74358974358975
        ],
        [
          274.1025641025641,
          92.82051282051282
        ],
        [
          280.7692307692308,
          79.48717948717949
        ],
        [
          301.7948717948718,
          66.15384615384616
        ],
        [
          323.84615384615387,
          53.84615384615385
        ],
        [
          342.3076923076923,
          45.64102564102564
        ]
      ],
      "group_id": null,
      "shape_type": "polygon",
      "flags": {}
    },
    {
      "label": "细胞膜",
      "points": [
        [
          335.12820512820514,
          44.61538461538461
        ],
        [
          299.7435897435898,
          62.05128205128205
        ],
        [
          280.7692307692308,
          74.87179487179488
        ],
        [
          263.3333333333333,
          88.71794871794872
        ],
        [
          256.1538461538462,
          102.05128205128206
        ],
        [
          254.1025641025641,
          115.8974358974359
        ],
        [
          253.5897435897436,
          127.17948717948718
        ],
        [
          244.35897435897436,
          143.07692307692307
        ],
        [
          231.02564102564105,
          156.4102564102564
        ],
        [
          221.79487179487182,
          166.66666666666666
        ],
        [
          214.61538461538464,
          175.3846153846154
        ],
        [
          202.30769230769232,
          189.74358974358975
        ],
        [
          188.46153846153845,
          205.64102564102564
        ],
        [
          174.61538461538464,
          223.5897435897436
        ],
        [
          167.94871794871796,
          242.05128205128204
        ],
        [
          161.28205128205127,
          258.46153846153845
        ],
        [
          157.17948717948718,
          243.5897435897436
        ],
        [
          157.17948717948718,
          228.71794871794873
        ],
        [
          161.28205128205127,
          215.3846153846154
        ],
        [
          167.94871794871796,
          199.4871794871795
        ],
        [
          174.1025641025641,
          186.15384615384616
        ],
        [
          180.76923076923077,
          169.74358974358975
        ],
        [
          186.4102564102564,
          153.33333333333334
        ],
        [
          190.5128205128205,
          139.4871794871795
        ],
        [
          195.64102564102564,
          120.51282051282051
        ],
        [
          203.84615384615387,
          101.53846153846155
        ],
        [
          212.05128205128204,
          81.02564102564102
        ],
        [
          215.12820512820514,
          61.02564102564103
        ],
        [
          227.43589743589746,
          51.282051282051285
        ],
        [
          245.38461538461542,
          49.743589743589745
        ],
        [
          262.8205128205128,
          46.15384615384615
        ],
        [
          280.2564102564103,
          37.94871794871795
        ],
        [
          295.64102564102564,
          28.205128205128204
        ],
        [
          313.5897435897436,
          18.461538461538463
        ],
        [
          328.974358974359,
          20.512820512820515
        ],
        [
          336.1538461538462,
          24.102564102564102
        ],
        [
          349.4871794871795,
          27.692307692307693
        ],
        [
          337.1794871794872,
          35.8974358974359
        ],
        [
          321.7948717948718,
          43.58974358974359
        ]
      ],
      "group_id": null,
      "shape_type": "polygon",
      "flags": {}
    },
    {
      "label": "细胞膜",
      "points": [
        [
          500.2564102564103,
          44.61538461538461
        ],
        [
          510.51282051282055,
          43.07692307692308
        ],
        [
          511,
          165
        ],
        [
          487.43589743589746,
          130.76923076923077
        ],
        [
          477.69230769230774,
          105.12820512820512
        ],
        [
          463.8461538461538,
          91.7948717948718
        ],
        [
          451.53846153846155,
          94.35897435897436
        ],
        [
          452.56410256410254,
          83.07692307692308
        ],
        [
          463.8461538461538,
          69.23076923076923
        ],
        [
          476.1538461538462,
          59.48717948717949
        ],
        [
          486.9230769230769,
          49.23076923076923
        ]
      ],
      "group_id": null,
      "shape_type": "polygon",
      "flags": {}
    },
    {
      "label": "细胞核",
      "points": [
        [
          258.20512820512823,
          181.02564102564102
        ],
        [
          266.9230769230769,
          191.2820512820513
        ],
        [
          275.12820512820514,
          198.97435897435898
        ],
        [
          272.05128205128204,
          207.6923076923077
        ],
        [
          268.46153846153845,
          214.8717948717949
        ],
        [
          260.7692307692308,
          218.46153846153845
        ],
        [
          250.0,
          221.53846153846155
        ],
        [
          243.84615384615387,
          217.94871794871796
        ],
        [
          242.82051282051282,
          209.23076923076923
        ],
        [
          243.33333333333331,
          197.43589743589743
        ],
        [
          248.46153846153845,
          181.02564102564102
        ],
        [
          251.02564102564105,
          174.87179487179486
        ]
      ],
      "group_id": null,
      "shape_type": "polygon",
      "flags": {}
    },
    {
      "label": "细胞膜",
      "points": [
        [
          259.7435897435898,
          132.30769230769232
        ],
        [
          272.05128205128204,
          143.5897435897436
        ],
        [
          277.1794871794872,
          157.43589743589743
        ],
        [
          288.46153846153845,
          170.25641025641025
        ],
        [
          297.1794871794872,
          188.2051282051282
        ],
        [
          307.43589743589746,
          198.46153846153845
        ],
        [
          311.02564102564105,
          214.35897435897436
        ],
        [
          294.61538461538464,
          211.7948717948718
        ],
        [
          280.2564102564103,
          214.35897435897436
        ],
        [
          265.3846153846154,
          220.0
        ],
        [
          253.0769230769231,
          223.0769230769231
        ],
        [
          246.9230769230769,
          222.56410256410257
        ],
        [
          239.23076923076923,
          216.4102564102564
        ],
        [
          227.94871794871796,
          205.12820512820514
        ],
        [
          232.05128205128204,
          196.4102564102564
        ],
        [
          236.1538461538462,
          180.51282051282053
        ],
        [
          241.28205128205127,
          167.6923076923077
        ],
        [
          246.4102564102564,
          153.33333333333334
        ],
        [
          248.974358974359,
          140.0
        ],
        [
          254.1025641025641,
          132.30769230769232
        ]
      ],
      "group_id": null,
      "shape_type": "polygon",
      "flags": {}
    },
    {
      "label": "细胞核",
      "points": [
        [
          397.1794871794872,
          149.74358974358975
        ],
        [
          406.9230769230769,
          155.8974358974359
        ],
        [
          403.33333333333337,
          167.6923076923077
        ],
        [
          398.20512820512823,
          177.94871794871796
        ],
        [
          391.02564102564105,
          190.25641025641025
        ],
        [
          382.3076923076923,
          201.02564102564102
        ],
        [
          371.53846153846155,
          212.30769230769232
        ],
        [
          363.84615384615387,
          214.35897435897436
        ],
        [
          357.6923076923077,
          212.30769230769232
        ],
        [
          357.1794871794872,
          205.64102564102564
        ],
        [
          359.2307692307692,
          200.0
        ],
        [
          356.1538461538462,
          197.43589743589743
        ],
        [
          352.05128205128204,
          196.4102564102564
        ],
        [
          348.46153846153845,
          191.2820512820513
        ],
        [
          357.1794871794872,
          175.8974358974359
        ],
        [
          363.84615384615387,
          165.64102564102564
        ],
        [
          369.4871794871795,
          164.6153846153846
        ],
        [
          373.5897435897436,
          170.76923076923077
        ],
        [
          382.8205128205128,
          158.97435897435898
        ],
        [
          387.43589743589746,
          151.7948717948718
        ]
      ],
      "group_id": null,
      "shape_type": "polygon",
      "flags": {}
    },
    {
      "label": "细胞膜",
      "points": [
        [
          439.7435897435897,
          76.41025641025641
        ],
        [
          432.56410256410254,
          104.1025641025641
        ],
        [
          426.9230769230769,
          116.92307692307692
        ],
        [
          418.2051282051282,
          136.4102564102564
        ],
        [
          412.0512820512821,
          151.2820512820513
        ],
        [
          408.46153846153845,
          161.02564102564102
        ],
        [
          405.38461538461536,
          168.71794871794873
        ],
        [
          400.2564102564103,
          176.92307692307693
        ],
        [
          396.1538461538462,
          185.64102564102564
        ],
        [
          390.5128205128205,
          194.35897435897436
        ],
        [
          385.3846153846154,
          200.51282051282053
        ],
        [
          378.20512820512823,
          208.2051282051282
        ],
        [
          365.8974358974359,
          219.4871794871795
        ],
        [
          354.61538461538464,
          229.74358974358975
        ],
        [
          347.94871794871796,
          242.05128205128204
        ],
        [
          336.1538461538462,
          255.3846153846154
        ],
        [
          320.7692307692308,
          268.71794871794873
        ],
        [
          306.9230769230769,
          281.53846153846155
        ],
        [
          298.20512820512823,
          280.0
        ],
        [
          299.7435897435898,
          266.6666666666667
        ],
        [
          309.4871794871795,
          254.8717948717949
        ],
        [
          317.6923076923077,
          240.51282051282053
        ],
        [
          333.5897435897436,
          214.35897435897436
        ],
        [
          342.3076923076923,
          201.02564102564102
        ],
        [
          350.0,
          185.64102564102564
        ],
        [
          360.2564102564103,
          167.17948717948718
        ],
        [
          368.46153846153845,
          156.4102564102564
        ],
        [
          380.7692307692308,
          137.43589743589743
        ],
        [
          389.4871794871795,
          121.53846153846155
        ],
        [
          398.20512820512823,
          110.76923076923077
        ],
        [
          406.41025641025647,
          94.87179487179488
        ],
        [
          414.61538461538464,
          90.76923076923077
        ],
        [
          427.948717948718,
          66.15384615384616
        ],
        [
          434.1025641025641,
          69.74358974358975
        ]
      ],
      "group_id": null,
      "shape_type": "polygon",
      "flags": {}
    },
    {
      "label": "细胞核",
      "points": [
        [
          136.66666666666669,
          214.8717948717949
        ],
        [
          145.8974358974359,
          218.97435897435898
        ],
        [
          151.02564102564105,
          224.6153846153846
        ],
        [
          153.5897435897436,
          233.84615384615384
        ],
        [
          151.53846153846155,
          242.56410256410257
        ],
        [
          149.4871794871795,
          254.35897435897436
        ],
        [
          143.33333333333334,
          265.64102564102564
        ],
        [
          136.15384615384616,
          272.8205128205128
        ],
        [
          128.46153846153845,
          278.974358974359
        ],
        [
          119.74358974358975,
          284.1025641025641
        ],
        [
          110.51282051282053,
          285.64102564102564
        ],
        [
          100.76923076923077,
          281.02564102564105
        ],
        [
          92.05128205128204,
          275.3846153846154
        ],
        [
          88.46153846153845,
          265.12820512820514
        ],
        [
          89.4871794871795,
          252.82051282051282
        ],
        [
          94.61538461538461,
          242.05128205128204
        ],
        [
          100.76923076923077,
          233.84615384615384
        ],
        [
          106.41025641025641,
          229.23076923076923
        ],
        [
          112.05128205128204,
          227.6923076923077
        ],
        [
          116.66666666666669,
          231.2820512820513
        ],
        [
          116.15384615384616,
          224.10256410256412
        ],
        [
          123.33333333333334,
          218.97435897435898
        ],
        [
          131.53846153846155,
          215.8974358974359
        ]
      ],
      "group_id": null,
      "shape_type": "polygon",
      "flags": {}
    },
    {
      "label": "细胞核",
      "points": [
        [
          128.97435897435898,
          332.8205128205128
        ],
        [
          139.74358974358975,
          329.7435897435897
        ],
        [
          149.4871794871795,
          338.46153846153845
        ],
        [
          147.43589743589746,
          346.1538461538462
        ],
        [
          144.35897435897436,
          355.3846153846154
        ],
        [
          137.17948717948718,
          366.1538461538462
        ],
        [
          127.43589743589743,
          376.9230769230769
        ],
        [
          118.2051282051282,
          379.4871794871795
        ],
        [
          111.02564102564102,
          381.02564102564105
        ],
        [
          101.2820512820513,
          379.4871794871795
        ],
        [
          94.61538461538461,
          372.3076923076923
        ],
        [
          92.56410256410257,
          366.1538461538462
        ],
        [
          97.17948717948718,
          358.46153846153845
        ],
        [
          104.35897435897436,
          354.87179487179486
        ],
        [
          112.05128205128204,
          350.2564102564103
        ],
        [
          117.69230769230771,
          344.61538461538464
        ],
        [
          118.71794871794873,
          336.4102564102564
        ]
      ],
      "group_id": null,
      "shape_type": "polygon",
      "flags": {}
    },
    {
      "label": "细胞膜",
      "points": [
        [
          34.102564102564116,
          314.87179487179486
        ],
        [
          48.46153846153845,
          308.20512820512823
        ],
        [
          59.230769230769226,
          307.1794871794872
        ],
        [
          72.56410256410257,
          305.12820512820514
        ],
        [
          83.33333333333334,
          306.6666666666667
        ],
        [
          97.69230769230771,
          313.3333333333333
        ],
        [
          105.89743589743591,
          322.05128205128204
        ],
        [
          113.0769230769231,
          329.7435897435897
        ],
        [
          125.38461538461539,
          327.6923076923077
        ],
        [
          138.71794871794873,
          326.1538461538462
        ],
        [
          152.05128205128204,
          328.71794871794873
        ],
        [
          154.1025641025641,
          334.87179487179486
        ],
        [
          151.53846153846155,
          346.6666666666667
        ],
        [
          146.9230769230769,
          358.46153846153845
        ],
        [
          140.25641025641025,
          369.2307692307692
        ],
        [
          132.05128205128204,
          376.9230769230769
        ],
        [
          123.33333333333334,
          382.05128205128204
        ],
        [
          112.05128205128204,
          384.1025641025641
        ],
        [
          101.7948717948718,
          384.1025641025641
        ],
        [
          92.05128205128204,
          378.46153846153845
        ],
        [
          80.25641025641025,
          368.20512820512823
        ],
        [
          70.0,
          360.0
        ],
        [
          61.794871794871796,
          353.3333333333333
        ],
        [
          49.4871794871795,
          346.6666666666667
        ],
        [
          35.641025641025635,
          346.6666666666667
        ],
        [
          32.56410256410257,
          341.02564102564105
        ],
        [
          27.948717948717956,
          326.1538461538462
        ],
        [
          24.358974358974365,
          317.94871794871796
        ]
      ],
      "group_id": null,
      "shape_type": "polygon",
      "flags": {}
    },
    {
      "label": "细胞核",
      "points": [
        [
          226.4102564102564,
          246.66666666666669
        ],
        [
          234.61538461538464,
          256.9230769230769
        ],
        [
          233.0769230769231,
          266.15384615384613
        ],
        [
          229.4871794871795,
          274.35897435897436
        ],
        [
          226.9230769230769,
          282.5641025641026
        ],
        [
          225.38461538461542,
          290.2564102564103
        ],
        [
          226.4102564102564,
          298.46153846153845
        ],
        [
          226.4102564102564,
          305.12820512820514
        ],
        [
          224.87179487179486,
          312.3076923076923
        ],
        [
          220.76923076923077,
          320.5128205128205
        ],
        [
          214.1025641025641,
          325.64102564102564
        ],
        [
          207.43589743589746,
          327.1794871794872
        ],
        [
          202.30769230769232,
          324.1025641025641
        ],
        [
          200.76923076923077,
          317.43589743589746
        ],
        [
          193.5897435897436,
          311.7948717948718
        ],
        [
          197.69230769230768,
          299.4871794871795
        ],
        [
          203.84615384615387,
          285.64102564102564
        ],
        [
          200.25641025641028,
          276.4102564102564
        ],
        [
          201.79487179487182,
          264.61538461538464
        ],
        [
          209.4871794871795,
          253.33333333333334
        ],
        [
          218.20512820512823,
          245.64102564102564
        ]
      ],
      "group_id": null,
      "shape_type": "polygon",
      "flags": {}
    },
    {
      "label": "细胞膜",
      "points": [
        [
          216.1538461538462,
          202.05128205128204
        ],
        [
          235.12820512820514,
          216.92307692307693
        ],
        [
          245.38461538461542,
          224.6153846153846
        ],
        [
          242.30769230769232,
          241.53846153846155
        ],
        [
          239.23076923076923,
          253.33333333333334
        ],
        [
          235.64102564102564,
          267.6923076923077
        ],
        [
          232.5641025641026,
          275.8974358974359
        ],
        [
          228.974358974359,
          286.15384615384613
        ],
        [
          228.974358974359,
          294.35897435897436
        ],
        [
          228.974358974359,
          305.64102564102564
        ],
        [
          226.9230769230769,
          319.4871794871795
        ],
        [
          222.82051282051282,
          326.1538461538462
        ],
        [
          217.17948717948718,
          332.3076923076923
        ],
        [
          209.4871794871795,
          338.974358974359
        ],
        [
          200.25641025641028,
          350.2564102564103
        ],
        [
          187.43589743589746,
          354.35897435897436
        ],
        [
          171.53846153846155,
          355.3846153846154
        ],
        [
          161.28205128205127,
          355.3846153846154
        ],
        [
          154.1025641025641,
          353.84615384615387
        ],
        [
          154.61538461538464,
          345.64102564102564
        ],
        [
          157.69230769230768,
          336.4102564102564
        ],
        [
          163.33333333333331,
          323.0769230769231
        ],
        [
          167.43589743589746,
          312.8205128205128
        ],
        [
          172.05128205128204,
          302.5641025641026
        ],
        [
          178.20512820512823,
          287.6923076923077
        ],
        [
          183.33333333333331,
          273.3333333333333
        ],
        [
          188.46153846153845,
          262.05128205128204
        ],
        [
          198.20512820512823,
          243.5897435897436
        ],
        [
          204.35897435897436,
          226.15384615384616
        ],
        [
          211.02564102564105,
          211.2820512820513
        ]
      ],
      "group_id": null,
      "shape_type": "polygon",
      "flags": {}
    },
    {
      "label": "细胞核",
      "points": [
        [
          308.46153846153845,
          293.3333333333333
        ],
        [
          316.6666666666667,
          300.0
        ],
        [
          319.7435897435898,
          308.71794871794873
        ],
        [
          314.1025641025641,
          314.87179487179486
        ],
        [
          306.4102564102564,
          320.5128205128205
        ],
        [
          299.7435897435898,
          325.64102564102564
        ],
        [
          290.0,
          333.84615384615387
        ],
        [
          279.7435897435898,
          340.5128205128205
        ],
        [
          272.05128205128204,
          343.5897435897436
        ],
        [
          267.43589743589746,
          346.1538461538462
        ],
        [
          260.2564102564103,
          344.61538461538464
        ],
        [
          254.61538461538464,
          338.974358974359
        ],
        [
          252.05128205128204,
          332.3076923076923
        ],
        [
          255.64102564102564,
          324.61538461538464
        ],
        [
          265.3846153846154,
          317.43589743589746
        ],
        [
          276.6666666666667,
          309.2307692307692
        ],
        [
          286.4102564102564,
          303.0769230769231
        ],
        [
          295.64102564102564,
          299.4871794871795
        ]
      ],
      "group_id": null,
      "shape_type": "polygon",
      "flags": {}
    },
    {
      "label": "细胞膜",
      "points": [
        [
          364.87179487179486,
          230.25641025641025
        ],
        [
          371.53846153846155,
          237.94871794871796
        ],
        [
          365.3846153846154,
          255.3846153846154
        ],
        [
          359.7435897435898,
          276.4102564102564
        ],
        [
          353.0769230769231,
          287.1794871794872
        ],
        [
          340.7692307692308,
          302.5641025641026
        ],
        [
          329.4871794871795,
          312.3076923076923
        ],
        [
          320.2564102564103,
          315.8974358974359
        ],
        [
          311.53846153846155,
          320.0
        ],
        [
          302.8205128205128,
          324.61538461538464
        ],
        [
          297.1794871794872,
          331.28205128205127
        ],
        [
          288.46153846153845,
          337.43589743589746
        ],
        [
          282.3076923076923,
          341.02564102564105
        ],
        [
          276.6666666666667,
          344.1025641025641
        ],
        [
          266.4102564102564,
          347.6923076923077
        ],
        [
          259.7435897435898,
          346.6666666666667
        ],
        [
          245.8974358974359,
          348.20512820512823
        ],
        [
          241.79487179487182,
          341.02564102564105
        ],
        [
          249.4871794871795,
          326.6666666666667
        ],
        [
          259.7435897435898,
          316.9230769230769
        ],
        [
          273.5897435897436,
          305.12820512820514
        ],
        [
          285.3846153846154,
          297.94871794871796
        ],
        [
          303.84615384615387,
          286.6666666666667
        ],
        [
          313.5897435897436,
          277.43589743589746
        ],
        [
          325.8974358974359,
          266.6666666666667
        ],
        [
          333.5897435897436,
          259.4871794871795
        ],
        [
          342.3076923076923,
          250.25641025641025
        ],
        [
          353.0769230769231,
          236.92307692307693
        ],
        [
          359.7435897435898,
          227.17948717948718
        ]
      ],
      "group_id": null,
      "shape_type": "polygon",
      "flags": {}
    },
    {
      "label": "细胞核",
      "points": [
        [
          424.8717948717949,
          256.4102564102564
        ],
        [
          434.1025641025641,
          263.0769230769231
        ],
        [
          433.58974358974365,
          268.71794871794873
        ],
        [
          427.948717948718,
          280.5128205128205
        ],
        [
          421.7948717948718,
          288.20512820512823
        ],
        [
          413.58974358974365,
          296.4102564102564
        ],
        [
          403.8461538461538,
          303.5897435897436
        ],
        [
          391.53846153846155,
          310.7692307692308
        ],
        [
          380.7692307692308,
          317.43589743589746
        ],
        [
          368.46153846153845,
          320.5128205128205
        ],
        [
          361.7948717948718,
          316.9230769230769
        ],
        [
          362.8205128205128,
          309.7435897435897
        ],
        [
          365.3846153846154,
          297.94871794871796
        ],
        [
          374.61538461538464,
          291.7948717948718
        ],
        [
          382.3076923076923,
          286.15384615384613
        ],
        [
          391.02564102564105,
          277.94871794871796
        ],
        [
          397.6923076923077,
          267.6923076923077
        ],
        [
          405.8974358974359,
          260.0
        ],
        [
          415.1282051282052,
          255.3846153846154
        ]
      ],
      "group_id": null,
      "shape_type": "polygon",
      "flags": {}
    },
    {
      "label": "细胞膜",
      "points": [
        [
          441.28205128205127,
          237.94871794871796
        ],
        [
          443.33333333333337,
          254.8717948717949
        ],
        [
          439.7435897435897,
          260.0
        ],
        [
          436.1538461538462,
          269.7435897435897
        ],
        [
          430.51282051282055,
          279.4871794871795
        ],
        [
          425.38461538461536,
          287.6923076923077
        ],
        [
          420.2564102564103,
          294.35897435897436
        ],
        [
          412.0512820512821,
          299.4871794871795
        ],
        [
          403.8461538461538,
          306.1538461538462
        ],
        [
          395.64102564102564,
          312.3076923076923
        ],
        [
          387.43589743589746,
          315.8974358974359
        ],
        [
          377.6923076923077,
          322.05128205128204
        ],
        [
          372.5641025641026,
          323.5897435897436
        ],
        [
          364.87179487179486,
          325.12820512820514
        ],
        [
          355.12820512820514,
          331.28205128205127
        ],
        [
          346.4102564102564,
          329.2307692307692
        ],
        [
          346.4102564102564,
          317.94871794871796
        ],
        [
          352.05128205128204,
          308.71794871794873
        ],
        [
          360.2564102564103,
          298.46153846153845
        ],
        [
          364.87179487179486,
          287.1794871794872
        ],
        [
          372.5641025641026,
          273.84615384615387
        ],
        [
          379.2307692307692,
          267.1794871794872
        ],
        [
          382.8205128205128,
          268.71794871794873
        ],
        [
          388.46153846153845,
          260.5128205128205
        ],
        [
          399.7435897435898,
          247.6923076923077
        ],
        [
          406.41025641025647,
          239.4871794871795
        ],
        [
          418.2051282051282,
          243.0769230769231
        ],
        [
          431.025641025641,
          242.05128205128204
        ]
      ],
      "group_id": null,
      "shape_type": "polygon",
      "flags": {}
    },
    {
      "label": "细胞核",
      "points": [
        [
          511.0,
          221.0
        ],
        [
          511,
          263
        ],
        [
          503.8461538461538,
          262.05128205128204
        ],
        [
          495.64102564102564,
          260.0
        ],
        [
          487.948717948718,
          253.33333333333334
        ],
        [
          486.41025641025647,
          239.4871794871795
        ],
        [
          491.53846153846155,
          229.23076923076923
        ],
        [
          502.8205128205128,
          223.5897435897436
        ]
      ],
      "group_id": null,
      "shape_type": "polygon",
      "flags": {}
    },
    {
      "label": "细胞膜",
      "points": [
        [
          499.2307692307693,
          222.56410256410257
        ],
        [
          511.0,
          214.0
        ],
        [
          511.0,
          277.0
        ],
        [
          501.7948717948718,
          275.3846153846154
        ],
        [
          494.1025641025641,
          274.87179487179486
        ],
        [
          482.3076923076924,
          279.4871794871795
        ],
        [
          473.0769230769231,
          282.05128205128204
        ],
        [
          466.41025641025647,
          287.1794871794872
        ],
        [
          460.76923076923083,
          296.4102564102564
        ],
        [
          450.0,
          297.94871794871796
        ],
        [
          440.76923076923083,
          288.71794871794873
        ],
        [
          440.2564102564103,
          280.5128205128205
        ],
        [
          448.46153846153845,
          268.71794871794873
        ],
        [
          457.1794871794872,
          255.3846153846154
        ],
        [
          467.948717948718,
          243.5897435897436
        ],
        [
          478.71794871794873,
          234.35897435897436
        ],
        [
          488.974358974359,
          226.66666666666669
        ]
      ],
      "group_id": null,
      "shape_type": "polygon",
      "flags": {}
    },
    {
      "label": "细胞核",
      "points": [
        [
          155.64102564102564,
          411.7948717948718
        ],
        [
          160.76923076923077,
          415.3846153846154
        ],
        [
          154.61538461538464,
          418.46153846153845
        ],
        [
          147.94871794871796,
          418.974358974359
        ],
        [
          143.84615384615384,
          423.0769230769231
        ],
        [
          144.35897435897436,
          430.7692307692308
        ],
        [
          146.4102564102564,
          440.5128205128205
        ],
        [
          141.7948717948718,
          444.1025641025641
        ],
        [
          134.10256410256412,
          444.61538461538464
        ],
        [
          127.43589743589743,
          444.61538461538464
        ],
        [
          126.41025641025641,
          438.46153846153845
        ],
        [
          124.35897435897436,
          430.7692307692308
        ],
        [
          123.84615384615384,
          423.0769230769231
        ],
        [
          122.30769230769232,
          411.7948717948718
        ],
        [
          124.87179487179489,
          402.05128205128204
        ],
        [
          130.0,
          399.4871794871795
        ],
        [
          138.2051282051282,
          396.9230769230769
        ],
        [
          145.3846153846154,
          398.46153846153845
        ],
        [
          149.4871794871795,
          405.64102564102564
        ]
      ],
      "group_id": null,
      "shape_type": "polygon",
      "flags": {}
    },
    {
      "label": "细胞膜",
      "points": [
        [
          136.57142857142856,
          200.28571428571428
        ],
        [
          149.71428571428572,
          219.14285714285714
        ],
        [
          154.85714285714283,
          230.0
        ],
        [
          153.14285714285717,
          251.71428571428572
        ],
        [
          155.42857142857144,
          266.57142857142856
        ],
        [
          154.85714285714283,
          287.14285714285717
        ],
        [
          154.28571428571428,
          305.42857142857144
        ],
        [
          153.14285714285717,
          322.57142857142856
        ],
        [
          145.71428571428572,
          323.14285714285717
        ],
        [
          134.85714285714283,
          322.57142857142856
        ],
        [
          129.14285714285717,
          324.85714285714283
        ],
        [
          120.0,
          326.0
        ],
        [
          116.57142857142856,
          327.14285714285717
        ],
        [
          109.14285714285717,
          319.14285714285717
        ],
        [
          98.85714285714286,
          311.14285714285717
        ],
        [
          84.57142857142858,
          305.42857142857144
        ],
        [
          66.85714285714286,
          302.57142857142856
        ],
        [
          50.85714285714286,
          305.42857142857144
        ],
        [
          38.85714285714286,
          310.57142857142856
        ],
        [
          21.714285714285722,
          315.7142857142857
        ],
        [
          12.571428571428584,
          306.0
        ],
        [
          20.0,
          292.85714285714283
        ],
        [
          29.14285714285714,
          283.7142857142857
        ],
        [
          49.14285714285714,
          274.0
        ],
        [
          66.28571428571428,
          264.2857142857143
        ],
        [
          81.14285714285714,
          253.42857142857144
        ],
        [
          88.0,
          242.57142857142856
        ],
        [
          101.71428571428572,
          227.71428571428572
        ],
        [
          117.71428571428572,
          211.14285714285714
        ],
        [
          128.0,
          198.57142857142858
        ]
      ],
      "group_id": null,
      "shape_type": "polygon",
      "flags": {}
    },
    {
      "label": "细胞膜",
      "points": [
        [
          145.71428571428572,
          392.2857142857143
        ],
        [
          154.85714285714283,
          405.42857142857144
        ],
        [
          166.85714285714283,
          416.85714285714283
        ],
        [
          180.0,
          427.14285714285717
        ],
        [
          190.85714285714283,
          436.2857142857143
        ],
        [
          198.28571428571428,
          442.57142857142856
        ],
        [
          208.0,
          454.57142857142856
        ],
        [
          216.57142857142856,
          460.2857142857143
        ],
        [
          208.0,
          467.14285714285717
        ],
        [
          197.14285714285717,
          475.14285714285717
        ],
        [
          189.71428571428572,
          479.14285714285717
        ],
        [
          180.0,
          475.14285714285717
        ],
        [
          172.57142857142856,
          470.0
        ],
        [
          162.85714285714283,
          472.85714285714283
        ],
        [
          148.0,
          476.2857142857143
        ],
        [
          136.0,
          478.57142857142856
        ],
        [
          128.0,
          473.42857142857144
        ],
        [
          125.71428571428572,
          463.14285714285717
        ],
        [
          122.28571428571428,
          449.42857142857144
        ],
        [
          118.85714285714283,
          435.14285714285717
        ],
        [
          118.28571428571428,
          417.42857142857144
        ],
        [
          119.42857142857144,
          406.0
        ],
        [
          125.14285714285717,
          396.85714285714283
        ],
        [
          134.85714285714283,
          394.0
        ]
      ],
      "group_id": null,
      "shape_type": "polygon",
      "flags": {}
    },
    {
      "label": "细胞核",
      "points": [
        [
          216.0,
          386.57142857142856
        ],
        [
          226.28571428571428,
          391.14285714285717
        ],
        [
          233.71428571428572,
          398.57142857142856
        ],
        [
          238.28571428571428,
          406.0
        ],
        [
          238.85714285714283,
          416.85714285714283
        ],
        [
          237.71428571428572,
          427.7142857142857
        ],
        [
          229.71428571428572,
          433.42857142857144
        ],
        [
          220.0,
          438.57142857142856
        ],
        [
          217.14285714285717,
          445.42857142857144
        ],
        [
          210.28571428571428,
          448.2857142857143
        ],
        [
          202.85714285714283,
          444.85714285714283
        ],
        [
          200.57142857142856,
          437.42857142857144
        ],
        [
          204.57142857142856,
          431.14285714285717
        ],
        [
          212.0,
          427.7142857142857
        ],
        [
          216.0,
          425.42857142857144
        ],
        [
          208.0,
          419.7142857142857
        ],
        [
          204.0,
          415.14285714285717
        ],
        [
          203.42857142857144,
          406.57142857142856
        ],
        [
          205.14285714285717,
          396.2857142857143
        ],
        [
          210.85714285714283,
          390.57142857142856
        ]
      ],
      "group_id": null,
      "shape_type": "polygon",
      "flags": {}
    },
    {
      "label": "细胞膜",
      "points": [
        [
          229.71428571428572,
          330.57142857142856
        ],
        [
          221.14285714285717,
          332.85714285714283
        ],
        [
          215.42857142857144,
          336.85714285714283
        ],
        [
          205.71428571428572,
          349.42857142857144
        ],
        [
          192.0,
          355.7142857142857
        ],
        [
          173.14285714285717,
          357.42857142857144
        ],
        [
          160.57142857142856,
          358.0
        ],
        [
          154.28571428571428,
          358.0
        ],
        [
          148.57142857142856,
          360.85714285714283
        ],
        [
          146.85714285714283,
          366.0
        ],
        [
          152.57142857142856,
          375.14285714285717
        ],
        [
          159.42857142857144,
          381.42857142857144
        ],
        [
          170.28571428571428,
          375.14285714285717
        ],
        [
          175.42857142857144,
          387.14285714285717
        ],
        [
          179.42857142857144,
          405.42857142857144
        ],
        [
          185.14285714285717,
          423.14285714285717
        ],
        [
          188.57142857142856,
          432.85714285714283
        ],
        [
          197.14285714285717,
          439.14285714285717
        ],
        [
          203.42857142857144,
          447.14285714285717
        ],
        [
          210.85714285714283,
          454.0
        ],
        [
          216.0,
          456.85714285714283
        ],
        [
          229.71428571428572,
          445.42857142857144
        ],
        [
          242.85714285714283,
          435.7142857142857
        ],
        [
          256.57142857142856,
          430.0
        ],
        [
          266.85714285714283,
          426.0
        ],
        [
          252.0,
          407.14285714285717
        ],
        [
          244.57142857142856,
          402.57142857142856
        ],
        [
          238.28571428571428,
          395.7142857142857
        ],
        [
          244.57142857142856,
          383.14285714285717
        ],
        [
          245.71428571428572,
          367.14285714285717
        ],
        [
          245.71428571428572,
          355.14285714285717
        ],
        [
          241.14285714285717,
          346.0
        ],
        [
          233.71428571428572,
          338.0
        ]
      ],
      "group_id": null,
      "shape_type": "polygon",
      "flags": {}
    },
    {
      "label": "细胞核",
      "points": [
        [
          308.0,
          356.2857142857143
        ],
        [
          296.0,
          361.42857142857144
        ],
        [
          290.2857142857143,
          367.14285714285717
        ],
        [
          286.85714285714283,
          373.42857142857144
        ],
        [
          286.85714285714283,
          380.85714285714283
        ],
        [
          279.42857142857144,
          382.57142857142856
        ],
        [
          274.2857142857143,
          389.42857142857144
        ],
        [
          272.0,
          396.2857142857143
        ],
        [
          275.42857142857144,
          399.14285714285717
        ],
        [
          268.57142857142856,
          404.85714285714283
        ],
        [
          267.42857142857144,
          414.0
        ],
        [
          270.2857142857143,
          421.42857142857144
        ],
        [
          279.42857142857144,
          426.0
        ],
        [
          289.7142857142857,
          426.57142857142856
        ],
        [
          298.85714285714283,
          421.42857142857144
        ],
        [
          307.42857142857144,
          417.42857142857144
        ],
        [
          316.57142857142856,
          409.42857142857144
        ],
        [
          321.7142857142857,
          402.57142857142856
        ],
        [
          324.57142857142856,
          396.2857142857143
        ],
        [
          326.85714285714283,
          388.85714285714283
        ],
        [
          328.57142857142856,
          375.14285714285717
        ],
        [
          326.85714285714283,
          364.85714285714283
        ],
        [
          320.57142857142856,
          360.2857142857143
        ]
      ],
      "group_id": null,
      "shape_type": "polygon",
      "flags": {}
    },
    {
      "label": "细胞膜",
      "points": [
        [
          310.85714285714283,
          326.57142857142856
        ],
        [
          300.0,
          333.42857142857144
        ],
        [
          293.14285714285717,
          339.7142857142857
        ],
        [
          286.85714285714283,
          343.14285714285717
        ],
        [
          276.57142857142856,
          347.7142857142857
        ],
        [
          269.7142857142857,
          351.14285714285717
        ],
        [
          261.7142857142857,
          358.0
        ],
        [
          255.42857142857144,
          371.7142857142857
        ],
        [
          253.71428571428572,
          380.2857142857143
        ],
        [
          253.14285714285717,
          394.57142857142856
        ],
        [
          255.42857142857144,
          404.85714285714283
        ],
        [
          258.2857142857143,
          414.57142857142856
        ],
        [
          266.85714285714283,
          422.57142857142856
        ],
        [
          274.85714285714283,
          430.0
        ],
        [
          288.0,
          431.14285714285717
        ],
        [
          304.0,
          427.14285714285717
        ],
        [
          314.2857142857143,
          422.57142857142856
        ],
        [
          322.85714285714283,
          417.42857142857144
        ],
        [
          327.42857142857144,
          399.14285714285717
        ],
        [
          330.2857142857143,
          383.14285714285717
        ],
        [
          329.7142857142857,
          366.0
        ],
        [
          327.42857142857144,
          350.57142857142856
        ],
        [
          325.7142857142857,
          340.85714285714283
        ],
        [
          327.42857142857144,
          322.57142857142856
        ],
        [
          326.2857142857143,
          318.57142857142856
        ],
        [
          319.42857142857144,
          319.7142857142857
        ]
      ],
      "group_id": null,
      "shape_type": "polygon",
      "flags": {}
    },
    {
      "label": "细胞核",
      "points": [
        [
          357.7142857142857,
          352.85714285714283
        ],
        [
          364.0,
          360.85714285714283
        ],
        [
          368.57142857142856,
          368.85714285714283
        ],
        [
          373.1428571428571,
          377.42857142857144
        ],
        [
          376.0,
          389.42857142857144
        ],
        [
          380.0,
          401.42857142857144
        ],
        [
          379.42857142857144,
          412.2857142857143
        ],
        [
          372.0,
          411.14285714285717
        ],
        [
          364.0,
          406.0
        ],
        [
          358.85714285714283,
          399.7142857142857
        ],
        [
          354.85714285714283,
          406.0
        ],
        [
          352.0,
          413.42857142857144
        ],
        [
          342.2857142857143,
          414.57142857142856
        ],
        [
          333.7142857142857,
          410.0
        ],
        [
          330.2857142857143,
          400.2857142857143
        ],
        [
          331.42857142857144,
          390.57142857142856
        ],
        [
          333.14285714285717,
          381.42857142857144
        ],
        [
          337.7142857142857,
          379.7142857142857
        ],
        [
          342.2857142857143,
          382.57142857142856
        ],
        [
          337.7142857142857,
          372.85714285714283
        ],
        [
          336.57142857142856,
          362.57142857142856
        ],
        [
          339.42857142857144,
          354.0
        ],
        [
          347.42857142857144,
          348.2857142857143
        ]
      ],
      "group_id": null,
      "shape_type": "polygon",
      "flags": {}
    },
    {
      "label": "细胞膜",
      "points": [
        [
          355.42857142857144,
          334.0
        ],
        [
          362.28571428571433,
          346.57142857142856
        ],
        [
          367.42857142857144,
          358.0
        ],
        [
          377.1428571428571,
          381.42857142857144
        ],
        [
          383.42857142857144,
          401.42857142857144
        ],
        [
          388.0,
          419.14285714285717
        ],
        [
          392.57142857142856,
          435.7142857142857
        ],
        [
          392.57142857142856,
          451.7142857142857
        ],
        [
          393.1428571428571,
          468.2857142857143
        ],
        [
          392.0,
          486.57142857142856
        ],
        [
          392.0,
          500.28571428571433
        ],
        [
          374.28571428571433,
          481.42857142857144
        ],
        [
          363.42857142857144,
          466.57142857142856
        ],
        [
          349.14285714285717,
          452.85714285714283
        ],
        [
          338.2857142857143,
          440.2857142857143
        ],
        [
          328.0,
          425.42857142857144
        ],
        [
          328.0,
          410.0
        ],
        [
          328.57142857142856,
          395.7142857142857
        ],
        [
          331.74468085106383,
          383.82978723404256
        ],
        [
          332.59574468085106,
          374.04255319148933
        ],
        [
          334.2978723404255,
          357.8723404255319
        ],
        [
          339.40425531914894,
          347.6595744680851
        ],
        [
          349.1914893617021,
          335.3191489361702
        ]
      ],
      "group_id": null,
      "shape_type": "polygon",
      "flags": {}
    },
    {
      "label": "细胞核",
      "points": [
        [
          409.02527075812276,
          394.2238267148014
        ],
        [
          416.60649819494586,
          405.41516245487367
        ],
        [
          419.4945848375451,
          415.5234657039711
        ],
        [
          422.02166064981947,
          428.15884476534296
        ],
        [
          423.1046931407942,
          437.9061371841155
        ],
        [
          423.82671480144404,
          448.3754512635379
        ],
        [
          425.2707581227437,
          457.03971119133575
        ],
        [
          425.2707581227437,
          468.59205776173286
        ],
        [
          423.4657039711191,
          476.5342960288809
        ],
        [
          416.9675090252708,
          480.14440433212997
        ],
        [
          411.5523465703971,
          479.0613718411552
        ],
        [
          409.02527075812276,
          474.00722021660647
        ],
        [
          402.16606498194943,
          468.59205776173286
        ],
        [
          398.55595667870034,
          464.62093862815885
        ],
        [
          399.6389891696751,
          457.03971119133575
        ],
        [
          405.41516245487367,
          451.6245487364621
        ],
        [
          407.942238267148,
          448.7364620938628
        ],
        [
          407.942238267148,
          437.9061371841155
        ],
        [
          407.942238267148,
          428.15884476534296
        ],
        [
          405.41516245487367,
          421.2996389891697
        ],
        [
          399.27797833935017,
          416.24548736462094
        ],
        [
          392.057761732852,
          414.07942238267145
        ],
        [
          390.2527075812274,
          408.66425992779784
        ],
        [
          390.6137184115523,
          401.44404332129966
        ],
        [
          395.6678700361011,
          393.14079422382673
        ],
        [
          402.88808664259926,
          391.69675090252707
        ]
      ],
      "group_id": null,
      "shape_type": "polygon",
      "flags": {}
    },
    {
      "label": "细胞膜",
      "points": [
        [
          386.2815884476534,
          322.7436823104693
        ],
        [
          401.08303249097474,
          323.4657039711191
        ],
        [
          415.1624548736462,
          324.54873646209387
        ],
        [
          426.7148014440433,
          328.8808664259928
        ],
        [
          426.7148014440433,
          339.71119133574007
        ],
        [
          425.9927797833935,
          356.67870036101084
        ],
        [
          424.18772563176896,
          370.7581227436823
        ],
        [
          423.1046931407942,
          382.6714801444043
        ],
        [
          423.1046931407942,
          395.6678700361011
        ],
        [
          423.1046931407942,
          409.7472924187726
        ],
        [
          423.82671480144404,
          422.3826714801444
        ],
        [
          425.2707581227437,
          434.2960288808664
        ],
        [
          425.6317689530686,
          445.12635379061373
        ],
        [
          427.0758122743682,
          457.7617328519856
        ],
        [
          427.79783393501805,
          470.3971119133574
        ],
        [
          429.2418772563177,
          482.3104693140794
        ],
        [
          430.3249097472924,
          497.8339350180505
        ],
        [
          429.9638989169675,
          506.13718411552344
        ],
        [
          430,
          511
        ],
        [
          396,
          511
        ],
        [
          393.50180505415165,
          502.52707581227435
        ],
        [
          393.50180505415165,
          490.2527075812274
        ],
        [
          394.58483754512633,
          474.3682310469314
        ],
        [
          394.2238267148014,
          459.927797833935
        ],
        [
          393.8628158844765,
          441.1552346570397
        ],
        [
          393.50180505415165,
          430.6859205776173
        ],
        [
          389.8916967509025,
          417.6895306859206
        ],
        [
          389.53068592057764,
          408.66425992779784
        ],
        [
          386.6425992779783,
          395.6678700361011
        ],
        [
          385.1985559566787,
          378.3393501805054
        ],
        [
          384.115523465704,
          362.45487364620936
        ],
        [
          382.3104693140794,
          346.2093862815884
        ],
        [
          380.5054151624549,
          333.2129963898917
        ],
        [
          379.42238267148014,
          323.4657039711191
        ]
      ],
      "group_id": null,
      "shape_type": "polygon",
      "flags": {}
    },
    {
      "label": "细胞核",
      "points": [
        [
          331.66666666666663,
          470.22222222222223
        ],
        [
          333.88888888888886,
          481.3333333333333
        ],
        [
          328.3333333333333,
          488.0
        ],
        [
          321.1111111111111,
          486.3333333333333
        ],
        [
          318.88888888888886,
          478.0
        ],
        [
          312.22222222222223,
          484.66666666666663
        ],
        [
          307.77777777777777,
          488.0
        ],
        [
          302.22222222222223,
          486.88888888888886
        ],
        [
          293.88888888888886,
          479.66666666666663
        ],
        [
          286.66666666666663,
          468.0
        ],
        [
          280.0,
          456.88888888888886
        ],
        [
          278.3333333333333,
          448.0
        ],
        [
          285.55555555555554,
          438.55555555555554
        ],
        [
          291.1111111111111,
          436.3333333333333
        ],
        [
          297.22222222222223,
          439.66666666666663
        ],
        [
          302.77777777777777,
          444.1111111111111
        ],
        [
          306.66666666666663,
          447.44444444444446
        ],
        [
          313.88888888888886,
          453.0
        ],
        [
          321.66666666666663,
          460.22222222222223
        ],
        [
          326.1111111111111,
          465.22222222222223
        ]
      ],
      "group_id": null,
      "shape_type": "polygon",
      "flags": {}
    },
    {
      "label": "细胞膜",
      "points": [
        [
          292.9597989949749,
          434.1708542713568
        ],
        [
          308.53768844221105,
          446.23115577889445
        ],
        [
          316.5778894472362,
          452.7638190954774
        ],
        [
          326.1256281407035,
          462.31155778894475
        ],
        [
          334.16582914572865,
          469.3467336683417
        ],
        [
          340.1959798994975,
          472.8643216080402
        ],
        [
          347.23115577889445,
          479.3969849246231
        ],
        [
          357.78391959798995,
          487.9396984924623
        ],
        [
          370.3467336683417,
          492.964824120603
        ],
        [
          380.3969849246231,
          498.4924623115578
        ],
        [
          388.43718592964825,
          506.5326633165829
        ],
        [
          392,
          511
        ],
        [
          310,
          511
        ],
        [
          302.00502512562815,
          494.9748743718593
        ],
        [
          294.96984924623115,
          483.91959798994975
        ],
        [
          287.4321608040201,
          473.86934673366835
        ],
        [
          280.3969849246231,
          463.81909547738695
        ],
        [
          275.8743718592965,
          451.75879396984925
        ],
        [
          272.85929648241205,
          442.2110552763819
        ],
        [
          270.8492462311558,
          431.65829145728645
        ],
        [
          281.90452261306535,
          433.6683417085427
        ]
      ],
      "group_id": null,
      "shape_type": "polygon",
      "flags": {}
    },
    {
      "label": "细胞核",
      "points": [
        [
          476.3768844221106,
          425.1256281407035
        ],
        [
          485.4221105527638,
          431.65829145728645
        ],
        [
          498.9899497487437,
          435.678391959799
        ],
        [
          506.0251256281407,
          438.6934673366834
        ],
        [
          511,
          441
        ],
        [
          511,
          450
        ],
        [
          508.5376884422111,
          460.30150753768845
        ],
        [
          508.5376884422111,
          472.36180904522615
        ],
        [
          505.5226130653266,
          480.40201005025125
        ],
        [
          499.4924623115578,
          486.93467336683415
        ],
        [
          492.9597989949749,
          484.9246231155779
        ],
        [
          486.929648241206,
          476.88442211055275
        ],
        [
          479.391959798995,
          467.8391959798995
        ],
        [
          474.3668341708543,
          460.30150753768845
        ],
        [
          470.8492462311558,
          452.7638190954774
        ],
        [
          468.3366834170854,
          443.7185929648241
        ],
        [
          467.8341708542714,
          432.66331658291455
        ],
        [
          469.8442211055276,
          425.6281407035176
        ]
      ],
      "group_id": null,
      "shape_type": "polygon",
      "flags": {}
    },
    {
      "label": "细胞膜",
      "points": [
        [
          511.0,
          365.0
        ],
        [
          510.5477386934673,
          509.04522613065325
        ],
        [
          462.8090452261307,
          510.0502512562814
        ],
        [
          466.8291457286432,
          505.5276381909548
        ],
        [
          479.894472361809,
          505.5276381909548
        ],
        [
          495.4723618090452,
          506.03015075376885
        ],
        [
          497.4824120603015,
          492.964824120603
        ],
        [
          487.9346733668342,
          484.4221105527638
        ],
        [
          475.3718592964824,
          472.36180904522615
        ],
        [
          471.3517587939699,
          458.79396984924625
        ],
        [
          463.8140703517588,
          442.713567839196
        ],
        [
          462.3065326633166,
          425.6281407035176
        ],
        [
          459.2914572864322,
          405.5276381909548
        ],
        [
          457.78391959799,
          385.42713567839195
        ],
        [
          457.2814070351759,
          364.8241206030151
        ],
        [
          460.7989949748744,
          346.23115577889445
        ],
        [
          479.894472361809,
          338.6934673366834
        ],
        [
          493.4623115577889,
          342.713567839196
        ],
        [
          501.0,
          356.2814070351759
        ]
      ],
      "group_id": null,
      "shape_type": "polygon",
      "flags": {}
    },
    {
      "label": "细胞核",
      "points": [
        [
          278.0,
          511.0
        ],
        [
          274.86934673366835,
          500.50251256281405
        ],
        [
          275.8743718592965,
          489.4472361809045
        ],
        [
          278.38693467336685,
          482.41206030150755
        ],
        [
          283.9145728643216,
          478.89447236180905
        ],
        [
          288.9396984924623,
          484.4221105527638
        ],
        [
          292.4572864321608,
          495.47738693467335
        ],
        [
          294.0,
          511.0
        ]
      ],
      "group_id": null,
      "shape_type": "polygon",
      "flags": {}
    },
    {
      "label": "细胞膜",
      "points": [
        [
          230.64824120603015,
          452.2613065326633
        ],
        [
          245.72361809045225,
          439.1959798994975
        ],
        [
          261.8040201005025,
          431.15577889447235
        ],
        [
          267.83417085427135,
          430.6532663316583
        ],
        [
          270.8492462311558,
          442.713567839196
        ],
        [
          273.36180904522615,
          454.2713567839196
        ],
        [
          277.3819095477387,
          464.321608040201
        ],
        [
          282.4070351758794,
          470.8542713567839
        ],
        [
          287.4321608040201,
          479.3969849246231
        ],
        [
          292.9597989949749,
          486.4321608040201
        ],
        [
          295.47236180904525,
          496.4824120603015
        ],
        [
          298.48743718592965,
          506.5326633165829
        ],
        [
          299,
          511
        ],
        [
          226,
          511
        ],
        [
          221.6030150753769,
          505.0251256281407
        ],
        [
          233.1608040201005,
          497.9899497487437
        ],
        [
          247.23115577889445,
          496.4824120603015
        ],
        [
          253.7638190954774,
          492.46231155778895
        ],
        [
          253.2613065326633,
          480.40201005025125
        ],
        [
          248.7386934673367,
          471.85929648241205
        ],
        [
          240.69849246231155,
          464.8241206030151
        ],
        [
          235.1708542713568,
          459.2964824120603
        ]
      ],
      "group_id": null,
      "shape_type": "polygon",
      "flags": {}
    },
    {
      "label": "细胞核",
      "points": [
        [
          138.68844221105527,
          506.5326633165829
        ],
        [
          150.2462311557789,
          504.02010050251255
        ],
        [
          160.2964824120603,
          505.5276381909548
        ],
        [
          163.3115577889447,
          510.5527638190955
        ],
        [
          132.15577889447238,
          510.5527638190955
        ]
      ],
      "group_id": null,
      "shape_type": "polygon",
      "flags": {}
    },
    {
      "label": "细胞膜",
      "points": [
        [
          107.0,
          511.0
        ],
        [
          128.63819095477388,
          504.02010050251255
        ],
        [
          149.74371859296483,
          498.4924623115578
        ],
        [
          169.84422110552765,
          493.4673366834171
        ],
        [
          189.94472361809045,
          485.92964824120605
        ],
        [
          205.02010050251255,
          479.8994974874372
        ],
        [
          227.63316582914575,
          475.8793969849246
        ],
        [
          239.6934673366834,
          471.356783919598
        ],
        [
          248.7386934673367,
          477.8894472361809
        ],
        [
          248.2361809045226,
          488.94472361809045
        ],
        [
          247.23115577889445,
          492.964824120603
        ],
        [
          235.67336683417085,
          495.97989949748745
        ],
        [
          222.60804020100505,
          502.0100502512563
        ],
        [
          215.57286432160805,
          507.53768844221105
        ],
        [
          206,
          511
        ]
      ],
      "group_id": null,
      "shape_type": "polygon",
      "flags": {}
    }
  ],
  "imagePath": "2bc9bc1e-bb9e-11e8-b2b9-ac1f6b6435d0_dst.png",
  "imageData": null,
  "imageHeight": 512,
  "imageWidth": 512
}