{
  "version": "4.5.6",
  "flags": {},
  "shapes": [
    {
      "label": "细胞核",
      "points": [
        [
          0.53125,
          158.59375
        ],
        [
          6.0,
          156.25
        ],
        [
          15.375,
          158.59375
        ],
        [
          25.53125,
          161.71875
        ],
        [
          32.171875,
          165.234375
        ],
        [
          39.203125,
          172.265625
        ],
        [
          41.15625,
          180.46875
        ],
        [
          37.640625,
          188.671875
        ],
        [
          34.90625,
          193.75
        ],
        [
          27.484375,
          195.703125
        ],
        [
          20.453125,
          193.75
        ],
        [
          10.6875,
          193.75
        ],
        [
          6.0,
          192.1875
        ],
        [
          0,
          190
        ]
      ],
      "group_id": null,
      "shape_type": "polygon",
      "flags": {}
    },
    {
      "label": "细胞膜",
      "points": [
        [
          9.125,
          153.90625
        ],
        [
          0.53125,
          154.6875
        ],
        [
          0.0,
          194.0
        ],
        [
          8.34375,
          194.921875
        ],
        [
          17.328125,
          196.09375
        ],
        [
          26.3125,
          197.65625
        ],
        [
          35.6875,
          200.78125
        ],
        [
          48.96875,
          202.734375
        ],
        [
          65.375,
          202.34375
        ],
        [
          85.296875,
          201.5625
        ],
        [
          104.828125,
          200.78125
        ],
        [
          114.59375,
          200.390625
        ],
        [
          117.328125,
          215.625
        ],
        [
          129.828125,
          221.09375
        ],
        [
          143.890625,
          218.359375
        ],
        [
          146.625,
          204.6875
        ],
        [
          138.421875,
          195.3125
        ],
        [
          136.078125,
          183.59375
        ],
        [
          130.609375,
          182.8125
        ],
        [
          111.859375,
          177.34375
        ],
        [
          96.625,
          175.0
        ],
        [
          76.3125,
          170.3125
        ],
        [
          59.90625,
          166.015625
        ],
        [
          36.859375,
          158.59375
        ],
        [
          23.1875,
          157.03125
        ]
      ],
      "group_id": null,
      "shape_type": "polygon",
      "flags": {}
    },
    {
      "label": "细胞核",
      "points": [
        [
          90.96209912536443,
          126.53061224489795
        ],
        [
          94.4606413994169,
          133.52769679300292
        ],
        [
          95.91836734693877,
          139.94169096209913
        ],
        [
          99.41690962099125,
          146.06413994169097
        ],
        [
          103.79008746355684,
          154.51895043731778
        ],
        [
          104.3731778425656,
          162.09912536443147
        ],
        [
          101.74927113702624,
          167.3469387755102
        ],
        [
          95.04373177842565,
          168.51311953352769
        ],
        [
          95.6268221574344,
          173.17784256559767
        ],
        [
          88.62973760932944,
          172.01166180758017
        ],
        [
          81.63265306122449,
          167.93002915451893
        ],
        [
          71.13702623906705,
          166.47230320699708
        ],
        [
          68.22157434402332,
          158.01749271137027
        ],
        [
          63.265306122448976,
          148.68804664723032
        ],
        [
          57.14285714285714,
          143.44023323615158
        ],
        [
          58.01749271137026,
          137.9008746355685
        ],
        [
          62.390670553935855,
          130.3206997084548
        ],
        [
          68.5131195335277,
          126.23906705539358
        ],
        [
          74.05247813411079,
          124.19825072886297
        ],
        [
          81.63265306122449,
          124.19825072886297
        ]
      ],
      "group_id": null,
      "shape_type": "polygon",
      "flags": {}
    },
    {
      "label": "细胞膜",
      "points": [
        [
          64.13994169096209,
          92.12827988338192
        ],
        [
          74.63556851311952,
          96.50145772594752
        ],
        [
          87.17201166180757,
          102.0408163265306
        ],
        [
          94.4606413994169,
          109.6209912536443
        ],
        [
          97.95918367346938,
          122.44897959183673
        ],
        [
          97.37609329446063,
          132.6530612244898
        ],
        [
          100.87463556851311,
          143.73177842565596
        ],
        [
          106.99708454810495,
          156.85131195335276
        ],
        [
          114.86880466472303,
          168.51311953352769
        ],
        [
          116.03498542274052,
          174.63556851311952
        ],
        [
          112.82798833819241,
          175.51020408163265
        ],
        [
          103.2069970845481,
          175.51020408163265
        ],
        [
          84.29844097995546,
          171.60356347438753
        ],
        [
          61.97478991596639,
          163.65546218487395
        ],
        [
          56.09243697478992,
          154.41176470588235
        ],
        [
          49.36974789915966,
          146.84873949579833
        ],
        [
          45.378151260504204,
          131.72268907563026
        ],
        [
          43.76795580110496,
          112.59668508287294
        ],
        [
          46.530386740331494,
          103.20441988950276
        ],
        [
          53.71270718232043,
          96.02209944751381
        ]
      ],
      "group_id": null,
      "shape_type": "polygon",
      "flags": {}
    },
    {
      "label": "细胞核",
      "points": [
        [
          134.43037974683543,
          110.63291139240506
        ],
        [
          142.53164556962025,
          113.92405063291139
        ],
        [
          151.64556962025316,
          118.73417721518987
        ],
        [
          157.9746835443038,
          125.82278481012658
        ],
        [
          161.0126582278481,
          133.41772151898735
        ],
        [
          162.53164556962025,
          143.2911392405063
        ],
        [
          162.53164556962025,
          154.1772151898734
        ],
        [
          157.21518987341773,
          160.50632911392404
        ],
        [
          152.1518987341772,
          165.56962025316454
        ],
        [
          142.53164556962025,
          167.34177215189874
        ],
        [
          136.70886075949366,
          166.0759493670886
        ],
        [
          127.84810126582278,
          162.78481012658227
        ],
        [
          120.75949367088607,
          155.9493670886076
        ],
        [
          115.94936708860759,
          150.126582278481
        ],
        [
          112.91139240506328,
          144.55696202531644
        ],
        [
          113.41772151898734,
          138.73417721518987
        ],
        [
          114.43037974683544,
          130.126582278481
        ],
        [
          114.68354430379746,
          122.78481012658227
        ],
        [
          117.72151898734177,
          117.46835443037975
        ],
        [
          124.81012658227847,
          111.89873417721519
        ],
        [
          129.62025316455694,
          111.1392405063291
        ]
      ],
      "group_id": null,
      "shape_type": "polygon",
      "flags": {}
    },
    {
      "label": "细胞膜",
      "points": [
        [
          109.66666666666667,
          101.33333333333333
        ],
        [
          115.0,
          106.66666666666667
        ],
        [
          126.66666666666667,
          102.33333333333333
        ],
        [
          132.0,
          100.0
        ],
        [
          133.66666666666666,
          94.66666666666667
        ],
        [
          140.33333333333334,
          98.66666666666667
        ],
        [
          139.0,
          104.0
        ],
        [
          146.0,
          108.66666666666667
        ],
        [
          152.0,
          112.0
        ],
        [
          160.0,
          122.66666666666667
        ],
        [
          164.0,
          133.33333333333334
        ],
        [
          165.66666666666666,
          142.0
        ],
        [
          167.66666666666666,
          155.0
        ],
        [
          163.66666666666666,
          167.0
        ],
        [
          156.0,
          170.33333333333334
        ],
        [
          144.66666666666666,
          172.33333333333334
        ],
        [
          130.66666666666666,
          168.0
        ],
        [
          119.33333333333333,
          161.66666666666666
        ],
        [
          110.33333333333333,
          153.0
        ],
        [
          103.66666666666667,
          141.0
        ],
        [
          100.0,
          129.33333333333334
        ],
        [
          99.66666666666667,
          120.0
        ],
        [
          98.66666666666667,
          113.0
        ],
        [
          102.33333333333333,
          105.33333333333333
        ]
      ],
      "group_id": null,
      "shape_type": "polygon",
      "flags": {}
    },
    {
      "label": "细胞核",
      "points": [
        [
          294.7674418604651,
          33.43023255813954
        ],
        [
          302.90697674418607,
          36.33720930232558
        ],
        [
          309.30232558139534,
          40.406976744186046
        ],
        [
          313.37209302325584,
          43.895348837209305
        ],
        [
          319.1860465116279,
          50.872093023255815
        ],
        [
          322.3837209302326,
          57.26744186046512
        ],
        [
          323.25581395348837,
          63.95348837209303
        ],
        [
          322.09302325581393,
          69.76744186046511
        ],
        [
          319.4767441860465,
          75.0
        ],
        [
          313.37209302325584,
          77.90697674418605
        ],
        [
          306.3953488372093,
          77.32558139534883
        ],
        [
          296.80232558139534,
          75.0
        ],
        [
          288.0813953488372,
          70.63953488372093
        ],
        [
          282.2674418604651,
          66.27906976744187
        ],
        [
          276.74418604651163,
          60.46511627906977
        ],
        [
          271.80232558139534,
          53.48837209302326
        ],
        [
          270.3488372093023,
          47.093023255813954
        ],
        [
          270.93023255813955,
          40.116279069767444
        ],
        [
          273.83720930232556,
          38.95348837209303
        ],
        [
          277.6162790697675,
          34.30232558139535
        ],
        [
          285.4651162790698,
          32.55813953488372
        ]
      ],
      "group_id": null,
      "shape_type": "polygon",
      "flags": {}
    },
    {
      "label": "细胞膜",
      "points": [
        [
          287.7906976744186,
          22.674418604651162
        ],
        [
          300.2906976744186,
          28.77906976744186
        ],
        [
          313.95348837209303,
          37.5
        ],
        [
          322.6744186046512,
          44.47674418604651
        ],
        [
          329.9418604651163,
          48.83720930232558
        ],
        [
          341.27906976744185,
          56.97674418604651
        ],
        [
          351.16279069767444,
          63.08139534883721
        ],
        [
          361.04651162790697,
          71.22093023255815
        ],
        [
          369.1860465116279,
          77.61627906976744
        ],
        [
          377.0348837209302,
          87.20930232558139
        ],
        [
          388.95348837209303,
          94.76744186046511
        ],
        [
          398.54651162790697,
          101.45348837209302
        ],
        [
          411.33720930232556,
          113.95348837209302
        ],
        [
          403.77906976744185,
          111.33720930232559
        ],
        [
          393.3139534883721,
          107.55813953488372
        ],
        [
          376.16279069767444,
          103.19767441860465
        ],
        [
          362.5,
          100.29069767441861
        ],
        [
          345.63953488372096,
          96.22093023255815
        ],
        [
          329.6511627906977,
          90.40697674418605
        ],
        [
          315.98837209302326,
          86.33720930232558
        ],
        [
          300.5813953488372,
          80.81395348837209
        ],
        [
          286.04651162790697,
          73.83720930232558
        ],
        [
          274.7093023255814,
          68.02325581395348
        ],
        [
          265.98837209302326,
          60.75581395348837
        ],
        [
          256.6860465116279,
          53.77906976744186
        ],
        [
          254.36046511627907,
          45.05813953488372
        ],
        [
          257.8488372093023,
          35.46511627906977
        ],
        [
          257.8488372093023,
          24.127906976744185
        ],
        [
          262.2093023255814,
          16.86046511627907
        ],
        [
          266.8604651162791,
          14.825581395348838
        ],
        [
          273.83720930232556,
          19.767441860465116
        ]
      ],
      "group_id": null,
      "shape_type": "polygon",
      "flags": {}
    },
    {
      "label": "细胞核",
      "points": [
        [
          386.3340563991323,
          37.74403470715835
        ],
        [
          393.7093275488069,
          39.69631236442516
        ],
        [
          402.1691973969631,
          44.03470715835141
        ],
        [
          407.5921908893709,
          50.108459869848154
        ],
        [
          406.50759219088934,
          55.96529284164858
        ],
        [
          411.2798264642082,
          57.70065075921909
        ],
        [
          417.35357917570497,
          65.94360086767895
        ],
        [
          418.4381778741865,
          73.7527114967462
        ],
        [
          418.65509761388284,
          81.12798264642082
        ],
        [
          414.96746203904553,
          87.41865509761388
        ],
        [
          410.412147505423,
          91.97396963123644
        ],
        [
          402.6030368763557,
          93.27548806941431
        ],
        [
          391.7570498915401,
          89.80477223427332
        ],
        [
          384.8156182212581,
          86.76789587852494
        ],
        [
          377.8741865509761,
          81.34490238611713
        ],
        [
          371.14967462039044,
          74.83731019522776
        ],
        [
          367.2451193058568,
          69.84815618221258
        ],
        [
          363.7744034707158,
          61.388286334056396
        ],
        [
          363.99132321041213,
          54.01301518438178
        ],
        [
          366.81127982646416,
          47.288503253796094
        ],
        [
          372.0173535791757,
          40.130151843817785
        ],
        [
          379.8264642082429,
          37.52711496746203
        ]
      ],
      "group_id": null,
      "shape_type": "polygon",
      "flags": {}
    },
    {
      "label": "细胞膜",
      "points": [
        [
          317.77981651376143,
          1.3761467889908257
        ],
        [
          385.0,
          0.0
        ],
        [
          370.2325581395349,
          4.651162790697675
        ],
        [
          375.5779816513761,
          10.55045871559633
        ],
        [
          387.045871559633,
          22.935779816513758
        ],
        [
          399.43119266055044,
          35.32110091743119
        ],
        [
          410.440366972477,
          50.45871559633027
        ],
        [
          419.15596330275224,
          64.22018348623853
        ],
        [
          425.11926605504584,
          77.06422018348623
        ],
        [
          429.7064220183486,
          93.57798165137613
        ],
        [
          432.45871559633025,
          108.71559633027522
        ],
        [
          422.8256880733945,
          116.97247706422017
        ],
        [
          411.3577981651376,
          109.63302752293578
        ],
        [
          400.348623853211,
          99.08256880733944
        ],
        [
          386.04651162790697,
          90.69767441860465
        ],
        [
          377.6744186046512,
          85.81395348837209
        ],
        [
          371.8604651162791,
          78.13953488372093
        ],
        [
          365.81395348837214,
          72.55813953488372
        ],
        [
          358.60465116279073,
          67.67441860465117
        ],
        [
          353.25581395348837,
          57.2093023255814
        ],
        [
          343.25581395348837,
          43.02325581395349
        ],
        [
          337.90697674418607,
          32.093023255813954
        ],
        [
          327.4418604651163,
          17.906976744186046
        ]
      ],
      "group_id": null,
      "shape_type": "polygon",
      "flags": {}
    },
    {
      "label": "细胞核",
      "points": [
        [
          420.0,
          0.0
        ],
        [
          421.1480362537764,
          4.531722054380665
        ],
        [
          423.41389728096675,
          10.27190332326284
        ],
        [
          429.1540785498489,
          16.46525679758308
        ],
        [
          438.67069486404836,
          20.241691842900302
        ],
        [
          450.1510574018127,
          23.26283987915408
        ],
        [
          462.6888217522659,
          24.622356495468278
        ],
        [
          471.9033232628399,
          23.26283987915408
        ],
        [
          482.3262839879154,
          21.45015105740181
        ],
        [
          488.9728096676737,
          17.673716012084594
        ],
        [
          494.4108761329305,
          12.235649546827794
        ],
        [
          496.8277945619335,
          4.531722054380665
        ],
        [
          497.1299093655589,
          0.0
        ]
      ],
      "group_id": null,
      "shape_type": "polygon",
      "flags": {}
    },
    {
      "label": "细胞膜",
      "points": [
        [
          414.0,
          0.0
        ],
        [
          418.12688821752266,
          10.574018126888218
        ],
        [
          422.65861027190334,
          21.6012084592145
        ],
        [
          428.2477341389728,
          25.830815709969787
        ],
        [
          435.64954682779455,
          34.44108761329305
        ],
        [
          445.16616314199393,
          40.93655589123867
        ],
        [
          452.41691842900303,
          48.338368580060425
        ],
        [
          462.8398791540785,
          53.92749244712991
        ],
        [
          474.4712990936556,
          61.17824773413897
        ],
        [
          486.2537764350453,
          66.01208459214502
        ],
        [
          499.5468277945619,
          71.45015105740181
        ],
        [
          501.81268882175226,
          68.58006042296073
        ],
        [
          499.09365558912384,
          64.19939577039275
        ],
        [
          502.87009063444106,
          53.47432024169184
        ],
        [
          511,
          39
        ],
        [
          511,
          0
        ]
      ],
      "group_id": null,
      "shape_type": "polygon",
      "flags": {}
    },
    {
      "label": "细胞核",
      "points": [
        [
          89.3103448275862,
          245.51724137931035
        ],
        [
          95.3448275862069,
          246.20689655172416
        ],
        [
          98.96551724137932,
          250.86206896551724
        ],
        [
          101.55172413793103,
          256.89655172413796
        ],
        [
          100.3448275862069,
          263.2758620689655
        ],
        [
          98.10344827586208,
          269.3103448275862
        ],
        [
          93.27586206896552,
          275.17241379310343
        ],
        [
          88.44827586206897,
          279.82758620689657
        ],
        [
          81.89655172413794,
          282.7586206896552
        ],
        [
          74.82758620689656,
          284.82758620689657
        ],
        [
          68.44827586206897,
          286.3793103448276
        ],
        [
          64.65517241379311,
          286.0344827586207
        ],
        [
          62.24137931034483,
          282.7586206896552
        ],
        [
          58.62068965517241,
          277.7586206896552
        ],
        [
          55.0,
          272.0689655172414
        ],
        [
          56.37931034482759,
          267.0689655172414
        ],
        [
          59.310344827586206,
          262.0689655172414
        ],
        [
          65.6896551724138,
          256.89655172413796
        ],
        [
          70.6896551724138,
          253.10344827586206
        ],
        [
          76.37931034482759,
          249.13793103448276
        ],
        [
          81.89655172413794,
          246.3793103448276
        ]
      ],
      "group_id": null,
      "shape_type": "polygon",
      "flags": {}
    },
    {
      "label": "细胞膜",
      "points": [
        [
          90.0,
          241.20689655172416
        ],
        [
          97.93103448275862,
          244.31034482758622
        ],
        [
          102.58620689655173,
          249.31034482758622
        ],
        [
          104.82758620689656,
          254.82758620689657
        ],
        [
          105.51724137931035,
          259.65517241379314
        ],
        [
          104.82758620689656,
          269.82758620689657
        ],
        [
          103.44827586206897,
          279.48275862068965
        ],
        [
          101.89655172413794,
          286.89655172413796
        ],
        [
          98.79310344827587,
          295.0
        ],
        [
          91.89655172413794,
          301.3793103448276
        ],
        [
          85.3448275862069,
          306.55172413793105
        ],
        [
          78.79310344827586,
          309.48275862068965
        ],
        [
          67.41379310344828,
          311.55172413793105
        ],
        [
          59.827586206896555,
          308.9655172413793
        ],
        [
          54.13793103448276,
          305.86206896551727
        ],
        [
          49.827586206896555,
          297.7586206896552
        ],
        [
          48.62068965517241,
          285.6896551724138
        ],
        [
          49.48275862068966,
          276.55172413793105
        ],
        [
          51.03448275862069,
          268.2758620689655
        ],
        [
          54.13793103448276,
          264.1379310344828
        ],
        [
          59.310344827586206,
          260.17241379310343
        ],
        [
          64.48275862068965,
          255.17241379310346
        ],
        [
          70.0,
          250.34482758620692
        ],
        [
          76.20689655172414,
          246.20689655172416
        ],
        [
          81.55172413793103,
          242.41379310344828
        ]
      ],
      "group_id": null,
      "shape_type": "polygon",
      "flags": {}
    },
    {
      "label": "细胞核",
      "points": [
        [
          131.42329020332716,
          243.06839186691312
        ],
        [
          138.8170055452865,
          245.10166358595194
        ],
        [
          145.84103512014786,
          247.8743068391867
        ],
        [
          150.0924214417745,
          251.20147874306838
        ],
        [
          152.49537892791128,
          257.4861367837338
        ],
        [
          154.15896487985214,
          264.6950092421442
        ],
        [
          155.452865064695,
          271.53419593345654
        ],
        [
          153.78927911275414,
          274.12199630314234
        ],
        [
          144.91682070240296,
          276.89463955637706
        ],
        [
          144.73197781885398,
          285.3974121996303
        ],
        [
          139.00184842883547,
          288.53974121996305
        ],
        [
          132.1626617375231,
          293.3456561922366
        ],
        [
          124.02957486136783,
          294.2698706099815
        ],
        [
          117.7449168207024,
          292.0517560073937
        ],
        [
          113.86321626617375,
          289.46395563770795
        ],
        [
          110.53604436229205,
          286.3216266173752
        ],
        [
          108.13308687615526,
          278.9279112754159
        ],
        [
          109.24214417744916,
          271.7190388170055
        ],
        [
          111.27541589648798,
          265.98890942698705
        ],
        [
          120.33271719038817,
          261.36783733826246
        ],
        [
          118.8539741219963,
          256.3770794824399
        ],
        [
          119.22365988909426,
          250.64695009242143
        ],
        [
          124.95378927911275,
          243.99260628465802
        ]
      ],
      "group_id": null,
      "shape_type": "polygon",
      "flags": {}
    },
    {
      "label": "细胞膜",
      "points": [
        [
          116.14035087719297,
          223.50877192982455
        ],
        [
          132.6315789473684,
          224.91228070175438
        ],
        [
          141.4035087719298,
          229.82456140350877
        ],
        [
          155.08771929824562,
          241.75438596491227
        ],
        [
          168.0701754385965,
          255.08771929824562
        ],
        [
          155.43859649122805,
          250.87719298245614
        ],
        [
          159.64912280701753,
          264.2105263157895
        ],
        [
          161.05263157894737,
          283.1578947368421
        ],
        [
          161.05263157894737,
          301.4035087719298
        ],
        [
          154.38596491228068,
          314.7368421052631
        ],
        [
          147.01754385964912,
          319.29824561403507
        ],
        [
          143.1578947368421,
          329.82456140350877
        ],
        [
          138.59649122807016,
          341.7543859649123
        ],
        [
          130.17543859649123,
          329.82456140350877
        ],
        [
          125.96491228070175,
          318.2456140350877
        ],
        [
          119.29824561403508,
          311.57894736842104
        ],
        [
          107.01754385964912,
          302.4561403508772
        ],
        [
          100.0,
          301.7543859649123
        ],
        [
          103.50877192982456,
          288.0701754385965
        ],
        [
          105.26315789473684,
          277.5438596491228
        ],
        [
          107.36842105263158,
          265.6140350877193
        ],
        [
          110.17543859649122,
          251.9298245614035
        ],
        [
          112.28070175438596,
          241.05263157894737
        ],
        [
          109.47368421052632,
          236.140350877193
        ],
        [
          100.7017543859649,
          231.9298245614035
        ],
        [
          105.6140350877193,
          224.21052631578948
        ],
        [
          112.28070175438596,
          223.1578947368421
        ]
      ],
      "group_id": null,
      "shape_type": "polygon",
      "flags": {}
    },
    {
      "label": "细胞核",
      "points": [
        [
          195.94594594594594,
          211.6216216216216
        ],
        [
          206.2162162162162,
          213.24324324324323
        ],
        [
          211.08108108108107,
          218.9189189189189
        ],
        [
          212.16216216216216,
          227.83783783783784
        ],
        [
          211.08108108108107,
          235.67567567567568
        ],
        [
          207.2972972972973,
          245.13513513513513
        ],
        [
          201.89189189189187,
          253.78378378378378
        ],
        [
          195.13513513513513,
          257.02702702702703
        ],
        [
          188.37837837837836,
          256.48648648648646
        ],
        [
          180.27027027027026,
          253.78378378378378
        ],
        [
          175.13513513513513,
          250.0
        ],
        [
          169.45945945945945,
          246.75675675675674
        ],
        [
          168.64864864864865,
          240.0
        ],
        [
          171.35135135135135,
          234.86486486486484
        ],
        [
          175.4054054054054,
          225.13513513513513
        ],
        [
          180.27027027027026,
          218.37837837837836
        ],
        [
          185.4054054054054,
          214.32432432432432
        ]
      ],
      "group_id": null,
      "shape_type": "polygon",
      "flags": {}
    },
    {
      "label": "细胞膜",
      "points": [
        [
          220.54054054054052,
          191.89189189189187
        ],
        [
          224.05405405405403,
          195.4054054054054
        ],
        [
          226.48648648648648,
          204.59459459459458
        ],
        [
          229.18918918918916,
          211.89189189189187
        ],
        [
          230.27027027027026,
          224.86486486486484
        ],
        [
          228.9189189189189,
          234.05405405405403
        ],
        [
          225.67567567567568,
          241.08108108108107
        ],
        [
          221.6216216216216,
          248.64864864864865
        ],
        [
          215.94594594594594,
          255.4054054054054
        ],
        [
          210.8108108108108,
          260.5405405405405
        ],
        [
          204.05405405405403,
          266.48648648648646
        ],
        [
          198.37837837837836,
          270.8108108108108
        ],
        [
          190.8108108108108,
          272.97297297297297
        ],
        [
          186.75675675675674,
          278.10810810810807
        ],
        [
          184.59459459459458,
          281.0810810810811
        ],
        [
          178.64864864864865,
          274.5945945945946
        ],
        [
          173.24324324324323,
          264.5945945945946
        ],
        [
          169.45945945945945,
          255.67567567567568
        ],
        [
          165.67567567567568,
          246.2162162162162
        ],
        [
          164.59459459459458,
          235.94594594594594
        ],
        [
          165.4054054054054,
          226.48648648648648
        ],
        [
          172.16216216216216,
          216.2162162162162
        ],
        [
          175.94594594594594,
          210.8108108108108
        ],
        [
          185.67567567567568,
          204.59459459459458
        ],
        [
          193.24324324324323,
          200.54054054054052
        ],
        [
          200.8108108108108,
          195.67567567567568
        ],
        [
          205.13513513513513,
          191.35135135135135
        ],
        [
          211.6216216216216,
          190.27027027027026
        ]
      ],
      "group_id": null,
      "shape_type": "polygon",
      "flags": {}
    },
    {
      "label": "细胞核",
      "points": [
        [
          269.4677871148459,
          241.73669467787113
        ],
        [
          273.94957983193274,
          242.85714285714283
        ],
        [
          279.2717086834734,
          240.61624649859942
        ],
        [
          281.5126050420168,
          246.77871148459383
        ],
        [
          278.4313725490196,
          251.5406162464986
        ],
        [
          278.99159663865544,
          259.3837535014005
        ],
        [
          279.5518207282913,
          270.3081232492997
        ],
        [
          278.7114845938375,
          277.5910364145658
        ],
        [
          277.03081232492997,
          288.235294117647
        ],
        [
          272.2689075630252,
          300.2801120448179
        ],
        [
          266.1064425770308,
          306.4425770308123
        ],
        [
          257.1428571428571,
          309.2436974789916
        ],
        [
          246.21848739495798,
          309.5238095238095
        ],
        [
          240.33613445378148,
          305.3221288515406
        ],
        [
          236.13445378151258,
          300.84033613445376
        ],
        [
          231.93277310924367,
          292.156862745098
        ],
        [
          231.0924369747899,
          282.0728291316526
        ],
        [
          233.89355742296917,
          271.98879551820727
        ],
        [
          235.85434173669466,
          263.58543417366946
        ],
        [
          241.17647058823528,
          252.38095238095235
        ],
        [
          245.65826330532212,
          246.4985994397759
        ],
        [
          252.9411764705882,
          242.01680672268907
        ],
        [
          260.22408963585434,
          240.33613445378148
        ]
      ],
      "group_id": null,
      "shape_type": "polygon",
      "flags": {}
    },
    {
      "label": "细胞膜",
      "points": [
        [
          266.94677871148457,
          233.61344537815125
        ],
        [
          278.99159663865544,
          235.85434173669466
        ],
        [
          289.07563025210084,
          239.49579831932772
        ],
        [
          297.1988795518207,
          247.33893557422968
        ],
        [
          304.4817927170868,
          257.42296918767505
        ],
        [
          305.3221288515406,
          267.50700280112045
        ],
        [
          305.04201680672264,
          277.87114845938373
        ],
        [
          301.96078431372547,
          286.27450980392155
        ],
        [
          295.79831932773106,
          295.79831932773106
        ],
        [
          290.4761904761904,
          304.4817927170868
        ],
        [
          280.9523809523809,
          306.16246498599435
        ],
        [
          271.7086834733893,
          311.484593837535
        ],
        [
          267.2268907563025,
          315.9663865546218
        ],
        [
          265.82633053221286,
          323.2492997198879
        ],
        [
          261.62464985994393,
          330.81232492997196
        ],
        [
          255.7422969187675,
          332.49299719887955
        ],
        [
          243.69747899159663,
          331.3725490196078
        ],
        [
          235.2941176470588,
          328.57142857142856
        ],
        [
          227.73109243697476,
          325.77030812324927
        ],
        [
          220.16806722689074,
          322.1288515406162
        ],
        [
          215.40616246498598,
          315.406162464986
        ],
        [
          211.20448179271708,
          307.2829131652661
        ],
        [
          209.52380952380952,
          293.55742296918766
        ],
        [
          211.484593837535,
          282.35294117647055
        ],
        [
          217.08683473389354,
          273.6694677871148
        ],
        [
          223.52941176470586,
          262.1848739495798
        ],
        [
          228.29131652661061,
          252.9411764705882
        ],
        [
          236.69467787114843,
          241.17647058823528
        ],
        [
          245.37815126050418,
          235.01400560224087
        ],
        [
          256.30252100840335,
          232.77310924369746
        ]
      ],
      "group_id": null,
      "shape_type": "polygon",
      "flags": {}
    },
    {
      "label": "细胞核",
      "points": [
        [
          393.92982456140345,
          197.36842105263156
        ],
        [
          400.5087719298245,
          204.38596491228068
        ],
        [
          401.38596491228066,
          209.64912280701753
        ],
        [
          407.0877192982456,
          213.15789473684208
        ],
        [
          411.47368421052624,
          221.49122807017542
        ],
        [
          414.98245614035085,
          229.82456140350874
        ],
        [
          413.2280701754385,
          238.59649122807014
        ],
        [
          410.1578947368421,
          246.49122807017542
        ],
        [
          404.8947368421052,
          250.43859649122805
        ],
        [
          395.24561403508767,
          251.75438596491225
        ],
        [
          384.2807017543859,
          248.68421052631575
        ],
        [
          376.8245614035087,
          243.42105263157893
        ],
        [
          372.438596491228,
          238.59649122807014
        ],
        [
          367.61403508771923,
          232.45614035087718
        ],
        [
          363.2280701754386,
          226.75438596491225
        ],
        [
          360.1578947368421,
          217.5438596491228
        ],
        [
          359.2807017543859,
          207.89473684210523
        ],
        [
          361.91228070175436,
          200.43859649122805
        ],
        [
          370.6842105263157,
          193.42105263157893
        ],
        [
          379.45614035087715,
          193.42105263157893
        ],
        [
          387.78947368421046,
          194.73684210526315
        ]
      ],
      "group_id": null,
      "shape_type": "polygon",
      "flags": {}
    },
    {
      "label": "细胞膜",
      "points": [
        [
          394.3684210526315,
          180.7017543859649
        ],
        [
          400.5087719298245,
          189.91228070175436
        ],
        [
          412.78947368421046,
          196.92982456140348
        ],
        [
          421.5614035087719,
          204.38596491228068
        ],
        [
          430.33333333333326,
          215.35087719298244
        ],
        [
          429.8947368421052,
          224.56140350877192
        ],
        [
          430.77192982456137,
          236.84210526315786
        ],
        [
          425.9473684210526,
          242.98245614035085
        ],
        [
          415.85964912280696,
          249.99999999999997
        ],
        [
          406.6491228070175,
          258.3333333333333
        ],
        [
          398.7543859649122,
          262.719298245614
        ],
        [
          385.59649122807014,
          265.7894736842105
        ],
        [
          370.6842105263157,
          266.2280701754386
        ],
        [
          360.59649122807014,
          262.2807017543859
        ],
        [
          349.1929824561403,
          253.07017543859646
        ],
        [
          343.4912280701754,
          244.73684210526312
        ],
        [
          339.98245614035085,
          232.45614035087718
        ],
        [
          336.0350877192982,
          223.68421052631575
        ],
        [
          340.4210526315789,
          216.22807017543857
        ],
        [
          344.8070175438596,
          214.91228070175436
        ],
        [
          351.38596491228066,
          203.9473684210526
        ],
        [
          356.6491228070175,
          196.05263157894734
        ],
        [
          365.4210526315789,
          186.84210526315786
        ],
        [
          374.1929824561403,
          177.6315789473684
        ],
        [
          382.52631578947364,
          178.07017543859646
        ]
      ],
      "group_id": null,
      "shape_type": "polygon",
      "flags": {}
    },
    {
      "label": "细胞核",
      "points": [
        [
          304.9019607843137,
          317.4019607843137
        ],
        [
          313.72549019607845,
          318.62745098039215
        ],
        [
          321.5686274509804,
          322.05882352941177
        ],
        [
          327.94117647058823,
          325.2450980392157
        ],
        [
          335.29411764705884,
          329.4117647058823
        ],
        [
          340.9313725490196,
          331.8627450980392
        ],
        [
          346.078431372549,
          336.27450980392155
        ],
        [
          349.7549019607843,
          343.87254901960785
        ],
        [
          351.96078431372547,
          347.30392156862746
        ],
        [
          349.01960784313724,
          352.45098039215685
        ],
        [
          347.79411764705884,
          355.6372549019608
        ],
        [
          344.8529411764706,
          358.8235294117647
        ],
        [
          341.1764705882353,
          362.2549019607843
        ],
        [
          334.55882352941177,
          363.7254901960784
        ],
        [
          327.94117647058823,
          360.29411764705884
        ],
        [
          318.1372549019608,
          355.88235294117646
        ],
        [
          311.7647058823529,
          352.45098039215685
        ],
        [
          305.1470588235294,
          348.77450980392155
        ],
        [
          299.01960784313724,
          344.11764705882354
        ],
        [
          294.3627450980392,
          340.9313725490196
        ],
        [
          289.70588235294116,
          336.27450980392155
        ],
        [
          286.51960784313724,
          331.37254901960785
        ],
        [
          285.53921568627453,
          325.2450980392157
        ],
        [
          287.2549019607843,
          319.8529411764706
        ],
        [
          292.156862745098,
          316.9117647058823
        ],
        [
          298.77450980392155,
          316.9117647058823
        ]
      ],
      "group_id": null,
      "shape_type": "polygon",
      "flags": {}
    },
    {
      "label": "细胞膜",
      "points": [
        [
          297.79411764705884,
          311.7647058823529
        ],
        [
          306.8627450980392,
          315.19607843137254
        ],
        [
          316.1764705882353,
          318.38235294117646
        ],
        [
          325.98039215686276,
          322.54901960784315
        ],
        [
          332.3529411764706,
          325.98039215686276
        ],
        [
          340.6862745098039,
          330.3921568627451
        ],
        [
          346.5686274509804,
          333.8235294117647
        ],
        [
          355.88235294117646,
          340.9313725490196
        ],
        [
          364.2156862745098,
          347.30392156862746
        ],
        [
          369.11764705882354,
          350.4901960784314
        ],
        [
          380.3921568627451,
          354.4117647058823
        ],
        [
          384.55882352941177,
          361.7647058823529
        ],
        [
          384.55882352941177,
          369.8529411764706
        ],
        [
          382.1078431372549,
          376.96078431372547
        ],
        [
          374.01960784313724,
          381.61764705882354
        ],
        [
          369.3627450980392,
          379.4117647058823
        ],
        [
          362.7450980392157,
          385.04901960784315
        ],
        [
          354.4117647058823,
          382.3529411764706
        ],
        [
          344.3627450980392,
          376.96078431372547
        ],
        [
          342.6470588235294,
          367.8921568627451
        ],
        [
          333.8235294117647,
          364.46078431372547
        ],
        [
          325.0,
          360.53921568627453
        ],
        [
          315.44117647058823,
          356.12745098039215
        ],
        [
          303.6764705882353,
          349.7549019607843
        ],
        [
          295.5882352941176,
          343.38235294117646
        ],
        [
          288.72549019607845,
          339.2156862745098
        ],
        [
          286.27450980392155,
          345.8333333333333
        ],
        [
          280.88235294117646,
          349.01960784313724
        ],
        [
          275.0,
          344.11764705882354
        ],
        [
          278.4313725490196,
          336.02941176470586
        ],
        [
          271.3235294117647,
          327.94117647058823
        ],
        [
          267.4019607843137,
          320.8333333333333
        ],
        [
          268.87254901960785,
          315.9313725490196
        ],
        [
          272.05882352941177,
          312.5
        ],
        [
          279.1666666666667,
          308.578431372549
        ],
        [
          284.55882352941177,
          306.8627450980392
        ]
      ],
      "group_id": null,
      "shape_type": "polygon",
      "flags": {}
    },
    {
      "label": "细胞核",
      "points": [
        [
          420.76677316293933,
          319.4888178913738
        ],
        [
          430.9904153354633,
          324.6006389776358
        ],
        [
          437.6996805111821,
          329.3929712460064
        ],
        [
          441.5335463258786,
          334.5047923322684
        ],
        [
          444.40894568690095,
          341.85303514377
        ],
        [
          444.72843450479235,
          347.9233226837061
        ],
        [
          441.5335463258786,
          352.3961661341853
        ],
        [
          435.4632587859425,
          356.5495207667732
        ],
        [
          428.4345047923323,
          360.70287539936106
        ],
        [
          420.76677316293933,
          363.89776357827475
        ],
        [
          414.6964856230032,
          359.1054313099042
        ],
        [
          410.54313099041536,
          357.5079872204473
        ],
        [
          406.3897763578275,
          357.5079872204473
        ],
        [
          399.68051118210866,
          354.3130990415336
        ],
        [
          396.1661341853035,
          351.75718849840257
        ],
        [
          394.56869009584665,
          344.72843450479235
        ],
        [
          393.9297124600639,
          337.0607028753994
        ],
        [
          396.4856230031949,
          327.79552715654955
        ],
        [
          402.8753993610224,
          322.3642172523962
        ],
        [
          409.9041533546326,
          319.8083067092652
        ]
      ],
      "group_id": null,
      "shape_type": "polygon",
      "flags": {}
    },
    {
      "label": "细胞膜",
      "points": [
        [
          432.26837060702877,
          314.05750798722045
        ],
        [
          445.3674121405751,
          316.29392971246006
        ],
        [
          457.82747603833866,
          325.23961661341855
        ],
        [
          465.814696485623,
          335.4632587859425
        ],
        [
          470.28753993610223,
          344.0894568690096
        ],
        [
          468.0511182108626,
          353.9936102236422
        ],
        [
          460.06389776357827,
          361.3418530351438
        ],
        [
          453.67412140575084,
          367.4121405750799
        ],
        [
          442.8115015974441,
          371.8849840255591
        ],
        [
          429.3929712460064,
          375.7188498402556
        ],
        [
          422.0447284345048,
          377.31629392971246
        ],
        [
          413.4185303514377,
          373.8019169329074
        ],
        [
          402.8753993610224,
          366.45367412140575
        ],
        [
          393.9297124600639,
          357.82747603833866
        ],
        [
          387.8594249201278,
          348.8817891373802
        ],
        [
          382.42811501597447,
          338.0191693290735
        ],
        [
          380.5111821086262,
          326.8370607028754
        ],
        [
          383.70607028753994,
          317.8913738019169
        ],
        [
          388.17891373801916,
          319.4888178913738
        ],
        [
          392.9712460063898,
          315.9744408945687
        ],
        [
          401.27795527156553,
          311.50159744408944
        ],
        [
          412.779552715655,
          311.82108626198084
        ],
        [
          422.0447284345048,
          313.7380191693291
        ]
      ],
      "group_id": null,
      "shape_type": "polygon",
      "flags": {}
    },
    {
      "label": "细胞核",
      "points": [
        [
          136.4439834024896,
          373.0290456431535
        ],
        [
          143.9128630705394,
          378.4232365145228
        ],
        [
          146.8174273858921,
          385.47717842323647
        ],
        [
          143.9128630705394,
          394.6058091286307
        ],
        [
          139.76348547717842,
          403.3195020746888
        ],
        [
          134.36929460580913,
          410.7883817427386
        ],
        [
          128.14522821576762,
          419.50207468879665
        ],
        [
          119.01659751037343,
          421.16182572614105
        ],
        [
          110.71784232365144,
          418.67219917012443
        ],
        [
          106.15352697095435,
          412.448132780083
        ],
        [
          106.98340248962654,
          404.9792531120332
        ],
        [
          111.94539249146757,
          396.9283276450512
        ],
        [
          114.67576791808874,
          389.07849829351534
        ],
        [
          118.77133105802046,
          382.25255972696243
        ],
        [
          123.20819112627986,
          377.4744027303754
        ],
        [
          129.0102389078498,
          373.37883959044365
        ]
      ],
      "group_id": null,
      "shape_type": "polygon",
      "flags": {}
    },
    {
      "label": "细胞膜",
      "points": [
        [
          144.36860068259384,
          354.26621160409553
        ],
        [
          155.63139931740614,
          360.40955631399316
        ],
        [
          155.2901023890785,
          370.6484641638225
        ],
        [
          151.5358361774744,
          381.2286689419795
        ],
        [
          147.09897610921502,
          393.1740614334471
        ],
        [
          142.320819112628,
          404.43686006825936
        ],
        [
          135.49488054607508,
          415.358361774744
        ],
        [
          128.66894197952217,
          425.2559726962457
        ],
        [
          123.20819112627986,
          434.47098976109214
        ],
        [
          116.7235494880546,
          444.0273037542662
        ],
        [
          110.23890784982935,
          454.9488054607508
        ],
        [
          105.11945392491467,
          466.8941979522184
        ],
        [
          97.95221843003412,
          473.37883959044365
        ],
        [
          90.10238907849829,
          481.56996587030716
        ],
        [
          83.27645051194538,
          479.8634812286689
        ],
        [
          76.79180887372013,
          477.81569965870307
        ],
        [
          80.54607508532423,
          468.9419795221843
        ],
        [
          83.95904436860067,
          456.3139931740614
        ],
        [
          88.05460750853241,
          446.4163822525597
        ],
        [
          91.80887372013652,
          437.2013651877133
        ],
        [
          96.58703071672355,
          424.23208191126275
        ],
        [
          102.73037542662115,
          410.580204778157
        ],
        [
          106.48464163822526,
          402.0477815699658
        ],
        [
          112.96928327645051,
          391.8088737201365
        ],
        [
          116.04095563139931,
          382.9351535836177
        ],
        [
          120.13651877133105,
          376.79180887372013
        ],
        [
          125.59726962457337,
          372.3549488054607
        ],
        [
          132.76450511945393,
          362.45733788395904
        ],
        [
          137.54266211604096,
          356.9965870307167
        ]
      ],
      "group_id": null,
      "shape_type": "polygon",
      "flags": {}
    },
    {
      "label": "细胞核",
      "points": [
        [
          139.04494382022472,
          435.1123595505618
        ],
        [
          146.62921348314606,
          439.3258426966292
        ],
        [
          151.96629213483146,
          444.6629213483146
        ],
        [
          155.0561797752809,
          454.2134831460674
        ],
        [
          156.46067415730337,
          462.64044943820227
        ],
        [
          155.61797752808988,
          474.1573033707865
        ],
        [
          151.12359550561797,
          481.17977528089887
        ],
        [
          146.91011235955057,
          487.35955056179773
        ],
        [
          141.2921348314607,
          487.35955056179773
        ],
        [
          135.67415730337078,
          485.6741573033708
        ],
        [
          128.08988764044943,
          481.46067415730334
        ],
        [
          125.56179775280899,
          476.96629213483146
        ],
        [
          123.31460674157303,
          469.3820224719101
        ],
        [
          121.06741573033707,
          462.07865168539325
        ],
        [
          121.91011235955057,
          451.685393258427
        ],
        [
          125.28089887640449,
          443.82022471910113
        ],
        [
          129.7752808988764,
          436.7977528089888
        ]
      ],
      "group_id": null,
      "shape_type": "polygon",
      "flags": {}
    },
    {
      "label": "细胞膜",
      "points": [
        [
          142.69662921348313,
          419.6629213483146
        ],
        [
          153.37078651685394,
          429.4943820224719
        ],
        [
          158.98876404494382,
          442.13483146067415
        ],
        [
          160.95505617977528,
          454.4943820224719
        ],
        [
          160.3932584269663,
          467.4157303370786
        ],
        [
          157.86516853932585,
          477.80898876404495
        ],
        [
          152.80898876404495,
          487.35955056179773
        ],
        [
          147.19101123595505,
          492.13483146067415
        ],
        [
          142.97752808988764,
          495.50561797752806
        ],
        [
          135.95505617977528,
          490.1685393258427
        ],
        [
          125.0,
          482.02247191011236
        ],
        [
          119.66292134831461,
          473.03370786516854
        ],
        [
          114.04494382022472,
          460.6741573033708
        ],
        [
          117.41573033707866,
          450.56179775280896
        ],
        [
          121.06741573033707,
          440.44943820224717
        ],
        [
          126.68539325842697,
          432.02247191011236
        ],
        [
          131.74157303370785,
          423.5955056179775
        ],
        [
          136.23595505617976,
          420.7865168539326
        ]
      ],
      "group_id": null,
      "shape_type": "polygon",
      "flags": {}
    },
    {
      "label": "细胞核",
      "points": [
        [
          230.35714285714283,
          376.4285714285714
        ],
        [
          238.2142857142857,
          372.85714285714283
        ],
        [
          247.85714285714283,
          374.2857142857143
        ],
        [
          256.4285714285714,
          379.6428571428571
        ],
        [
          258.9285714285714,
          388.9285714285714
        ],
        [
          256.4285714285714,
          397.85714285714283
        ],
        [
          250.35714285714283,
          406.7857142857142
        ],
        [
          243.57142857142856,
          413.57142857142856
        ],
        [
          237.85714285714283,
          417.85714285714283
        ],
        [
          228.2142857142857,
          418.21428571428567
        ],
        [
          218.57142857142856,
          418.21428571428567
        ],
        [
          211.42857142857142,
          414.99999999999994
        ],
        [
          208.2142857142857,
          409.2857142857142
        ],
        [
          205.35714285714283,
          398.9285714285714
        ],
        [
          206.42857142857142,
          391.07142857142856
        ],
        [
          212.49999999999997,
          385.35714285714283
        ],
        [
          219.6428571428571,
          380.71428571428567
        ]
      ],
      "group_id": null,
      "shape_type": "polygon",
      "flags": {}
    },
    {
      "label": "细胞膜",
      "points": [
        [
          238.57142857142856,
          367.1428571428571
        ],
        [
          251.42857142857142,
          367.85714285714283
        ],
        [
          263.21428571428567,
          368.9285714285714
        ],
        [
          274.6428571428571,
          370.71428571428567
        ],
        [
          283.57142857142856,
          374.2857142857143
        ],
        [
          291.4285714285714,
          379.2857142857143
        ],
        [
          302.85714285714283,
          381.7857142857143
        ],
        [
          303.57142857142856,
          388.9285714285714
        ],
        [
          297.85714285714283,
          399.6428571428571
        ],
        [
          286.07142857142856,
          408.9285714285714
        ],
        [
          275.0,
          413.9285714285714
        ],
        [
          260.71428571428567,
          418.9285714285714
        ],
        [
          246.78571428571425,
          422.1428571428571
        ],
        [
          235.35714285714283,
          423.9285714285714
        ],
        [
          219.28571428571428,
          423.21428571428567
        ],
        [
          211.42857142857142,
          420.71428571428567
        ],
        [
          202.49999999999997,
          414.2857142857142
        ],
        [
          191.78571428571428,
          406.07142857142856
        ],
        [
          188.2142857142857,
          396.7857142857142
        ],
        [
          193.57142857142856,
          386.07142857142856
        ],
        [
          201.78571428571428,
          378.21428571428567
        ],
        [
          211.78571428571428,
          372.49999999999994
        ],
        [
          222.85714285714283,
          367.1428571428571
        ]
      ],
      "group_id": null,
      "shape_type": "polygon",
      "flags": {}
    },
    {
      "label": "细胞核",
      "points": [
        [
          214.02877697841726,
          437.410071942446
        ],
        [
          224.1007194244604,
          438.4892086330935
        ],
        [
          232.73381294964025,
          445.3237410071942
        ],
        [
          238.12949640287766,
          452.87769784172656
        ],
        [
          240.64748201438846,
          460.79136690647476
        ],
        [
          238.84892086330933,
          470.1438848920863
        ],
        [
          233.81294964028774,
          476.2589928057553
        ],
        [
          227.33812949640287,
          480.21582733812943
        ],
        [
          220.86330935251797,
          484.17266187050353
        ],
        [
          211.51079136690646,
          483.4532374100719
        ],
        [
          203.59712230215825,
          479.85611510791364
        ],
        [
          194.60431654676256,
          468.3453237410072
        ],
        [
          192.0863309352518,
          461.51079136690646
        ],
        [
          192.0863309352518,
          454.3165467625899
        ],
        [
          197.12230215827336,
          451.07913669064743
        ],
        [
          201.43884892086328,
          443.1654676258992
        ],
        [
          207.91366906474818,
          438.4892086330935
        ]
      ],
      "group_id": null,
      "shape_type": "polygon",
      "flags": {}
    },
    {
      "label": "细胞膜",
      "points": [
        [
          213.6690647482014,
          430.9352517985611
        ],
        [
          225.89928057553954,
          429.136690647482
        ],
        [
          237.41007194244602,
          426.6187050359712
        ],
        [
          253.59712230215825,
          424.4604316546762
        ],
        [
          267.62589928057554,
          425.1798561151079
        ],
        [
          275.53956834532374,
          430.2158273381295
        ],
        [
          278.77697841726615,
          437.76978417266184
        ],
        [
          278.41726618705036,
          447.84172661870497
        ],
        [
          273.38129496402877,
          456.47482014388487
        ],
        [
          264.0287769784172,
          463.6690647482014
        ],
        [
          253.95683453237407,
          469.78417266187046
        ],
        [
          243.52517985611507,
          475.1798561151079
        ],
        [
          233.0935251798561,
          481.2949640287769
        ],
        [
          223.02158273381292,
          486.69064748201436
        ],
        [
          212.94964028776977,
          487.76978417266184
        ],
        [
          206.11510791366905,
          488.12949640287763
        ],
        [
          197.12230215827336,
          487.05035971223015
        ],
        [
          190.28776978417264,
          482.3741007194244
        ],
        [
          185.97122302158272,
          475.89928057553954
        ],
        [
          186.33093525179854,
          462.5899280575539
        ],
        [
          187.76978417266184,
          452.51798561151077
        ],
        [
          191.72661870503595,
          444.60431654676256
        ],
        [
          198.56115107913666,
          435.61151079136687
        ]
      ],
      "group_id": null,
      "shape_type": "polygon",
      "flags": {}
    },
    {
      "label": "细胞核",
      "points": [
        [
          358.99280575539564,
          430.9352517985611
        ],
        [
          369.42446043165467,
          429.136690647482
        ],
        [
          379.4964028776978,
          431.65467625899277
        ],
        [
          386.69064748201436,
          437.410071942446
        ],
        [
          389.56834532374097,
          444.60431654676256
        ],
        [
          391.3669064748201,
          453.59712230215825
        ],
        [
          390.2877697841726,
          461.1510791366906
        ],
        [
          383.0935251798561,
          467.6258992805755
        ],
        [
          375.89928057553954,
          472.6618705035971
        ],
        [
          367.98561151079133,
          476.6187050359712
        ],
        [
          359.71223021582733,
          476.978417266187
        ],
        [
          351.4388489208633,
          476.6187050359712
        ],
        [
          342.80575539568343,
          473.74100719424456
        ],
        [
          337.76978417266184,
          467.98561151079133
        ],
        [
          335.2517985611511,
          459.7122302158273
        ],
        [
          338.1294964028777,
          449.99999999999994
        ],
        [
          344.60431654676256,
          441.00719424460425
        ],
        [
          350.3597122302158,
          435.61151079136687
        ]
      ],
      "group_id": null,
      "shape_type": "polygon",
      "flags": {}
    },
    {
      "label": "细胞膜",
      "points": [
        [
          368.8427299703264,
          403.2640949554896
        ],
        [
          381.00890207715133,
          407.1216617210682
        ],
        [
          392.5816023738872,
          413.05637982195844
        ],
        [
          397.0326409495549,
          418.99109792284867
        ],
        [
          403.2640949554896,
          426.4094955489614
        ],
        [
          406.8249258160237,
          433.23442136498517
        ],
        [
          408.0118694362018,
          442.7299703264095
        ],
        [
          402.07715133531156,
          451.0385756676558
        ],
        [
          395.84569732937683,
          458.160237388724
        ],
        [
          389.3175074183976,
          464.9851632047478
        ],
        [
          380.71216617210683,
          472.106824925816
        ],
        [
          369.73293768545994,
          478.6350148367952
        ],
        [
          362.31454005934717,
          483.0860534124629
        ],
        [
          355.48961424332344,
          489.3175074183976
        ],
        [
          341.24629080118694,
          497.3293768545994
        ],
        [
          332.6409495548961,
          494.6587537091988
        ],
        [
          323.73887240356083,
          491.9881305637982
        ],
        [
          314.8367952522255,
          486.94362017804156
        ],
        [
          307.4183976261128,
          477.15133531157267
        ],
        [
          302.6706231454006,
          468.5459940652819
        ],
        [
          300.0,
          460.5341246290801
        ],
        [
          302.37388724035605,
          445.40059347181005
        ],
        [
          305.63798219584567,
          434.42136498516317
        ],
        [
          313.64985163204744,
          424.03560830860533
        ],
        [
          323.1454005934718,
          415.4302670623145
        ],
        [
          334.7181008902077,
          407.1216617210682
        ],
        [
          345.6973293768546,
          404.1543026706231
        ],
        [
          358.160237388724,
          402.07715133531156
        ]
      ],
      "group_id": null,
      "shape_type": "polygon",
      "flags": {}
    },
    {
      "label": "细胞核",
      "points": [
        [
          472.4137931034483,
          417.2413793103448
        ],
        [
          487.93103448275866,
          413.44827586206895
        ],
        [
          501.3793103448276,
          413.44827586206895
        ],
        [
          510.3448275862069,
          415.51724137931035
        ],
        [
          511,
          445
        ],
        [
          503.44827586206895,
          451.3793103448276
        ],
        [
          493.7931034482759,
          454.1379310344828
        ],
        [
          484.82758620689657,
          455.86206896551727
        ],
        [
          473.44827586206895,
          456.2068965517241
        ],
        [
          459.65517241379314,
          451.0344827586207
        ],
        [
          455.51724137931035,
          444.82758620689657
        ],
        [
          457.2413793103448,
          431.7241379310345
        ],
        [
          462.7586206896552,
          422.7586206896552
        ]
      ],
      "group_id": null,
      "shape_type": "polygon",
      "flags": {}
    },
    {
      "label": "细胞膜",
      "points": [
        [
          503.44827586206895,
          411.0344827586207
        ],
        [
          494.1379310344828,
          411.3793103448276
        ],
        [
          483.44827586206895,
          412.4137931034483
        ],
        [
          471.0344827586207,
          414.48275862068965
        ],
        [
          458.2758620689655,
          414.82758620689657
        ],
        [
          447.2413793103448,
          414.82758620689657
        ],
        [
          435.86206896551727,
          418.9655172413793
        ],
        [
          430.6896551724138,
          426.55172413793105
        ],
        [
          435.1724137931035,
          434.48275862068965
        ],
        [
          441.3793103448276,
          443.7931034482759
        ],
        [
          446.89655172413796,
          453.44827586206895
        ],
        [
          454.1379310344828,
          463.44827586206895
        ],
        [
          463.44827586206895,
          469.65517241379314
        ],
        [
          476.55172413793105,
          473.1034482758621
        ],
        [
          484.82758620689657,
          470.3448275862069
        ],
        [
          497.93103448275866,
          468.62068965517244
        ],
        [
          511.0,
          459.0
        ],
        [
          510.68965517241384,
          410.3448275862069
        ]
      ],
      "group_id": null,
      "shape_type": "polygon",
      "flags": {}
    },
    {
      "label": "细胞核",
      "points": [
        [
          510.79999999999995,
          86.8
        ],
        [
          504.79999999999995,
          92.4
        ],
        [
          500.4,
          99.2
        ],
        [
          498.79999999999995,
          107.2
        ],
        [
          500.0,
          115.2
        ],
        [
          504.0,
          121.2
        ],
        [
          511,
          125
        ]
      ],
      "group_id": null,
      "shape_type": "polygon",
      "flags": {}
    },
    {
      "label": "细胞膜",
      "points": [
        [
          511.0,
          82.0
        ],
        [
          500.0,
          84.8
        ],
        [
          504.4,
          78.4
        ],
        [
          493.20000000000005,
          78.4
        ],
        [
          488.0,
          84.8
        ],
        [
          479.6,
          90.4
        ],
        [
          471.2,
          95.2
        ],
        [
          475.6,
          103.6
        ],
        [
          476.8,
          112.8
        ],
        [
          482.0,
          121.2
        ],
        [
          492.0,
          129.6
        ],
        [
          506.0,
          135.6
        ],
        [
          511,
          137
        ]
      ],
      "group_id": null,
      "shape_type": "polygon",
      "flags": {}
    }
  ],
  "imagePath": "2d2da0b8-bba1-11e8-b2b9-ac1f6b6435d0_dst.png",
  "imageData": null,
  "imageHeight": 512,
  "imageWidth": 512
}