{
  "version": "4.5.6",
  "flags": {},
  "shapes": [
    {
      "label": "细胞核",
      "points": [
        [
          74.76719576719574,
          0.5238095238095237
        ],
        [
          79.5291005291005,
          6.873015873015872
        ],
        [
          88.52380952380952,
          14.280423280423278
        ],
        [
          101.2222222222222,
          13.222222222222221
        ],
        [
          107.04232804232802,
          5.285714285714285
        ],
        [
          108,
          0
        ]
      ],
      "group_id": null,
      "shape_type": "polygon",
      "flags": {}
    },
    {
      "label": "细胞膜",
      "points": [
        [
          67.0,
          0.0
        ],
        [
          74.76719576719574,
          8.989417989417987
        ],
        [
          79.0,
          15.867724867724867
        ],
        [
          85.87830687830686,
          30.15343915343915
        ],
        [
          93.28571428571428,
          44.96825396825396
        ],
        [
          108.10052910052909,
          66.66137566137566
        ],
        [
          119.74074074074073,
          93.11640211640211
        ],
        [
          118.68253968253967,
          60.841269841269835
        ],
        [
          121.85714285714283,
          39.148148148148145
        ],
        [
          116.56613756613754,
          25.920634920634917
        ],
        [
          117.0,
          0.0
        ]
      ],
      "group_id": null,
      "shape_type": "polygon",
      "flags": {}
    },
    {
      "label": "细胞核",
      "points": [
        [
          156.92647058823528,
          12.867647058823529
        ],
        [
          165.75,
          17.27941176470588
        ],
        [
          169.7941176470588,
          23.89705882352941
        ],
        [
          176.0441176470588,
          35.66176470588235
        ],
        [
          178.25,
          44.48529411764706
        ],
        [
          180.45588235294116,
          52.94117647058823
        ],
        [
          180.8235294117647,
          63.60294117647059
        ],
        [
          177.88235294117646,
          71.69117647058823
        ],
        [
          172.73529411764704,
          79.41176470588235
        ],
        [
          165.01470588235293,
          79.77941176470587
        ],
        [
          158.02941176470588,
          78.30882352941175
        ],
        [
          151.77941176470588,
          75.36764705882352
        ],
        [
          148.47058823529412,
          69.11764705882352
        ],
        [
          144.05882352941177,
          59.55882352941176
        ],
        [
          142.22058823529412,
          48.16176470588235
        ],
        [
          142.22058823529412,
          38.970588235294116
        ],
        [
          142.58823529411762,
          27.941176470588232
        ],
        [
          144.7941176470588,
          18.38235294117647
        ],
        [
          148.47058823529412,
          13.235294117647058
        ]
      ],
      "group_id": null,
      "shape_type": "polygon",
      "flags": {}
    },
    {
      "label": "细胞膜",
      "points": [
        [
          166.48529411764704,
          0.7352941176470588
        ],
        [
          170.8970588235294,
          11.397058823529411
        ],
        [
          173.83823529411762,
          22.058823529411764
        ],
        [
          180.8235294117647,
          34.55882352941176
        ],
        [
          184.8676470588235,
          50.73529411764706
        ],
        [
          187.0735294117647,
          60.29411764705882
        ],
        [
          188.5441176470588,
          71.69117647058823
        ],
        [
          192.95588235294116,
          83.8235294117647
        ],
        [
          199.94117647058823,
          100.36764705882352
        ],
        [
          206.92647058823528,
          112.13235294117646
        ],
        [
          212.44117647058823,
          123.52941176470587
        ],
        [
          203.24999999999997,
          123.52941176470587
        ],
        [
          186.33823529411762,
          123.8970588235294
        ],
        [
          174.5735294117647,
          123.16176470588235
        ],
        [
          160.23529411764704,
          111.02941176470587
        ],
        [
          154.72058823529412,
          96.3235294117647
        ],
        [
          146.26470588235293,
          86.76470588235294
        ],
        [
          138.91176470588235,
          70.95588235294117
        ],
        [
          134.8676470588235,
          44.48529411764706
        ],
        [
          136.33823529411762,
          30.51470588235294
        ],
        [
          137.0735294117647,
          13.602941176470587
        ],
        [
          138.0,
          0.0
        ]
      ],
      "group_id": null,
      "shape_type": "polygon",
      "flags": {}
    },
    {
      "label": "细胞核",
      "points": [
        [
          268.9189189189189,
          24.324324324324326
        ],
        [
          277.7027027027027,
          27.364864864864867
        ],
        [
          283.7837837837838,
          32.432432432432435
        ],
        [
          288.85135135135135,
          41.891891891891895
        ],
        [
          292.9054054054054,
          47.2972972972973
        ],
        [
          295.6081081081081,
          59.45945945945946
        ],
        [
          294.5945945945946,
          66.21621621621621
        ],
        [
          289.86486486486484,
          72.29729729729729
        ],
        [
          285.81081081081084,
          79.39189189189189
        ],
        [
          283.1081081081081,
          87.5
        ],
        [
          282.0945945945946,
          94.5945945945946
        ],
        [
          278.3783783783784,
          100.0
        ],
        [
          271.9594594594595,
          100.0
        ],
        [
          264.18918918918916,
          95.60810810810811
        ],
        [
          258.44594594594594,
          91.55405405405405
        ],
        [
          253.71621621621622,
          85.8108108108108
        ],
        [
          250.0,
          79.39189189189189
        ],
        [
          247.2972972972973,
          68.91891891891892
        ],
        [
          247.97297297297297,
          60.472972972972975
        ],
        [
          247.97297297297297,
          50.67567567567568
        ],
        [
          250.0,
          41.21621621621622
        ],
        [
          252.36486486486487,
          33.445945945945944
        ],
        [
          258.1081081081081,
          27.027027027027028
        ],
        [
          263.1756756756757,
          23.986486486486488
        ]
      ],
      "group_id": null,
      "shape_type": "polygon",
      "flags": {}
    },
    {
      "label": "细胞膜",
      "points": [
        [
          271.9594594594595,
          6.756756756756757
        ],
        [
          281.4189189189189,
          17.56756756756757
        ],
        [
          287.1621621621622,
          27.364864864864867
        ],
        [
          293.2432432432432,
          37.5
        ],
        [
          298.64864864864865,
          47.2972972972973
        ],
        [
          304.3918918918919,
          64.1891891891892
        ],
        [
          309.7972972972973,
          75.33783783783784
        ],
        [
          314.86486486486484,
          85.13513513513513
        ],
        [
          317.9054054054054,
          97.97297297297297
        ],
        [
          318.2432432432432,
          110.8108108108108
        ],
        [
          318.5810810810811,
          124.66216216216216
        ],
        [
          317.22972972972974,
          137.83783783783784
        ],
        [
          314.86486486486484,
          147.2972972972973
        ],
        [
          305.06756756756755,
          143.24324324324326
        ],
        [
          293.9189189189189,
          132.77027027027026
        ],
        [
          281.0810810810811,
          121.28378378378379
        ],
        [
          270.27027027027026,
          112.16216216216216
        ],
        [
          261.4864864864865,
          106.08108108108108
        ],
        [
          253.3783783783784,
          97.63513513513513
        ],
        [
          245.94594594594594,
          86.14864864864865
        ],
        [
          242.90540540540542,
          72.63513513513513
        ],
        [
          240.54054054054055,
          54.72972972972973
        ],
        [
          240.8783783783784,
          40.54054054054054
        ],
        [
          243.5810810810811,
          22.2972972972973
        ],
        [
          245.27027027027026,
          12.162162162162163
        ],
        [
          252.36486486486487,
          7.77027027027027
        ],
        [
          259.7972972972973,
          5.405405405405405
        ]
      ],
      "group_id": null,
      "shape_type": "polygon",
      "flags": {}
    },
    {
      "label": "细胞核",
      "points": [
        [
          49.1761658031088,
          52.95854922279793
        ],
        [
          55.9119170984456,
          62.28497409326425
        ],
        [
          61.093264248704656,
          71.61139896373058
        ],
        [
          65.75647668393782,
          84.04663212435233
        ],
        [
          70.48648648648648,
          98.84169884169884
        ],
        [
          70.48648648648648,
          113.89961389961391
        ],
        [
          68.34715025906738,
          123.42487046632125
        ],
        [
          62.647668393782396,
          130.16062176165804
        ],
        [
          54.87564766839378,
          131.71502590673575
        ],
        [
          45.549222797927456,
          127.05181347150258
        ],
        [
          39.33160621761658,
          118.24352331606218
        ],
        [
          35.704663212435236,
          106.84455958549223
        ],
        [
          30.005181347150256,
          96.48186528497409
        ],
        [
          29.48704663212436,
          84.56476683937824
        ],
        [
          28.96891191709844,
          73.6839378238342
        ],
        [
          31.559585492227995,
          62.80310880829016
        ],
        [
          33.42084942084942,
          56.37065637065638
        ],
        [
          42.95854922279793,
          51.92227979274612
        ]
      ],
      "group_id": null,
      "shape_type": "polygon",
      "flags": {}
    },
    {
      "label": "细胞膜",
      "points": [
        [
          51.95366795366796,
          10.81081081081081
        ],
        [
          59.289575289575296,
          25.482625482625483
        ],
        [
          65.85328185328186,
          40.15444015444016
        ],
        [
          69.71428571428572,
          54.82625482625483
        ],
        [
          73.1891891891892,
          69.11196911196912
        ],
        [
          74.73359073359075,
          84.94208494208495
        ],
        [
          77.82239382239382,
          97.2972972972973
        ],
        [
          77.82239382239382,
          110.42471042471043
        ],
        [
          80.13899613899615,
          124.71042471042472
        ],
        [
          80.13899613899615,
          133.97683397683397
        ],
        [
          77.43629343629344,
          145.17374517374517
        ],
        [
          74.73359073359075,
          153.2818532818533
        ],
        [
          73.96138996138997,
          164.86486486486487
        ],
        [
          69.32818532818533,
          164.47876447876448
        ],
        [
          64.30888030888032,
          161.3899613899614
        ],
        [
          55.04247104247105,
          152.5096525096525
        ],
        [
          49.25096525096525,
          142.0849420849421
        ],
        [
          40.75675675675676,
          130.5019305019305
        ],
        [
          33.42084942084942,
          115.83011583011583
        ],
        [
          24.92664092664093,
          93.05019305019306
        ],
        [
          23.76833976833977,
          75.2895752895753
        ],
        [
          25.698841698841704,
          58.3011583011583
        ],
        [
          29.559845559845563,
          45.173745173745175
        ],
        [
          33.03474903474904,
          32.81853281853282
        ],
        [
          31.490347490347496,
          16.216216216216218
        ],
        [
          40.37065637065638,
          13.127413127413128
        ]
      ],
      "group_id": null,
      "shape_type": "polygon",
      "flags": {}
    },
    {
      "label": "细胞核",
      "points": [
        [
          195.03311258278146,
          180.13245033112582
        ],
        [
          205.6291390728477,
          182.7814569536424
        ],
        [
          214.90066225165563,
          186.42384105960264
        ],
        [
          220.19867549668874,
          189.0728476821192
        ],
        [
          226.158940397351,
          193.3774834437086
        ],
        [
          231.12582781456953,
          198.01324503311258
        ],
        [
          233.4437086092715,
          202.64900662251657
        ],
        [
          233.11258278145695,
          208.60927152317882
        ],
        [
          230.79470198675497,
          211.25827814569536
        ],
        [
          226.158940397351,
          213.57615894039736
        ],
        [
          218.87417218543047,
          214.90066225165563
        ],
        [
          209.9337748344371,
          217.2185430463576
        ],
        [
          203.97350993377484,
          217.2185430463576
        ],
        [
          198.34437086092714,
          215.89403973509934
        ],
        [
          188.41059602649005,
          212.25165562913907
        ],
        [
          183.11258278145695,
          208.60927152317882
        ],
        [
          177.81456953642385,
          205.2980132450331
        ],
        [
          173.841059602649,
          201.65562913907286
        ],
        [
          169.20529801324503,
          197.68211920529802
        ],
        [
          167.2185430463576,
          190.39735099337747
        ],
        [
          168.21192052980132,
          184.10596026490066
        ],
        [
          171.19205298013244,
          179.47019867549668
        ],
        [
          176.82119205298014,
          177.48344370860926
        ],
        [
          182.4503311258278,
          177.48344370860926
        ],
        [
          189.0728476821192,
          178.47682119205297
        ]
      ],
      "group_id": null,
      "shape_type": "polygon",
      "flags": {}
    },
    {
      "label": "细胞膜",
      "points": [
        [
          184.7682119205298,
          173.841059602649
        ],
        [
          196.35761589403972,
          177.48344370860926
        ],
        [
          207.6158940397351,
          180.46357615894038
        ],
        [
          217.2185430463576,
          186.09271523178808
        ],
        [
          227.48344370860926,
          190.72847682119206
        ],
        [
          235.09933774834437,
          198.01324503311258
        ],
        [
          246.02649006622516,
          203.3112582781457
        ],
        [
          252.31788079470198,
          207.94701986754967
        ],
        [
          250.66225165562915,
          216.5562913907285
        ],
        [
          244.7019867549669,
          218.87417218543047
        ],
        [
          232.4503311258278,
          218.87417218543047
        ],
        [
          224.17218543046357,
          219.20529801324503
        ],
        [
          216.88741721854305,
          220.5298013245033
        ],
        [
          206.2913907284768,
          220.19867549668874
        ],
        [
          195.6953642384106,
          218.54304635761588
        ],
        [
          184.10596026490066,
          215.56291390728478
        ],
        [
          172.5165562913907,
          208.94039735099338
        ],
        [
          162.25165562913907,
          199.33774834437085
        ],
        [
          155.96026490066225,
          194.03973509933775
        ],
        [
          156.2913907284768,
          186.09271523178808
        ],
        [
          154.3046357615894,
          176.82119205298014
        ],
        [
          161.58940397350995,
          170.86092715231788
        ],
        [
          169.53642384105962,
          167.5496688741722
        ],
        [
          175.16556291390728,
          169.86754966887418
        ]
      ],
      "group_id": null,
      "shape_type": "polygon",
      "flags": {}
    },
    {
      "label": "细胞核",
      "points": [
        [
          256.68316831683165,
          164.35643564356437
        ],
        [
          265.5940594059406,
          167.82178217821783
        ],
        [
          272.5247524752475,
          170.2970297029703
        ],
        [
          281.18811881188117,
          176.98019801980197
        ],
        [
          282.4257425742574,
          183.16831683168317
        ],
        [
          281.43564356435644,
          188.6138613861386
        ],
        [
          277.970297029703,
          191.83168316831683
        ],
        [
          271.53465346534654,
          195.04950495049505
        ],
        [
          266.08910891089107,
          195.54455445544554
        ],
        [
          259.9009900990099,
          194.30693069306932
        ],
        [
          250.4950495049505,
          192.82178217821783
        ],
        [
          242.57425742574256,
          188.86138613861385
        ],
        [
          235.3960396039604,
          184.65346534653466
        ],
        [
          230.44554455445544,
          177.97029702970298
        ],
        [
          228.46534653465346,
          172.5247524752475
        ],
        [
          229.2079207920792,
          168.06930693069307
        ],
        [
          233.41584158415841,
          163.36633663366337
        ],
        [
          238.11881188118812,
          162.37623762376236
        ],
        [
          247.77227722772278,
          163.11881188118812
        ]
      ],
      "group_id": null,
      "shape_type": "polygon",
      "flags": {}
    },
    {
      "label": "细胞膜",
      "points": [
        [
          248.5148514851485,
          159.9009900990099
        ],
        [
          263.36633663366337,
          161.63366336633663
        ],
        [
          271.53465346534654,
          164.35643564356437
        ],
        [
          278.46534653465346,
          170.2970297029703
        ],
        [
          286.38613861386136,
          175.0
        ],
        [
          295.2970297029703,
          180.69306930693068
        ],
        [
          303.46534653465346,
          186.3861386138614
        ],
        [
          303.71287128712873,
          193.31683168316832
        ],
        [
          303.46534653465346,
          204.45544554455446
        ],
        [
          295.049504950495,
          203.7128712871287
        ],
        [
          281.9306930693069,
          203.96039603960395
        ],
        [
          268.0693069306931,
          202.72277227722773
        ],
        [
          260.8910891089109,
          201.4851485148515
        ],
        [
          250.0,
          196.2871287128713
        ],
        [
          240.84158415841583,
          191.83168316831683
        ],
        [
          229.2079207920792,
          186.88118811881188
        ],
        [
          220.2970297029703,
          182.4257425742574
        ],
        [
          209.40594059405942,
          178.21782178217822
        ],
        [
          202.47524752475246,
          172.5247524752475
        ],
        [
          193.06930693069307,
          167.57425742574256
        ],
        [
          191.0891089108911,
          162.37623762376236
        ],
        [
          200.24752475247524,
          161.3861386138614
        ],
        [
          209.40594059405942,
          159.40594059405942
        ],
        [
          219.30693069306932,
          158.16831683168317
        ],
        [
          232.17821782178217,
          158.16831683168317
        ],
        [
          240.59405940594058,
          158.16831683168317
        ]
      ],
      "group_id": null,
      "shape_type": "polygon",
      "flags": {}
    },
    {
      "label": "细胞核",
      "points": [
        [
          286.17021276595744,
          223.40425531914894
        ],
        [
          295.39007092198585,
          220.92198581560285
        ],
        [
          302.83687943262413,
          220.56737588652484
        ],
        [
          310.9929078014185,
          223.40425531914894
        ],
        [
          314.8936170212766,
          231.20567375886526
        ],
        [
          313.4751773049646,
          236.8794326241135
        ],
        [
          309.9290780141844,
          242.55319148936172
        ],
        [
          305.67375886524826,
          247.1631205673759
        ],
        [
          298.2269503546099,
          251.41843971631207
        ],
        [
          291.1347517730497,
          253.54609929078015
        ],
        [
          285.81560283687946,
          254.9645390070922
        ],
        [
          278.36879432624113,
          254.2553191489362
        ],
        [
          271.9858156028369,
          253.19148936170214
        ],
        [
          268.0851063829787,
          250.70921985815605
        ],
        [
          265.24822695035465,
          246.09929078014187
        ],
        [
          266.31205673758865,
          239.00709219858157
        ],
        [
          269.5035460992908,
          231.56028368794327
        ],
        [
          276.59574468085106,
          227.3049645390071
        ]
      ],
      "group_id": null,
      "shape_type": "polygon",
      "flags": {}
    },
    {
      "label": "细胞膜",
      "points": [
        [
          304.96453900709224,
          214.8936170212766
        ],
        [
          314.5390070921986,
          208.86524822695037
        ],
        [
          327.30496453900713,
          201.06382978723406
        ],
        [
          339.0070921985816,
          192.90780141843973
        ],
        [
          349.645390070922,
          189.36170212765958
        ],
        [
          345.0354609929078,
          200.35460992907804
        ],
        [
          341.1347517730497,
          209.21985815602838
        ],
        [
          336.17021276595744,
          220.92198581560285
        ],
        [
          328.36879432624113,
          231.56028368794327
        ],
        [
          323.40425531914894,
          238.29787234042556
        ],
        [
          318.0851063829787,
          244.6808510638298
        ],
        [
          305.3191489361702,
          251.77304964539007
        ],
        [
          294.3262411347518,
          255.31914893617022
        ],
        [
          285.10638297872345,
          258.51063829787233
        ],
        [
          270.92198581560285,
          263.12056737588654
        ],
        [
          261.7021276595745,
          263.4751773049646
        ],
        [
          252.1276595744681,
          259.5744680851064
        ],
        [
          241.48936170212767,
          250.70921985815605
        ],
        [
          240.07092198581563,
          242.90780141843973
        ],
        [
          249.645390070922,
          237.94326241134752
        ],
        [
          263.4751773049646,
          232.26950354609932
        ],
        [
          272.3404255319149,
          227.6595744680851
        ],
        [
          288.65248226950354,
          220.56737588652484
        ]
      ],
      "group_id": null,
      "shape_type": "polygon",
      "flags": {}
    },
    {
      "label": "细胞核",
      "points": [
        [
          447.6578411405295,
          194.70468431771894
        ],
        [
          452.95315682281057,
          197.5560081466395
        ],
        [
          456.8228105906314,
          201.62932790224033
        ],
        [
          459.2668024439918,
          205.49898167006108
        ],
        [
          461.30346232179227,
          209.979633401222
        ],
        [
          463.5437881873727,
          215.88594704684317
        ],
        [
          464.5621181262729,
          224.23625254582484
        ],
        [
          464.5621181262729,
          231.56822810590631
        ],
        [
          461.91446028513235,
          236.65987780040732
        ],
        [
          457.0264765784114,
          240.5295315682281
        ],
        [
          452.74949083503054,
          243.38085539714868
        ],
        [
          446.84317718940935,
          243.9918533604888
        ],
        [
          441.5478615071283,
          241.34419551934826
        ],
        [
          436.0488798370672,
          235.23421588594704
        ],
        [
          432.5865580448065,
          228.10590631364562
        ],
        [
          431.3645621181263,
          219.95926680244398
        ],
        [
          429.73523421588595,
          213.64562118126273
        ],
        [
          429.73523421588595,
          207.5356415478615
        ],
        [
          431.3645621181263,
          200.6109979633401
        ],
        [
          433.6048879837067,
          195.72301425661914
        ],
        [
          438.2892057026476,
          193.0753564154786
        ],
        [
          443.9918533604888,
          193.4826883910387
        ]
      ],
      "group_id": null,
      "shape_type": "polygon",
      "flags": {}
    },
    {
      "label": "细胞膜",
      "points": [
        [
          433.4269662921348,
          174.1573033707865
        ],
        [
          443.5393258426966,
          182.86516853932585
        ],
        [
          451.40449438202245,
          189.8876404494382
        ],
        [
          453.9325842696629,
          193.82022471910113
        ],
        [
          458.14606741573033,
          199.1573033707865
        ],
        [
          462.35955056179773,
          207.02247191011236
        ],
        [
          466.29213483146066,
          214.8876404494382
        ],
        [
          467.13483146067415,
          224.7191011235955
        ],
        [
          468.5393258426966,
          235.3932584269663
        ],
        [
          465.44943820224717,
          248.31460674157302
        ],
        [
          461.23595505617976,
          252.80898876404493
        ],
        [
          454.7752808988764,
          256.17977528089887
        ],
        [
          445.7865168539326,
          256.46067415730334
        ],
        [
          440.44943820224717,
          253.93258426966293
        ],
        [
          430.8988764044944,
          246.34831460674158
        ],
        [
          424.7191011235955,
          237.92134831460675
        ],
        [
          419.6629213483146,
          231.46067415730337
        ],
        [
          415.7303370786517,
          225.0
        ],
        [
          414.8876404494382,
          215.73033707865167
        ],
        [
          415.44943820224717,
          203.65168539325842
        ],
        [
          418.82022471910113,
          189.6067415730337
        ],
        [
          422.75280898876406,
          180.8988764044944
        ],
        [
          426.40449438202245,
          173.31460674157304
        ]
      ],
      "group_id": null,
      "shape_type": "polygon",
      "flags": {}
    },
    {
      "label": "细胞核",
      "points": [
        [
          163.0057803468208,
          251.73410404624278
        ],
        [
          172.54335260115607,
          254.33526011560693
        ],
        [
          185.2601156069364,
          259.2485549132948
        ],
        [
          195.95375722543352,
          263.8728323699422
        ],
        [
          208.67052023121389,
          271.67630057803467
        ],
        [
          219.364161849711,
          279.4797687861272
        ],
        [
          229.47976878612718,
          288.4393063583815
        ],
        [
          238.72832369942196,
          297.6878612716763
        ],
        [
          243.9306358381503,
          309.53757225433526
        ],
        [
          241.6184971098266,
          320.5202312138728
        ],
        [
          236.1271676300578,
          325.1445086705202
        ],
        [
          229.47976878612718,
          326.3005780346821
        ],
        [
          220.52023121387285,
          327.4566473988439
        ],
        [
          211.27167630057804,
          325.1445086705202
        ],
        [
          202.89017341040463,
          321.9653179190752
        ],
        [
          193.0635838150289,
          317.05202312138726
        ],
        [
          184.39306358381504,
          312.71676300578036
        ],
        [
          174.27745664739885,
          306.0693641618497
        ],
        [
          163.29479768786126,
          299.71098265895955
        ],
        [
          154.91329479768785,
          290.7514450867052
        ],
        [
          147.10982658959537,
          282.3699421965318
        ],
        [
          143.35260115606937,
          271.67630057803467
        ],
        [
          144.79768786127167,
          261.84971098265896
        ],
        [
          149.71098265895955,
          255.49132947976878
        ],
        [
          156.64739884393063,
          252.60115606936415
        ]
      ],
      "group_id": null,
      "shape_type": "polygon",
      "flags": {}
    },
    {
      "label": "细胞膜",
      "points": [
        [
          107.51445086705202,
          218.4971098265896
        ],
        [
          130.63583815028903,
          229.76878612716763
        ],
        [
          147.97687861271677,
          239.01734104046244
        ],
        [
          163.29479768786126,
          245.95375722543352
        ],
        [
          179.47976878612718,
          253.757225433526
        ],
        [
          191.6184971098266,
          258.09248554913296
        ],
        [
          208.3815028901734,
          268.2080924855491
        ],
        [
          225.14450867052022,
          278.0346820809249
        ],
        [
          243.0635838150289,
          293.0635838150289
        ],
        [
          261.5606936416185,
          308.3815028901734
        ],
        [
          282.65895953757223,
          322.8323699421965
        ],
        [
          297.6878612716763,
          335.83815028901734
        ],
        [
          313.5838150289017,
          345.08670520231215
        ],
        [
          315.60693641618496,
          349.4219653179191
        ],
        [
          307.514450867052,
          355.4913294797688
        ],
        [
          295.08670520231215,
          360.6936416184971
        ],
        [
          283.2369942196532,
          357.8034682080925
        ],
        [
          261.27167630057806,
          357.22543352601156
        ],
        [
          241.90751445086704,
          352.02312138728325
        ],
        [
          226.30057803468208,
          346.8208092485549
        ],
        [
          207.22543352601156,
          333.8150289017341
        ],
        [
          190.1734104046243,
          325.7225433526012
        ],
        [
          173.41040462427745,
          314.16184971098266
        ],
        [
          153.17919075144508,
          300.0
        ],
        [
          137.5722543352601,
          286.1271676300578
        ],
        [
          117.05202312138728,
          269.9421965317919
        ],
        [
          98.26589595375722,
          254.6242774566474
        ],
        [
          81.21387283236994,
          235.2601156069364
        ],
        [
          71.09826589595376,
          220.23121387283237
        ],
        [
          58.959537572254334,
          207.22543352601156
        ],
        [
          60.982658959537574,
          204.33526011560693
        ],
        [
          73.69942196531792,
          205.49132947976878
        ],
        [
          84.6820809248555,
          210.40462427745666
        ],
        [
          96.53179190751445,
          214.4508670520231
        ]
      ],
      "group_id": null,
      "shape_type": "polygon",
      "flags": {}
    },
    {
      "label": "细胞核",
      "points": [
        [
          356.55172413793105,
          287.2413793103448
        ],
        [
          361.7241379310345,
          292.0689655172414
        ],
        [
          364.1379310344828,
          297.58620689655174
        ],
        [
          366.55172413793105,
          305.51724137931035
        ],
        [
          365.86206896551727,
          312.4137931034483
        ],
        [
          364.82758620689657,
          318.2758620689655
        ],
        [
          362.0689655172414,
          323.7931034482759
        ],
        [
          358.2758620689655,
          328.2758620689655
        ],
        [
          353.1034482758621,
          329.3103448275862
        ],
        [
          345.17241379310343,
          326.89655172413796
        ],
        [
          338.62068965517244,
          320.3448275862069
        ],
        [
          334.48275862068965,
          313.1034482758621
        ],
        [
          330.3448275862069,
          303.44827586206895
        ],
        [
          330.3448275862069,
          296.55172413793105
        ],
        [
          334.48275862068965,
          290.3448275862069
        ],
        [
          338.9655172413793,
          286.55172413793105
        ],
        [
          345.86206896551727,
          284.48275862068965
        ]
      ],
      "group_id": null,
      "shape_type": "polygon",
      "flags": {}
    },
    {
      "label": "细胞膜",
      "points": [
        [
          354.48275862068965,
          282.41379310344826
        ],
        [
          363.7931034482759,
          289.3103448275862
        ],
        [
          367.2413793103448,
          297.2413793103448
        ],
        [
          368.62068965517244,
          307.2413793103448
        ],
        [
          368.62068965517244,
          321.7241379310345
        ],
        [
          365.1724137931035,
          328.9655172413793
        ],
        [
          359.65517241379314,
          333.1034482758621
        ],
        [
          351.3793103448276,
          334.48275862068965
        ],
        [
          339.65517241379314,
          336.2068965517241
        ],
        [
          331.3793103448276,
          332.0689655172414
        ],
        [
          322.0689655172414,
          327.58620689655174
        ],
        [
          315.51724137931035,
          320.6896551724138
        ],
        [
          312.7586206896552,
          312.4137931034483
        ],
        [
          313.1034482758621,
          299.65517241379314
        ],
        [
          318.62068965517244,
          290.0
        ],
        [
          328.9655172413793,
          285.17241379310343
        ],
        [
          340.0,
          280.6896551724138
        ]
      ],
      "group_id": null,
      "shape_type": "polygon",
      "flags": {}
    },
    {
      "label": "细胞核",
      "points": [
        [
          431.2320916905444,
          288.538681948424
        ],
        [
          442.9799426934097,
          288.538681948424
        ],
        [
          451.57593123209165,
          291.69054441260744
        ],
        [
          455.58739255014325,
          298.567335243553
        ],
        [
          454.44126074498564,
          303.7249283667622
        ],
        [
          451.0028653295129,
          307.4498567335243
        ],
        [
          448.71060171919765,
          311.1747851002865
        ],
        [
          444.12607449856733,
          313.1805157593123
        ],
        [
          439.54154727793696,
          317.7650429799427
        ],
        [
          434.0974212034384,
          320.34383954154725
        ],
        [
          429.2263610315186,
          321.7765042979942
        ],
        [
          420.91690544412603,
          320.63037249283667
        ],
        [
          416.0458452722063,
          319.48424068767906
        ],
        [
          410.3151862464183,
          315.47277936962746
        ],
        [
          408.88252148997134,
          309.1690544412607
        ],
        [
          408.5959885386819,
          303.7249283667622
        ],
        [
          411.1747851002865,
          298.2808022922636
        ],
        [
          414.8997134670487,
          292.83667621776505
        ],
        [
          420.05730659025784,
          289.3982808022922
        ],
        [
          425.21489971346705,
          289.3982808022922
        ]
      ],
      "group_id": null,
      "shape_type": "polygon",
      "flags": {}
    },
    {
      "label": "细胞膜",
      "points": [
        [
          432.66475644699136,
          285.10028653295126
        ],
        [
          446.4183381088825,
          284.5272206303725
        ],
        [
          457.8796561604584,
          284.8137535816619
        ],
        [
          464.4699140401146,
          283.09455587392546
        ],
        [
          474.2120343839541,
          277.0773638968481
        ],
        [
          480.8022922636103,
          284.8137535816619
        ],
        [
          479.9426934097421,
          291.69054441260744
        ],
        [
          471.63323782234954,
          298.567335243553
        ],
        [
          468.76790830945555,
          305.15759312320915
        ],
        [
          461.6045845272206,
          312.6074498567335
        ],
        [
          452.72206303724926,
          318.33810888252145
        ],
        [
          444.6991404011461,
          321.48997134670486
        ],
        [
          428.6532951289398,
          323.78223495702
        ],
        [
          422.6361031518624,
          324.35530085959886
        ],
        [
          408.88252148997134,
          321.20343839541545
        ],
        [
          403.72492836676213,
          316.3323782234957
        ],
        [
          397.7077363896848,
          308.88252148997134
        ],
        [
          400.0,
          300.8595988538682
        ],
        [
          411.4613180515759,
          290.25787965616047
        ],
        [
          420.34383954154725,
          286.81948424068764
        ]
      ],
      "group_id": null,
      "shape_type": "polygon",
      "flags": {}
    },
    {
      "label": "细胞核",
      "points": [
        [
          509.03010033444815,
          339.4648829431438
        ],
        [
          502.3411371237458,
          341.4715719063545
        ],
        [
          498.9966555183946,
          346.15384615384613
        ],
        [
          497.65886287625415,
          352.50836120401334
        ],
        [
          501.0033444816053,
          358.19397993311037
        ],
        [
          504.3478260869565,
          361.87290969899664
        ],
        [
          510.0334448160535,
          364.21404682274243
        ]
      ],
      "group_id": null,
      "shape_type": "polygon",
      "flags": {}
    },
    {
      "label": "细胞膜",
      "points": [
        [
          509.36454849498324,
          317.056856187291
        ],
        [
          503.67892976588627,
          322.4080267558528
        ],
        [
          497.324414715719,
          330.4347826086956
        ],
        [
          490.30100334448156,
          334.44816053511704
        ],
        [
          487.2909698996655,
          342.47491638795987
        ],
        [
          489.6321070234113,
          352.8428093645485
        ],
        [
          493.31103678929765,
          361.2040133779264
        ],
        [
          499.66555183946485,
          366.8896321070234
        ],
        [
          509.6989966555184,
          370.9030100334448
        ]
      ],
      "group_id": null,
      "shape_type": "polygon",
      "flags": {}
    },
    {
      "label": "细胞核",
      "points": [
        [
          74.48979591836735,
          312.2448979591837
        ],
        [
          86.73469387755102,
          315.6462585034014
        ],
        [
          98.29931972789116,
          319.38775510204084
        ],
        [
          105.4421768707483,
          325.51020408163265
        ],
        [
          108.50340136054422,
          339.4557823129252
        ],
        [
          107.82312925170068,
          350.34013605442175
        ],
        [
          104.08163265306122,
          358.84353741496597
        ],
        [
          95.578231292517,
          365.98639455782313
        ],
        [
          88.0952380952381,
          370.7482993197279
        ],
        [
          79.93197278911565,
          371.7687074829932
        ],
        [
          70.06802721088435,
          369.38775510204084
        ],
        [
          60.8843537414966,
          364.96598639455783
        ],
        [
          56.46258503401361,
          357.14285714285717
        ],
        [
          53.74149659863946,
          346.59863945578235
        ],
        [
          52.72108843537415,
          335.03401360544217
        ],
        [
          53.74149659863946,
          322.108843537415
        ],
        [
          60.544217687074834,
          313.6054421768708
        ]
      ],
      "group_id": null,
      "shape_type": "polygon",
      "flags": {}
    },
    {
      "label": "细胞膜",
      "points": [
        [
          82.6530612244898,
          279.93197278911566
        ],
        [
          93.87755102040816,
          298.63945578231295
        ],
        [
          101.36054421768708,
          313.94557823129253
        ],
        [
          109.18367346938776,
          328.2312925170068
        ],
        [
          116.66666666666667,
          341.15646258503403
        ],
        [
          120.40816326530613,
          353.74149659863946
        ],
        [
          123.12925170068027,
          372.108843537415
        ],
        [
          121.7687074829932,
          379.2517006802721
        ],
        [
          113.26530612244898,
          381.97278911564626
        ],
        [
          100.68027210884354,
          385.7142857142857
        ],
        [
          87.41496598639456,
          386.734693877551
        ],
        [
          78.91156462585035,
          383.6734693877551
        ],
        [
          66.66666666666667,
          378.57142857142856
        ],
        [
          55.4421768707483,
          372.108843537415
        ],
        [
          46.93877551020408,
          363.94557823129253
        ],
        [
          40.136054421768705,
          348.63945578231295
        ],
        [
          37.074829931972786,
          331.6326530612245
        ],
        [
          36.054421768707485,
          318.02721088435374
        ],
        [
          38.435374149659864,
          304.0816326530612
        ],
        [
          43.197278911564624,
          292.17687074829934
        ],
        [
          51.02040816326531,
          282.6530612244898
        ],
        [
          57.142857142857146,
          275.1700680272109
        ],
        [
          69.72789115646259,
          277.2108843537415
        ]
      ],
      "group_id": null,
      "shape_type": "polygon",
      "flags": {}
    },
    {
      "label": "细胞核",
      "points": [
        [
          0.0,
          376.0
        ],
        [
          12.75903614457831,
          378.714859437751
        ],
        [
          18.783132530120476,
          384.33734939759034
        ],
        [
          24.004016064257023,
          389.9598393574297
        ],
        [
          26.012048192771083,
          397.5903614457831
        ],
        [
          26.012048192771083,
          405.6224899598393
        ],
        [
          22.39759036144578,
          413.2530120481927
        ],
        [
          16.373493975903614,
          418.4738955823293
        ],
        [
          5.53012048192771,
          421.28514056224896
        ],
        [
          0,
          422
        ]
      ],
      "group_id": null,
      "shape_type": "polygon",
      "flags": {}
    },
    {
      "label": "细胞膜",
      "points": [
        [
          0.2100456621004554,
          355.2511415525114
        ],
        [
          12.995433789954333,
          363.47031963470323
        ],
        [
          21.192771084337345,
          372.289156626506
        ],
        [
          26.8152610441767,
          383.9357429718875
        ],
        [
          33.24096385542168,
          396.78714859437747
        ],
        [
          36.85542168674698,
          409.2369477911646
        ],
        [
          33.64257028112449,
          419.2771084337349
        ],
        [
          24.807228915662648,
          427.30923694779113
        ],
        [
          15.570281124497988,
          432.12851405622484
        ],
        [
          0.0,
          433.0
        ]
      ],
      "group_id": null,
      "shape_type": "polygon",
      "flags": {}
    },
    {
      "label": "细胞核",
      "points": [
        [
          90.62406015037594,
          408.64661654135335
        ],
        [
          98.5187969924812,
          411.2781954887218
        ],
        [
          108.66917293233082,
          416.16541353383457
        ],
        [
          115.4360902255639,
          421.4285714285714
        ],
        [
          121.0751879699248,
          426.69172932330827
        ],
        [
          122.95488721804512,
          434.2105263157894
        ],
        [
          122.95488721804512,
          440.2255639097744
        ],
        [
          117.3157894736842,
          444.3609022556391
        ],
        [
          110.17293233082707,
          444.3609022556391
        ],
        [
          104.1578947368421,
          443.98496240601503
        ],
        [
          93.63157894736841,
          441.3533834586466
        ],
        [
          87.2406015037594,
          438.3458646616541
        ],
        [
          81.22556390977444,
          434.5864661654135
        ],
        [
          76.33834586466165,
          429.69924812030075
        ],
        [
          73.70676691729322,
          421.4285714285714
        ],
        [
          75.21052631578947,
          414.2857142857143
        ],
        [
          80.84962406015038,
          410.52631578947364
        ]
      ],
      "group_id": null,
      "shape_type": "polygon",
      "flags": {}
    },
    {
      "label": "细胞膜",
      "points": [
        [
          79.7218045112782,
          402.6315789473684
        ],
        [
          94.75939849624059,
          406.76691729323306
        ],
        [
          108.29323308270676,
          410.1503759398496
        ],
        [
          117.3157894736842,
          417.29323308270676
        ],
        [
          125.21052631578948,
          422.5563909774436
        ],
        [
          133.85714285714286,
          429.32330827067665
        ],
        [
          142.12781954887217,
          438.3458646616541
        ],
        [
          152.2781954887218,
          448.8721804511278
        ],
        [
          160.54887218045113,
          456.0150375939849
        ],
        [
          172.203007518797,
          462.406015037594
        ],
        [
          178.593984962406,
          467.6691729323308
        ],
        [
          159.796992481203,
          464.2857142857143
        ],
        [
          142.50375939849624,
          459.0225563909774
        ],
        [
          130.4736842105263,
          456.76691729323306
        ],
        [
          116.18796992481202,
          453.7593984962406
        ],
        [
          105.28571428571428,
          451.12781954887214
        ],
        [
          88.36842105263158,
          447.7443609022556
        ],
        [
          75.58646616541353,
          443.6090225563909
        ],
        [
          66.56390977443608,
          436.09022556390977
        ],
        [
          64.68421052631578,
          427.44360902255636
        ],
        [
          57.54135338345864,
          428.9473684210526
        ],
        [
          53.78195488721804,
          425.56390977443607
        ],
        [
          54.1578947368421,
          414.2857142857143
        ],
        [
          50.3984962406015,
          402.25563909774434
        ],
        [
          61.30075187969925,
          398.49624060150376
        ],
        [
          72.203007518797,
          400.0
        ]
      ],
      "group_id": null,
      "shape_type": "polygon",
      "flags": {}
    },
    {
      "label": "细胞核",
      "points": [
        [
          192.01388888888889,
          379.1666666666667
        ],
        [
          200.0,
          385.7638888888889
        ],
        [
          206.94444444444446,
          392.36111111111114
        ],
        [
          211.45833333333334,
          401.0416666666667
        ],
        [
          214.93055555555557,
          408.33333333333337
        ],
        [
          215.2777777777778,
          417.70833333333337
        ],
        [
          214.93055555555557,
          427.08333333333337
        ],
        [
          210.76388888888889,
          433.33333333333337
        ],
        [
          206.59722222222223,
          437.5
        ],
        [
          197.91666666666669,
          440.27777777777777
        ],
        [
          187.84722222222223,
          441.6666666666667
        ],
        [
          180.55555555555557,
          440.97222222222223
        ],
        [
          170.83333333333334,
          436.8055555555556
        ],
        [
          163.19444444444446,
          431.59722222222223
        ],
        [
          159.02777777777777,
          422.56944444444446
        ],
        [
          159.375,
          413.8888888888889
        ],
        [
          163.19444444444446,
          401.3888888888889
        ],
        [
          164.58333333333334,
          392.70833333333337
        ],
        [
          171.52777777777777,
          385.06944444444446
        ],
        [
          179.16666666666669,
          379.86111111111114
        ],
        [
          186.11111111111111,
          378.125
        ]
      ],
      "group_id": null,
      "shape_type": "polygon",
      "flags": {}
    },
    {
      "label": "细胞膜",
      "points": [
        [
          184.72222222222223,
          359.375
        ],
        [
          195.48611111111111,
          372.9166666666667
        ],
        [
          203.81944444444446,
          384.375
        ],
        [
          210.06944444444446,
          392.0138888888889
        ],
        [
          214.58333333333334,
          401.73611111111114
        ],
        [
          222.91666666666669,
          415.27777777777777
        ],
        [
          228.47222222222223,
          424.30555555555554
        ],
        [
          234.72222222222223,
          432.6388888888889
        ],
        [
          238.54166666666669,
          440.97222222222223
        ],
        [
          239.58333333333334,
          452.4305555555556
        ],
        [
          235.76388888888889,
          465.27777777777777
        ],
        [
          224.6527777777778,
          470.48611111111114
        ],
        [
          214.23611111111111,
          472.9166666666667
        ],
        [
          204.86111111111111,
          469.44444444444446
        ],
        [
          191.31944444444446,
          461.45833333333337
        ],
        [
          184.02777777777777,
          457.98611111111114
        ],
        [
          173.26388888888889,
          452.08333333333337
        ],
        [
          159.375,
          442.36111111111114
        ],
        [
          147.56944444444446,
          430.90277777777777
        ],
        [
          140.625,
          423.2638888888889
        ],
        [
          146.18055555555557,
          403.81944444444446
        ],
        [
          151.38888888888889,
          388.19444444444446
        ],
        [
          157.63888888888889,
          375.34722222222223
        ],
        [
          169.09722222222223,
          364.93055555555554
        ]
      ],
      "group_id": null,
      "shape_type": "polygon",
      "flags": {}
    },
    {
      "label": "细胞核",
      "points": [
        [
          446.09236947791163,
          375.50200803212846
        ],
        [
          457.33734939759034,
          379.11646586345375
        ],
        [
          463.7630522088353,
          384.73895582329317
        ],
        [
          468.58232931726906,
          392.77108433734935
        ],
        [
          470.1887550200803,
          398.79518072289153
        ],
        [
          468.58232931726906,
          405.6224899598393
        ],
        [
          465.77108433734935,
          410.44176706827307
        ],
        [
          459.3453815261044,
          414.05622489959836
        ],
        [
          450.1084337349397,
          414.4578313253012
        ],
        [
          442.8795180722891,
          412.4497991967871
        ],
        [
          432.0361445783132,
          409.2369477911646
        ],
        [
          425.6104417670682,
          402.4096385542168
        ],
        [
          425.20883534136544,
          394.7791164658634
        ],
        [
          425.20883534136544,
          385.9437751004016
        ],
        [
          430.8313253012048,
          379.9196787148594
        ],
        [
          437.25702811244975,
          376.7068273092369
        ]
      ],
      "group_id": null,
      "shape_type": "polygon",
      "flags": {}
    },
    {
      "label": "细胞膜",
      "points": [
        [
          446.09236947791163,
          367.06827309236945
        ],
        [
          456.1325301204819,
          370.68273092369475
        ],
        [
          463.7630522088353,
          377.91164658634534
        ],
        [
          468.9839357429718,
          384.73895582329317
        ],
        [
          475.008032128514,
          392.77108433734935
        ],
        [
          477.01606425702806,
          399.5983935742972
        ],
        [
          478.6224899598393,
          407.63052208835336
        ],
        [
          478.2208835341365,
          414.85943775100395
        ],
        [
          472.5983935742971,
          418.8755020080321
        ],
        [
          464.1646586345381,
          423.69477911646584
        ],
        [
          456.1325301204819,
          424.09638554216866
        ],
        [
          442.0763052208835,
          423.293172690763
        ],
        [
          430.8313253012048,
          416.867469879518
        ],
        [
          425.6104417670682,
          411.24497991967866
        ],
        [
          417.1767068273092,
          402.81124497991965
        ],
        [
          410.34939759036143,
          393.1726907630522
        ],
        [
          407.1365461847389,
          383.9357429718875
        ],
        [
          409.14457831325296,
          375.9036144578313
        ],
        [
          413.96385542168673,
          369.47791164658634
        ],
        [
          423.2008032128514,
          365.86345381526104
        ],
        [
          434.0441767068273,
          366.2650602409638
        ]
      ],
      "group_id": null,
      "shape_type": "polygon",
      "flags": {}
    },
    {
      "label": "细胞核",
      "points": [
        [
          403.406015037594,
          431.57894736842104
        ],
        [
          413.5563909774436,
          436.09022556390977
        ],
        [
          422.57894736842104,
          437.96992481203006
        ],
        [
          434.2330827067669,
          443.6090225563909
        ],
        [
          441.37593984962405,
          448.8721804511278
        ],
        [
          448.1428571428571,
          457.1428571428571
        ],
        [
          449.2706766917293,
          462.406015037594
        ],
        [
          447.76691729323306,
          466.91729323308266
        ],
        [
          441.37593984962405,
          468.04511278195486
        ],
        [
          432.72932330827064,
          467.6691729323308
        ],
        [
          425.2105263157894,
          466.16541353383457
        ],
        [
          416.9398496240601,
          464.2857142857143
        ],
        [
          406.7894736842105,
          460.52631578947364
        ],
        [
          395.1353383458646,
          452.6315789473684
        ],
        [
          387.6165413533834,
          444.7368421052631
        ],
        [
          386.4887218045113,
          436.84210526315786
        ],
        [
          389.49624060150376,
          431.203007518797
        ],
        [
          398.1428571428571,
          431.203007518797
        ]
      ],
      "group_id": null,
      "shape_type": "polygon",
      "flags": {}
    },
    {
      "label": "细胞膜",
      "points": [
        [
          400.3984962406015,
          426.31578947368416
        ],
        [
          411.6766917293233,
          431.203007518797
        ],
        [
          423.70676691729324,
          436.4661654135338
        ],
        [
          439.12030075187965,
          442.10526315789474
        ],
        [
          450.77443609022555,
          448.8721804511278
        ],
        [
          461.6766917293233,
          455.63909774436087
        ],
        [
          474.45864661654133,
          461.2781954887218
        ],
        [
          478.2180451127819,
          468.04511278195486
        ],
        [
          475.9624060150376,
          474.8120300751879
        ],
        [
          464.3082706766917,
          475.9398496240601
        ],
        [
          453.78195488721803,
          477.44360902255636
        ],
        [
          444.00751879699243,
          476.69172932330827
        ],
        [
          434.2330827067669,
          474.4360902255639
        ],
        [
          423.33082706766913,
          471.05263157894734
        ],
        [
          409.796992481203,
          469.92481203007515
        ],
        [
          397.0150375939849,
          463.9097744360902
        ],
        [
          384.98496240601503,
          458.2706766917293
        ],
        [
          373.33082706766913,
          451.50375939849624
        ],
        [
          362.8045112781955,
          439.84962406015035
        ],
        [
          367.69172932330827,
          430.45112781954884
        ],
        [
          360.92481203007515,
          422.93233082706763
        ],
        [
          365.812030075188,
          422.18045112781954
        ],
        [
          380.09774436090225,
          427.0676691729323
        ],
        [
          394.38345864661653,
          425.9398496240601
        ]
      ],
      "group_id": null,
      "shape_type": "polygon",
      "flags": {}
    },
    {
      "label": "细胞核",
      "points": [
        [
          50.65359477124183,
          475.4901960784314
        ],
        [
          60.78431372549019,
          476.797385620915
        ],
        [
          69.28104575163398,
          479.4117647058823
        ],
        [
          76.47058823529412,
          483.98692810457516
        ],
        [
          82.35294117647058,
          490.19607843137254
        ],
        [
          83.33333333333333,
          496.4052287581699
        ],
        [
          77.77777777777777,
          503.26797385620915
        ],
        [
          71.24183006535948,
          504.9019607843137
        ],
        [
          64.70588235294117,
          505.2287581699346
        ],
        [
          57.18954248366013,
          503.921568627451
        ],
        [
          49.673202614379086,
          503.26797385620915
        ],
        [
          41.50326797385621,
          500.65359477124184
        ],
        [
          35.62091503267974,
          496.4052287581699
        ],
        [
          33.98692810457516,
          492.48366013071893
        ],
        [
          33.98692810457516,
          484.9673202614379
        ],
        [
          35.947712418300654,
          479.73856209150324
        ],
        [
          42.48366013071895,
          476.797385620915
        ]
      ],
      "group_id": null,
      "shape_type": "polygon",
      "flags": {}
    },
    {
      "label": "细胞膜",
      "points": [
        [
          60.45751633986928,
          465.0326797385621
        ],
        [
          77.45098039215686,
          470.5882352941176
        ],
        [
          87.90849673202614,
          479.73856209150324
        ],
        [
          90.19607843137254,
          490.19607843137254
        ],
        [
          91.83006535947712,
          500.65359477124184
        ],
        [
          82.35294117647058,
          507.18954248366015
        ],
        [
          76.47058823529412,
          509.47712418300654
        ],
        [
          66.66666666666667,
          510.1307189542484
        ],
        [
          46.07843137254902,
          510.78431372549016
        ],
        [
          37.254901960784316,
          505.55555555555554
        ],
        [
          25.49019607843137,
          495.09803921568624
        ],
        [
          21.895424836601308,
          486.27450980392155
        ],
        [
          25.81699346405229,
          479.73856209150324
        ],
        [
          40.849673202614376,
          473.52941176470586
        ],
        [
          50.65359477124183,
          467.6470588235294
        ]
      ],
      "group_id": null,
      "shape_type": "polygon",
      "flags": {}
    },
    {
      "label": "细胞核",
      "points": [
        [
          139.07407407407408,
          510.7407407407407
        ],
        [
          140.92592592592592,
          504.4444444444444
        ],
        [
          147.2222222222222,
          502.59259259259255
        ],
        [
          158.33333333333331,
          502.59259259259255
        ],
        [
          165.37037037037035,
          505.92592592592587
        ],
        [
          171,
          511
        ]
      ],
      "group_id": null,
      "shape_type": "polygon",
      "flags": {}
    },
    {
      "label": "细胞膜",
      "points": [
        [
          131.29629629629628,
          509.99999999999994
        ],
        [
          130.1851851851852,
          502.59259259259255
        ],
        [
          126.85185185185185,
          493.7037037037037
        ],
        [
          126.11111111111111,
          483.7037037037037
        ],
        [
          132.77777777777777,
          482.59259259259255
        ],
        [
          143.5185185185185,
          487.77777777777777
        ],
        [
          152.77777777777777,
          491.48148148148147
        ],
        [
          161.29629629629628,
          498.1481481481481
        ],
        [
          167.2222222222222,
          502.59259259259255
        ],
        [
          175.74074074074073,
          509.99999999999994
        ]
      ],
      "group_id": null,
      "shape_type": "polygon",
      "flags": {}
    }
  ],
  "imagePath": "2dac2632-bba5-11e8-b2ba-ac1f6b6435d0_dst.png",
  "imageData": null,
  "imageHeight": 512,
  "imageWidth": 512
}