{
  "version": "4.5.6",
  "flags": {},
  "shapes": [
    {
      "label": "细胞膜",
      "points": [
        [
          0.40909090909091006,
          60.36363636363637
        ],
        [
          16.886363636363633,
          49.56818181818182
        ],
        [
          36.772727272727266,
          37.63636363636363
        ],
        [
          61.20454545454545,
          28.545454545454547
        ],
        [
          80.52272727272727,
          25.704545454545453
        ],
        [
          89.04545454545455,
          36.5
        ],
        [
          89.04545454545455,
          54.11363636363637
        ],
        [
          85.63636363636364,
          71.72727272727273
        ],
        [
          74.8409090909091,
          92.18181818181819
        ],
        [
          62.34090909090909,
          106.38636363636364
        ],
        [
          40.75,
          117.75
        ],
        [
          19.727272727272727,
          123.43181818181819
        ],
        [
          10.06818181818182,
          130.25
        ],
        [
          1.5454545454545467,
          130.25
        ],
        [
          0.9772727272727266,
          103.54545454545455
        ]
      ],
      "group_id": null,
      "shape_type": "polygon",
      "flags": {}
    },
    {
      "label": "细胞膜",
      "points": [
        [
          146.4318181818182,
          43.31818181818182
        ],
        [
          144.1590909090909,
          71.1590909090909
        ],
        [
          143.02272727272728,
          81.95454545454545
        ],
        [
          161.20454545454547,
          79.68181818181819
        ],
        [
          186.77272727272728,
          79.68181818181819
        ],
        [
          198.13636363636363,
          85.36363636363636
        ],
        [
          226.54545454545453,
          81.38636363636364
        ],
        [
          245.29545454545456,
          69.45454545454545
        ],
        [
          245.29545454545456,
          59.79545454545455
        ],
        [
          239.04545454545456,
          50.70454545454545
        ],
        [
          226.54545454545453,
          41.04545454545455
        ],
        [
          207.79545454545453,
          33.65909090909091
        ],
        [
          190.75,
          29.113636363636363
        ],
        [
          180.52272727272728,
          26.272727272727273
        ],
        [
          164.61363636363637,
          26.272727272727273
        ],
        [
          155.52272727272728,
          27.40909090909091
        ],
        [
          148.13636363636363,
          35.93181818181818
        ]
      ],
      "group_id": null,
      "shape_type": "polygon",
      "flags": {}
    },
    {
      "label": "细胞膜",
      "points": [
        [
          34.5,
          152.4090909090909
        ],
        [
          50.40909090909091,
          151.8409090909091
        ],
        [
          61.772727272727266,
          156.95454545454547
        ],
        [
          66.31818181818181,
          163.20454545454547
        ],
        [
          53.81818181818181,
          180.25
        ],
        [
          36.772727272727266,
          200.13636363636363
        ],
        [
          24.272727272727273,
          210.9318181818182
        ],
        [
          15.18181818181818,
          218.88636363636363
        ],
        [
          11.772727272727273,
          231.38636363636363
        ],
        [
          4.954545454545453,
          231.95454545454547
        ],
        [
          0.40909090909091006,
          224.0
        ],
        [
          0,
          195
        ],
        [
          0.40909090909091006,
          179.11363636363637
        ],
        [
          11.204545454545453,
          166.61363636363637
        ],
        [
          26.545454545454547,
          158.6590909090909
        ]
      ],
      "group_id": null,
      "shape_type": "polygon",
      "flags": {}
    },
    {
      "label": "细胞膜",
      "points": [
        [
          21.43181818181818,
          226.27272727272728
        ],
        [
          40.75,
          228.54545454545453
        ],
        [
          67.45454545454545,
          222.86363636363637
        ],
        [
          95.29545454545455,
          215.47727272727272
        ],
        [
          120.29545454545453,
          200.70454545454547
        ],
        [
          138.47727272727272,
          186.5
        ],
        [
          162.9090909090909,
          174.5681818181818
        ],
        [
          179.38636363636363,
          154.6818181818182
        ],
        [
          179.38636363636363,
          143.88636363636363
        ],
        [
          176.54545454545453,
          138.20454545454547
        ],
        [
          169.1590909090909,
          133.0909090909091
        ],
        [
          150.4090909090909,
          135.9318181818182
        ],
        [
          131.6590909090909,
          139.3409090909091
        ],
        [
          114.04545454545453,
          142.1818181818182
        ],
        [
          103.25,
          147.86363636363637
        ],
        [
          81.0909090909091,
          156.95454545454547
        ],
        [
          63.477272727272734,
          172.29545454545453
        ],
        [
          50.977272727272734,
          188.77272727272728
        ],
        [
          42.45454545454545,
          200.13636363636363
        ],
        [
          31.659090909090907,
          210.9318181818182
        ],
        [
          23.704545454545453,
          218.88636363636363
        ]
      ],
      "group_id": null,
      "shape_type": "polygon",
      "flags": {}
    },
    {
      "label": "细胞膜",
      "points": [
        [
          2.6818181818181834,
          281.95454545454544
        ],
        [
          14.613636363636367,
          281.95454545454544
        ],
        [
          33.36363636363637,
          282.52272727272725
        ],
        [
          43.59090909090909,
          281.3863636363636
        ],
        [
          52.68181818181819,
          287.0681818181818
        ],
        [
          61.772727272727266,
          290.47727272727275
        ],
        [
          76.54545454545455,
          286.5
        ],
        [
          90.75,
          276.27272727272725
        ],
        [
          107.79545454545453,
          266.6136363636364
        ],
        [
          114.04545454545453,
          256.95454545454544
        ],
        [
          126.54545454545453,
          245.5909090909091
        ],
        [
          127.11363636363637,
          235.9318181818182
        ],
        [
          120.29545454545453,
          231.38636363636363
        ],
        [
          104.95454545454547,
          226.27272727272728
        ],
        [
          94.1590909090909,
          221.72727272727272
        ],
        [
          86.77272727272727,
          221.72727272727272
        ],
        [
          79.95454545454545,
          231.38636363636363
        ],
        [
          69.1590909090909,
          238.20454545454547
        ],
        [
          54.95454545454545,
          240.47727272727272
        ],
        [
          44.15909090909091,
          241.61363636363637
        ],
        [
          30.522727272727273,
          238.20454545454547
        ],
        [
          16.886363636363633,
          237.0681818181818
        ],
        [
          7.227272727272727,
          237.0681818181818
        ],
        [
          0,
          237
        ],
        [
          0,
          279
        ]
      ],
      "group_id": null,
      "shape_type": "polygon",
      "flags": {}
    },
    {
      "label": "细胞膜",
      "points": [
        [
          100.4090909090909,
          277.97727272727275
        ],
        [
          99.27272727272727,
          289.90909090909093
        ],
        [
          104.95454545454547,
          299.5681818181818
        ],
        [
          122.56818181818181,
          306.3863636363636
        ],
        [
          141.88636363636363,
          309.79545454545456
        ],
        [
          157.22727272727272,
          304.6818181818182
        ],
        [
          173.13636363636363,
          291.04545454545456
        ],
        [
          179.38636363636363,
          300.70454545454544
        ],
        [
          186.77272727272728,
          296.15909090909093
        ],
        [
          197.0,
          293.3181818181818
        ],
        [
          199.8409090909091,
          277.40909090909093
        ],
        [
          205.52272727272728,
          270.02272727272725
        ],
        [
          197.0,
          260.3636363636364
        ],
        [
          196.4318181818182,
          249.0
        ],
        [
          190.1818181818182,
          233.6590909090909
        ],
        [
          182.79545454545453,
          226.8409090909091
        ],
        [
          172.0,
          224.0
        ],
        [
          158.36363636363637,
          224.0
        ],
        [
          146.4318181818182,
          224.5681818181818
        ],
        [
          135.63636363636363,
          231.38636363636363
        ],
        [
          130.52272727272728,
          240.47727272727272
        ],
        [
          126.54545454545453,
          250.13636363636363
        ],
        [
          116.31818181818181,
          258.65909090909093
        ],
        [
          110.06818181818181,
          264.90909090909093
        ]
      ],
      "group_id": null,
      "shape_type": "polygon",
      "flags": {}
    },
    {
      "label": "细胞膜",
      "points": [
        [
          45.86363636363636,
          321.15909090909093
        ],
        [
          39.61363636363636,
          348.4318181818182
        ],
        [
          37.90909090909091,
          362.6363636363636
        ],
        [
          33.93181818181818,
          373.4318181818182
        ],
        [
          37.34090909090909,
          397.8636363636364
        ],
        [
          48.13636363636364,
          423.4318181818182
        ],
        [
          60.06818181818181,
          438.77272727272725
        ],
        [
          75.97727272727273,
          453.54545454545456
        ],
        [
          86.77272727272727,
          458.09090909090907
        ],
        [
          98.13636363636364,
          452.97727272727275
        ],
        [
          107.79545454545453,
          428.54545454545456
        ],
        [
          112.3409090909091,
          407.52272727272725
        ],
        [
          108.93181818181819,
          374.0
        ],
        [
          97.56818181818181,
          352.97727272727275
        ],
        [
          86.77272727272727,
          334.22727272727275
        ],
        [
          74.8409090909091,
          325.1363636363636
        ],
        [
          67.45454545454545,
          315.47727272727275
        ],
        [
          58.93181818181819,
          310.9318181818182
        ],
        [
          52.68181818181819,
          309.22727272727275
        ],
        [
          48.13636363636364,
          311.5
        ]
      ],
      "group_id": null,
      "shape_type": "polygon",
      "flags": {}
    },
    {
      "label": "细胞膜",
      "points": [
        [
          166.88636363636363,
          342.75
        ],
        [
          170.29545454545453,
          381.95454545454544
        ],
        [
          173.70454545454547,
          425.1363636363636
        ],
        [
          181.0909090909091,
          453.54545454545456
        ],
        [
          184.5,
          469.45454545454544
        ],
        [
          193.5909090909091,
          487.0681818181818
        ],
        [
          209.5,
          486.5
        ],
        [
          216.88636363636363,
          481.95454545454544
        ],
        [
          225.97727272727272,
          473.4318181818182
        ],
        [
          232.79545454545456,
          448.4318181818182
        ],
        [
          237.34090909090907,
          429.6818181818182
        ],
        [
          241.3181818181818,
          412.0681818181818
        ],
        [
          240.75,
          399.5681818181818
        ],
        [
          231.65909090909093,
          384.79545454545456
        ],
        [
          232.79545454545456,
          376.84090909090907
        ],
        [
          241.3181818181818,
          370.59090909090907
        ],
        [
          242.45454545454544,
          360.9318181818182
        ],
        [
          239.61363636363637,
          346.72727272727275
        ],
        [
          235.63636363636363,
          337.0681818181818
        ],
        [
          231.09090909090907,
          324.5681818181818
        ],
        [
          224.27272727272728,
          315.47727272727275
        ],
        [
          211.77272727272728,
          311.5
        ],
        [
          200.97727272727272,
          313.20454545454544
        ],
        [
          185.0681818181818,
          319.45454545454544
        ],
        [
          174.8409090909091,
          325.1363636363636
        ],
        [
          162.9090909090909,
          327.97727272727275
        ],
        [
          157.79545454545453,
          335.3636363636364
        ]
      ],
      "group_id": null,
      "shape_type": "polygon",
      "flags": {}
    },
    {
      "label": "细胞膜",
      "points": [
        [
          252.6818181818182,
          412.6363636363636
        ],
        [
          244.15909090909093,
          434.22727272727275
        ],
        [
          240.1818181818182,
          450.70454545454544
        ],
        [
          247.0,
          472.8636363636364
        ],
        [
          254.38636363636363,
          486.5
        ],
        [
          269.15909090909093,
          499.0
        ],
        [
          279.3863636363636,
          498.4318181818182
        ],
        [
          291.3181818181818,
          495.59090909090907
        ],
        [
          301.54545454545456,
          492.1818181818182
        ],
        [
          314.6136363636364,
          487.0681818181818
        ],
        [
          325.40909090909093,
          480.25
        ],
        [
          336.20454545454544,
          464.90909090909093
        ],
        [
          336.20454545454544,
          449.0
        ],
        [
          333.3636363636364,
          435.9318181818182
        ],
        [
          323.70454545454544,
          422.8636363636364
        ],
        [
          310.6363636363636,
          414.34090909090907
        ],
        [
          298.70454545454544,
          406.95454545454544
        ],
        [
          286.20454545454544,
          396.15909090909093
        ],
        [
          274.27272727272725,
          391.6136363636364
        ],
        [
          265.1818181818182,
          393.3181818181818
        ],
        [
          260.0681818181818,
          402.97727272727275
        ]
      ],
      "group_id": null,
      "shape_type": "polygon",
      "flags": {}
    },
    {
      "label": "细胞膜",
      "points": [
        [
          262.90909090909093,
          260.9318181818182
        ],
        [
          253.8181818181818,
          276.27272727272725
        ],
        [
          247.5681818181818,
          290.47727272727275
        ],
        [
          247.5681818181818,
          310.3636363636364
        ],
        [
          248.70454545454544,
          329.6818181818182
        ],
        [
          256.65909090909093,
          339.34090909090907
        ],
        [
          262.34090909090907,
          354.1136363636364
        ],
        [
          271.4318181818182,
          375.1363636363636
        ],
        [
          281.09090909090907,
          389.34090909090907
        ],
        [
          298.70454545454544,
          400.70454545454544
        ],
        [
          303.25,
          401.84090909090907
        ],
        [
          302.6818181818182,
          383.65909090909093
        ],
        [
          303.8181818181818,
          374.5681818181818
        ],
        [
          305.52272727272725,
          366.04545454545456
        ],
        [
          312.90909090909093,
          353.54545454545456
        ],
        [
          311.77272727272725,
          343.3181818181818
        ],
        [
          306.09090909090907,
          334.22727272727275
        ],
        [
          304.95454545454544,
          324.5681818181818
        ],
        [
          314.04545454545456,
          318.3181818181818
        ],
        [
          319.72727272727275,
          309.22727272727275
        ],
        [
          313.47727272727275,
          299.0
        ],
        [
          304.3863636363636,
          295.02272727272725
        ],
        [
          297.5681818181818,
          282.52272727272725
        ],
        [
          287.90909090909093,
          269.45454545454544
        ],
        [
          277.6818181818182,
          263.77272727272725
        ]
      ],
      "group_id": null,
      "shape_type": "polygon",
      "flags": {}
    },
    {
      "label": "细胞膜",
      "points": [
        [
          233.36363636363637,
          188.77272727272728
        ],
        [
          224.8409090909091,
          205.25
        ],
        [
          222.0,
          218.88636363636363
        ],
        [
          228.8181818181818,
          229.11363636363637
        ],
        [
          244.15909090909093,
          233.6590909090909
        ],
        [
          266.3181818181818,
          231.95454545454547
        ],
        [
          288.47727272727275,
          222.29545454545453
        ],
        [
          302.6818181818182,
          206.95454545454547
        ],
        [
          322.0,
          199.0
        ],
        [
          335.6363636363636,
          192.75
        ],
        [
          335.0681818181818,
          180.25
        ],
        [
          318.59090909090907,
          171.1590909090909
        ],
        [
          299.27272727272725,
          172.29545454545453
        ],
        [
          269.72727272727275,
          174.5681818181818
        ],
        [
          256.65909090909093,
          177.97727272727272
        ],
        [
          240.75,
          183.6590909090909
        ]
      ],
      "group_id": null,
      "shape_type": "polygon",
      "flags": {}
    },
    {
      "label": "细胞膜",
      "points": [
        [
          274.27272727272725,
          243.88636363636363
        ],
        [
          304.3863636363636,
          257.52272727272725
        ],
        [
          330.52272727272725,
          262.6363636363636
        ],
        [
          347.5681818181818,
          262.6363636363636
        ],
        [
          363.47727272727275,
          253.54545454545453
        ],
        [
          369.15909090909093,
          239.3409090909091
        ],
        [
          362.34090909090907,
          227.4090909090909
        ],
        [
          347.0,
          220.02272727272728
        ],
        [
          327.1136363636364,
          212.63636363636363
        ],
        [
          306.65909090909093,
          216.61363636363637
        ],
        [
          286.77272727272725,
          225.70454545454547
        ],
        [
          275.97727272727275,
          232.52272727272728
        ],
        [
          264.6136363636364,
          235.36363636363637
        ],
        [
          262.90909090909093,
          235.36363636363637
        ],
        [
          265.75,
          240.47727272727272
        ]
      ],
      "group_id": null,
      "shape_type": "polygon",
      "flags": {}
    },
    {
      "label": "细胞膜",
      "points": [
        [
          319.72727272727275,
          294.45454545454544
        ],
        [
          337.90909090909093,
          321.72727272727275
        ],
        [
          366.8863636363636,
          341.6136363636364
        ],
        [
          389.04545454545456,
          352.40909090909093
        ],
        [
          410.0681818181818,
          356.3863636363636
        ],
        [
          429.95454545454544,
          359.22727272727275
        ],
        [
          439.04545454545456,
          355.25
        ],
        [
          440.75,
          341.6136363636364
        ],
        [
          433.3636363636364,
          323.4318181818182
        ],
        [
          419.15909090909093,
          304.1136363636364
        ],
        [
          403.8181818181818,
          291.04545454545456
        ],
        [
          377.6818181818182,
          277.97727272727275
        ],
        [
          350.40909090909093,
          274.0
        ],
        [
          328.8181818181818,
          274.0
        ],
        [
          314.04545454545456,
          274.5681818181818
        ],
        [
          314.04545454545456,
          284.22727272727275
        ]
      ],
      "group_id": null,
      "shape_type": "polygon",
      "flags": {}
    },
    {
      "label": "细胞膜",
      "points": [
        [
          469.15909090909093,
          417.1818181818182
        ],
        [
          449.84090909090907,
          439.34090909090907
        ],
        [
          429.95454545454544,
          458.65909090909093
        ],
        [
          420.29545454545456,
          467.1818181818182
        ],
        [
          414.04545454545456,
          484.22727272727275
        ],
        [
          410.0681818181818,
          502.97727272727275
        ],
        [
          410.0681818181818,
          510.9318181818182
        ],
        [
          452.6818181818182,
          510.3636363636364
        ],
        [
          462.90909090909093,
          489.90909090909093
        ],
        [
          473.1363636363636,
          466.04545454545456
        ],
        [
          480.52272727272725,
          451.27272727272725
        ],
        [
          489.6136363636364,
          443.8863636363636
        ],
        [
          494.72727272727275,
          435.9318181818182
        ],
        [
          490.75,
          422.29545454545456
        ],
        [
          485.6363636363636,
          416.6136363636364
        ],
        [
          476.54545454545456,
          410.3636363636364
        ]
      ],
      "group_id": null,
      "shape_type": "polygon",
      "flags": {}
    },
    {
      "label": "细胞膜",
      "points": [
        [
          465.1818181818182,
          292.75
        ],
        [
          460.6363636363636,
          303.54545454545456
        ],
        [
          448.70454545454544,
          309.79545454545456
        ],
        [
          441.8863636363636,
          320.59090909090907
        ],
        [
          446.4318181818182,
          334.79545454545456
        ],
        [
          450.97727272727275,
          343.3181818181818
        ],
        [
          449.84090909090907,
          360.3636363636364
        ],
        [
          443.59090909090907,
          368.8863636363636
        ],
        [
          440.1818181818182,
          378.54545454545456
        ],
        [
          444.15909090909093,
          391.6136363636364
        ],
        [
          450.40909090909093,
          397.8636363636364
        ],
        [
          461.20454545454544,
          403.54545454545456
        ],
        [
          477.6818181818182,
          409.22727272727275
        ],
        [
          487.3409090909091,
          414.90909090909093
        ],
        [
          496.43181818181813,
          430.8181818181818
        ],
        [
          495.2954545454545,
          443.8863636363636
        ],
        [
          493.5909090909091,
          455.25
        ],
        [
          499.27272727272725,
          466.6136363636364
        ],
        [
          505.52272727272725,
          470.02272727272725
        ],
        [
          510.6363636363636,
          470.59090909090907
        ],
        [
          510.06818181818187,
          317.75
        ],
        [
          507.22727272727275,
          310.3636363636364
        ],
        [
          489.0454545454545,
          305.8181818181818
        ],
        [
          485.06818181818187,
          298.4318181818182
        ],
        [
          481.65909090909093,
          291.6136363636364
        ],
        [
          474.27272727272725,
          289.34090909090907
        ]
      ],
      "group_id": null,
      "shape_type": "polygon",
      "flags": {}
    },
    {
      "label": "细胞膜",
      "points": [
        [
          351.54545454545456,
          181.95454545454547
        ],
        [
          358.3636363636364,
          209.79545454545453
        ],
        [
          382.22727272727275,
          250.70454545454547
        ],
        [
          385.0681818181818,
          266.6136363636364
        ],
        [
          387.34090909090907,
          275.70454545454544
        ],
        [
          395.8636363636364,
          284.79545454545456
        ],
        [
          408.9318181818182,
          289.34090909090907
        ],
        [
          424.84090909090907,
          297.8636363636364
        ],
        [
          435.6363636363636,
          302.97727272727275
        ],
        [
          447.0,
          304.1136363636364
        ],
        [
          456.65909090909093,
          298.4318181818182
        ],
        [
          461.77272727272725,
          288.77272727272725
        ],
        [
          460.6363636363636,
          279.1136363636364
        ],
        [
          448.1363636363636,
          267.1818181818182
        ],
        [
          422.5681818181818,
          246.1590909090909
        ],
        [
          405.52272727272725,
          227.4090909090909
        ],
        [
          380.52272727272725,
          206.38636363636363
        ],
        [
          365.75,
          189.3409090909091
        ]
      ],
      "group_id": null,
      "shape_type": "polygon",
      "flags": {}
    },
    {
      "label": "细胞膜",
      "points": [
        [
          448.1363636363636,
          134.79545454545453
        ],
        [
          453.25,
          158.6590909090909
        ],
        [
          462.90909090909093,
          188.20454545454547
        ],
        [
          469.15909090909093,
          212.63636363636363
        ],
        [
          488.47727272727275,
          246.72727272727272
        ],
        [
          504.3863636363636,
          259.79545454545456
        ],
        [
          511,
          266
        ],
        [
          511,
          219
        ],
        [
          510.6363636363636,
          208.0909090909091
        ],
        [
          502.1136363636364,
          189.3409090909091
        ],
        [
          492.4545454545455,
          165.47727272727272
        ],
        [
          484.5,
          147.86363636363637
        ],
        [
          480.52272727272725,
          137.0681818181818
        ],
        [
          465.1818181818182,
          124.56818181818181
        ],
        [
          462.34090909090907,
          121.1590909090909
        ],
        [
          450.97727272727275,
          122.86363636363636
        ],
        [
          447.0,
          126.8409090909091
        ]
      ],
      "group_id": null,
      "shape_type": "polygon",
      "flags": {}
    },
    {
      "label": "细胞核",
      "points": [
        [
          475.40909090909093,
          163.20454545454547
        ],
        [
          469.15909090909093,
          167.75
        ],
        [
          465.1818181818182,
          175.70454545454547
        ],
        [
          466.8863636363636,
          189.3409090909091
        ],
        [
          470.8636363636364,
          204.6818181818182
        ],
        [
          478.25,
          218.88636363636363
        ],
        [
          486.2045454545455,
          226.8409090909091
        ],
        [
          493.02272727272725,
          230.8181818181818
        ],
        [
          503.81818181818187,
          229.6818181818182
        ],
        [
          507.22727272727275,
          224.0
        ],
        [
          508.3636363636364,
          216.04545454545453
        ],
        [
          506.6590909090909,
          204.6818181818182
        ],
        [
          502.1136363636364,
          192.1818181818182
        ],
        [
          498.1363636363636,
          180.8181818181818
        ],
        [
          491.8863636363636,
          171.72727272727272
        ],
        [
          489.6136363636364,
          166.61363636363637
        ],
        [
          484.5,
          163.77272727272728
        ]
      ],
      "group_id": null,
      "shape_type": "polygon",
      "flags": {}
    },
    {
      "label": "细胞核",
      "points": [
        [
          503.81818181818187,
          357.52272727272725
        ],
        [
          500.4090909090909,
          365.47727272727275
        ],
        [
          500.4090909090909,
          379.6818181818182
        ],
        [
          500.4090909090909,
          385.3636363636364
        ],
        [
          503.25,
          395.59090909090907
        ],
        [
          500.97727272727275,
          409.79545454545456
        ],
        [
          498.7045454545455,
          418.8863636363636
        ],
        [
          498.7045454545455,
          428.54545454545456
        ],
        [
          506.0909090909091,
          438.20454545454544
        ],
        [
          509.5,
          439.90909090909093
        ],
        [
          510.06818181818187,
          395.02272727272725
        ]
      ],
      "group_id": null,
      "shape_type": "polygon",
      "flags": {}
    },
    {
      "label": "细胞核",
      "points": [
        [
          449.27272727272725,
          444.45454545454544
        ],
        [
          441.3181818181818,
          452.97727272727275
        ],
        [
          436.77272727272725,
          459.79545454545456
        ],
        [
          436.77272727272725,
          466.6136363636364
        ],
        [
          439.04545454545456,
          470.02272727272725
        ],
        [
          438.47727272727275,
          480.8181818181818
        ],
        [
          442.45454545454544,
          483.65909090909093
        ],
        [
          448.70454545454544,
          483.09090909090907
        ],
        [
          464.04545454545456,
          477.40909090909093
        ],
        [
          469.72727272727275,
          466.6136363636364
        ],
        [
          477.6818181818182,
          452.97727272727275
        ],
        [
          479.3863636363636,
          443.8863636363636
        ],
        [
          473.1363636363636,
          438.77272727272725
        ],
        [
          465.1818181818182,
          438.77272727272725
        ],
        [
          458.9318181818182,
          439.34090909090907
        ]
      ],
      "group_id": null,
      "shape_type": "polygon",
      "flags": {}
    },
    {
      "label": "细胞核",
      "points": [
        [
          270.29545454545456,
          431.3863636363636
        ],
        [
          262.90909090909093,
          437.0681818181818
        ],
        [
          261.77272727272725,
          450.1363636363636
        ],
        [
          266.8863636363636,
          463.20454545454544
        ],
        [
          278.25,
          468.3181818181818
        ],
        [
          292.45454545454544,
          464.34090909090907
        ],
        [
          303.8181818181818,
          459.22727272727275
        ],
        [
          311.77272727272725,
          451.84090909090907
        ],
        [
          311.77272727272725,
          441.04545454545456
        ],
        [
          306.09090909090907,
          431.95454545454544
        ],
        [
          297.0,
          430.8181818181818
        ],
        [
          290.75,
          426.84090909090907
        ],
        [
          282.79545454545456,
          426.27272727272725
        ],
        [
          275.40909090909093,
          427.97727272727275
        ]
      ],
      "group_id": null,
      "shape_type": "polygon",
      "flags": {}
    },
    {
      "label": "细胞核",
      "points": [
        [
          200.4090909090909,
          405.25
        ],
        [
          197.0,
          416.04545454545456
        ],
        [
          197.0,
          426.27272727272725
        ],
        [
          199.8409090909091,
          439.34090909090907
        ],
        [
          203.8181818181818,
          447.8636363636364
        ],
        [
          211.20454545454547,
          451.84090909090907
        ],
        [
          223.13636363636363,
          451.84090909090907
        ],
        [
          231.65909090909093,
          443.3181818181818
        ],
        [
          234.5,
          433.09090909090907
        ],
        [
          236.20454545454544,
          422.8636363636364
        ],
        [
          233.9318181818182,
          412.6363636363636
        ],
        [
          231.09090909090907,
          405.8181818181818
        ],
        [
          227.6818181818182,
          397.29545454545456
        ],
        [
          222.5681818181818,
          393.8863636363636
        ],
        [
          216.88636363636363,
          392.1818181818182
        ],
        [
          207.22727272727272,
          394.45454545454544
        ],
        [
          203.25,
          400.1363636363636
        ]
      ],
      "group_id": null,
      "shape_type": "polygon",
      "flags": {}
    },
    {
      "label": "细胞核",
      "points": [
        [
          260.0681818181818,
          306.3863636363636
        ],
        [
          260.0681818181818,
          318.8863636363636
        ],
        [
          266.3181818181818,
          335.9318181818182
        ],
        [
          272.0,
          343.8863636363636
        ],
        [
          282.22727272727275,
          349.0
        ],
        [
          293.02272727272725,
          346.72727272727275
        ],
        [
          297.0,
          339.90909090909093
        ],
        [
          299.27272727272725,
          328.54545454545456
        ],
        [
          297.5681818181818,
          315.47727272727275
        ],
        [
          295.8636363636364,
          310.3636363636364
        ],
        [
          292.45454545454544,
          303.54545454545456
        ],
        [
          283.9318181818182,
          297.29545454545456
        ],
        [
          277.1136363636364,
          295.59090909090907
        ],
        [
          268.59090909090907,
          295.59090909090907
        ],
        [
          263.47727272727275,
          300.1363636363636
        ]
      ],
      "group_id": null,
      "shape_type": "polygon",
      "flags": {}
    },
    {
      "label": "细胞核",
      "points": [
        [
          362.90909090909093,
          306.95454545454544
        ],
        [
          364.6136363636364,
          320.02272727272725
        ],
        [
          374.27272727272725,
          327.40909090909093
        ],
        [
          383.9318181818182,
          333.65909090909093
        ],
        [
          395.8636363636364,
          335.9318181818182
        ],
        [
          402.1136363636364,
          338.20454545454544
        ],
        [
          415.1818181818182,
          336.5
        ],
        [
          418.59090909090907,
          331.95454545454544
        ],
        [
          417.45454545454544,
          323.4318181818182
        ],
        [
          415.75,
          314.34090909090907
        ],
        [
          408.3636363636364,
          306.95454545454544
        ],
        [
          400.40909090909093,
          300.70454545454544
        ],
        [
          389.04545454545456,
          297.29545454545456
        ],
        [
          379.95454545454544,
          294.45454545454544
        ],
        [
          370.8636363636364,
          295.59090909090907
        ],
        [
          364.6136363636364,
          300.1363636363636
        ]
      ],
      "group_id": null,
      "shape_type": "polygon",
      "flags": {}
    },
    {
      "label": "细胞核",
      "points": [
        [
          381.09090909090907,
          232.52272727272728
        ],
        [
          383.9318181818182,
          242.1818181818182
        ],
        [
          387.90909090909093,
          252.4090909090909
        ],
        [
          389.04545454545456,
          260.3636363636364
        ],
        [
          397.0,
          267.75
        ],
        [
          408.9318181818182,
          277.97727272727275
        ],
        [
          416.8863636363636,
          281.95454545454544
        ],
        [
          423.1363636363636,
          280.8181818181818
        ],
        [
          427.6818181818182,
          277.97727272727275
        ],
        [
          430.52272727272725,
          269.45454545454544
        ],
        [
          428.8181818181818,
          259.22727272727275
        ],
        [
          420.8636363636364,
          250.70454545454547
        ],
        [
          414.6136363636364,
          242.1818181818182
        ],
        [
          405.52272727272725,
          233.6590909090909
        ],
        [
          400.97727272727275,
          229.11363636363637
        ],
        [
          395.29545454545456,
          226.27272727272728
        ],
        [
          387.90909090909093,
          226.27272727272728
        ]
      ],
      "group_id": null,
      "shape_type": "polygon",
      "flags": {}
    },
    {
      "label": "细胞核",
      "points": [
        [
          264.6136363636364,
          191.04545454545453
        ],
        [
          262.34090909090907,
          197.29545454545453
        ],
        [
          266.8863636363636,
          207.52272727272728
        ],
        [
          274.84090909090907,
          210.9318181818182
        ],
        [
          284.5,
          212.63636363636363
        ],
        [
          291.3181818181818,
          213.20454545454547
        ],
        [
          298.1363636363636,
          209.79545454545453
        ],
        [
          301.54545454545456,
          205.8181818181818
        ],
        [
          310.6363636363636,
          200.13636363636363
        ],
        [
          317.45454545454544,
          196.72727272727272
        ],
        [
          319.15909090909093,
          189.9090909090909
        ],
        [
          318.59090909090907,
          182.52272727272728
        ],
        [
          312.34090909090907,
          177.97727272727272
        ],
        [
          306.09090909090907,
          177.4090909090909
        ],
        [
          292.45454545454544,
          179.11363636363637
        ],
        [
          285.6363636363636,
          179.6818181818182
        ],
        [
          279.3863636363636,
          183.6590909090909
        ],
        [
          275.40909090909093,
          185.9318181818182
        ],
        [
          269.72727272727275,
          185.9318181818182
        ]
      ],
      "group_id": null,
      "shape_type": "polygon",
      "flags": {}
    },
    {
      "label": "细胞核",
      "points": [
        [
          298.1363636363636,
          231.95454545454547
        ],
        [
          297.5681818181818,
          239.3409090909091
        ],
        [
          306.09090909090907,
          249.0
        ],
        [
          318.59090909090907,
          254.6818181818182
        ],
        [
          332.22727272727275,
          255.25
        ],
        [
          343.59090909090907,
          251.8409090909091
        ],
        [
          350.40909090909093,
          243.88636363636363
        ],
        [
          350.40909090909093,
          233.6590909090909
        ],
        [
          345.8636363636364,
          228.54545454545453
        ],
        [
          340.75,
          224.5681818181818
        ],
        [
          333.9318181818182,
          222.86363636363637
        ],
        [
          324.27272727272725,
          220.5909090909091
        ],
        [
          314.04545454545456,
          222.29545454545453
        ],
        [
          305.52272727272725,
          225.70454545454547
        ]
      ],
      "group_id": null,
      "shape_type": "polygon",
      "flags": {}
    },
    {
      "label": "细胞核",
      "points": [
        [
          173.70454545454547,
          49.56818181818182
        ],
        [
          170.86363636363637,
          56.38636363636363
        ],
        [
          172.0,
          64.3409090909091
        ],
        [
          177.6818181818182,
          70.5909090909091
        ],
        [
          187.9090909090909,
          73.43181818181819
        ],
        [
          199.27272727272728,
          74.56818181818181
        ],
        [
          211.77272727272728,
          67.75
        ],
        [
          216.88636363636363,
          60.93181818181818
        ],
        [
          216.88636363636363,
          52.40909090909091
        ],
        [
          211.77272727272728,
          49.56818181818182
        ],
        [
          205.52272727272728,
          47.29545454545455
        ],
        [
          198.13636363636363,
          43.88636363636363
        ],
        [
          186.20454545454547,
          45.02272727272727
        ],
        [
          179.95454545454547,
          45.02272727272727
        ]
      ],
      "group_id": null,
      "shape_type": "polygon",
      "flags": {}
    },
    {
      "label": "细胞核",
      "points": [
        [
          2.1136363636363633,
          72.86363636363636
        ],
        [
          13.477272727272727,
          67.75
        ],
        [
          25.409090909090907,
          66.04545454545455
        ],
        [
          36.20454545454545,
          68.88636363636364
        ],
        [
          41.88636363636364,
          74.56818181818181
        ],
        [
          43.59090909090909,
          81.38636363636364
        ],
        [
          43.59090909090909,
          90.47727272727273
        ],
        [
          40.75,
          97.86363636363636
        ],
        [
          35.06818181818182,
          103.54545454545455
        ],
        [
          19.159090909090907,
          109.79545454545455
        ],
        [
          10.06818181818182,
          110.36363636363636
        ],
        [
          2.6818181818181834,
          109.22727272727273
        ],
        [
          2.1136363636363633,
          107.52272727272727
        ]
      ],
      "group_id": null,
      "shape_type": "polygon",
      "flags": {}
    },
    {
      "label": "细胞核",
      "points": [
        [
          7.227272727272727,
          176.8409090909091
        ],
        [
          0.9772727272727266,
          187.0681818181818
        ],
        [
          0.40909090909091006,
          197.29545454545453
        ],
        [
          8.93181818181818,
          204.6818181818182
        ],
        [
          17.454545454545453,
          206.95454545454547
        ],
        [
          27.68181818181818,
          204.11363636363637
        ],
        [
          32.79545454545455,
          195.5909090909091
        ],
        [
          40.18181818181819,
          189.9090909090909
        ],
        [
          49.272727272727266,
          177.97727272727272
        ],
        [
          51.54545454545455,
          171.1590909090909
        ],
        [
          48.13636363636364,
          161.5
        ],
        [
          43.022727272727266,
          159.79545454545453
        ],
        [
          35.06818181818182,
          159.79545454545453
        ],
        [
          21.43181818181818,
          164.9090909090909
        ],
        [
          15.75,
          168.88636363636363
        ]
      ],
      "group_id": null,
      "shape_type": "polygon",
      "flags": {}
    },
    {
      "label": "细胞核",
      "points": [
        [
          62.34090909090909,
          181.95454545454547
        ],
        [
          58.93181818181819,
          193.88636363636363
        ],
        [
          62.34090909090909,
          204.11363636363637
        ],
        [
          70.86363636363636,
          210.9318181818182
        ],
        [
          82.22727272727273,
          210.36363636363637
        ],
        [
          97.0,
          204.11363636363637
        ],
        [
          107.22727272727272,
          195.5909090909091
        ],
        [
          113.47727272727272,
          187.63636363636363
        ],
        [
          112.9090909090909,
          173.4318181818182
        ],
        [
          106.6590909090909,
          166.04545454545453
        ],
        [
          100.4090909090909,
          160.36363636363637
        ],
        [
          90.18181818181819,
          159.79545454545453
        ],
        [
          78.25,
          163.77272727272728
        ],
        [
          69.72727272727273,
          169.45454545454547
        ],
        [
          64.04545454545455,
          176.27272727272728
        ]
      ],
      "group_id": null,
      "shape_type": "polygon",
      "flags": {}
    },
    {
      "label": "细胞核",
      "points": [
        [
          127.11363636363637,
          267.1818181818182
        ],
        [
          120.86363636363637,
          275.70454545454544
        ],
        [
          119.72727272727272,
          285.9318181818182
        ],
        [
          128.8181818181818,
          295.02272727272725
        ],
        [
          141.3181818181818,
          298.4318181818182
        ],
        [
          153.25,
          297.8636363636364
        ],
        [
          161.77272727272728,
          292.1818181818182
        ],
        [
          172.0,
          282.52272727272725
        ],
        [
          172.0,
          270.02272727272725
        ],
        [
          164.61363636363637,
          261.5
        ],
        [
          158.9318181818182,
          258.65909090909093
        ],
        [
          149.27272727272728,
          258.65909090909093
        ],
        [
          138.47727272727272,
          260.3636363636364
        ]
      ],
      "group_id": null,
      "shape_type": "polygon",
      "flags": {}
    },
    {
      "label": "细胞核",
      "points": [
        [
          18.590909090909093,
          266.04545454545456
        ],
        [
          37.90909090909091,
          273.4318181818182
        ],
        [
          57.79545454545455,
          277.97727272727275
        ],
        [
          73.70454545454545,
          276.27272727272725
        ],
        [
          90.75,
          263.77272727272725
        ],
        [
          94.1590909090909,
          251.27272727272728
        ],
        [
          91.31818181818181,
          242.1818181818182
        ],
        [
          83.93181818181819,
          239.3409090909091
        ],
        [
          75.97727272727273,
          238.77272727272728
        ],
        [
          57.227272727272734,
          245.02272727272728
        ],
        [
          40.18181818181819,
          250.13636363636363
        ],
        [
          25.409090909090907,
          254.6818181818182
        ],
        [
          18.590909090909093,
          258.65909090909093
        ]
      ],
      "group_id": null,
      "shape_type": "polygon",
      "flags": {}
    },
    {
      "label": "细胞核",
      "points": [
        [
          46.43181818181819,
          362.0681818181818
        ],
        [
          45.29545454545455,
          377.97727272727275
        ],
        [
          49.84090909090909,
          400.70454545454544
        ],
        [
          58.93181818181819,
          417.1818181818182
        ],
        [
          72.56818181818181,
          420.59090909090907
        ],
        [
          85.63636363636364,
          413.77272727272725
        ],
        [
          90.75,
          395.02272727272725
        ],
        [
          90.18181818181819,
          380.8181818181818
        ],
        [
          83.93181818181819,
          365.47727272727275
        ],
        [
          75.4090909090909,
          352.40909090909093
        ],
        [
          65.18181818181819,
          348.4318181818182
        ],
        [
          57.227272727272734,
          349.0
        ],
        [
          50.977272727272734,
          355.25
        ]
      ],
      "group_id": null,
      "shape_type": "polygon",
      "flags": {}
    }
  ],
  "imagePath": "2e06e254-bba8-11e8-b2ba-ac1f6b6435d0_dst.png",
  "imageData": null,
  "imageHeight": 512,
  "imageWidth": 512
}