{
  "version": "4.5.6",
  "flags": {},
  "shapes": [
    {
      "label": "细胞膜",
      "points": [
        [
          3.25,
          100.70454545454545
        ],
        [
          22.56818181818182,
          101.27272727272727
        ],
        [
          32.22727272727273,
          101.27272727272727
        ],
        [
          35.63636363636363,
          107.52272727272727
        ],
        [
          47.0,
          107.52272727272727
        ],
        [
          50.977272727272734,
          104.68181818181819
        ],
        [
          60.63636363636364,
          109.22727272727273
        ],
        [
          70.86363636363636,
          117.18181818181819
        ],
        [
          70.86363636363636,
          126.27272727272727
        ],
        [
          66.31818181818181,
          129.11363636363637
        ],
        [
          66.31818181818181,
          138.77272727272728
        ],
        [
          57.79545454545455,
          149.0
        ],
        [
          39.04545454545455,
          156.95454545454547
        ],
        [
          19.159090909090907,
          165.47727272727272
        ],
        [
          4.386363636363633,
          170.5909090909091
        ],
        [
          0.40909090909091006,
          170.5909090909091
        ],
        [
          0,
          121
        ],
        [
          0,
          100
        ]
      ],
      "group_id": null,
      "shape_type": "polygon",
      "flags": {}
    },
    {
      "label": "细胞膜",
      "points": [
        [
          14.045454545454547,
          306.3863636363636
        ],
        [
          25.977272727272727,
          310.9318181818182
        ],
        [
          34.5,
          320.02272727272725
        ],
        [
          35.63636363636363,
          331.3863636363636
        ],
        [
          28.81818181818182,
          342.75
        ],
        [
          23.136363636363633,
          350.70454545454544
        ],
        [
          10.636363636363633,
          350.70454545454544
        ],
        [
          0,
          349
        ],
        [
          0,
          345
        ],
        [
          0,
          309
        ],
        [
          4.386363636363633,
          308.09090909090907
        ]
      ],
      "group_id": null,
      "shape_type": "polygon",
      "flags": {}
    },
    {
      "label": "细胞膜",
      "points": [
        [
          107.22727272727272,
          101.27272727272727
        ],
        [
          95.29545454545455,
          121.1590909090909
        ],
        [
          78.81818181818181,
          157.52272727272728
        ],
        [
          64.04545454545455,
          189.3409090909091
        ],
        [
          58.93181818181819,
          201.27272727272728
        ],
        [
          60.06818181818181,
          220.5909090909091
        ],
        [
          66.88636363636364,
          233.6590909090909
        ],
        [
          70.86363636363636,
          238.77272727272728
        ],
        [
          93.02272727272727,
          230.25
        ],
        [
          102.11363636363637,
          212.0681818181818
        ],
        [
          105.52272727272728,
          195.5909090909091
        ],
        [
          108.36363636363637,
          158.0909090909091
        ],
        [
          111.77272727272728,
          122.86363636363636
        ],
        [
          111.77272727272728,
          106.95454545454545
        ]
      ],
      "group_id": null,
      "shape_type": "polygon",
      "flags": {}
    },
    {
      "label": "细胞膜",
      "points": [
        [
          70.86363636363636,
          32.52272727272727
        ],
        [
          69.1590909090909,
          41.04545454545455
        ],
        [
          74.8409090909091,
          55.81818181818182
        ],
        [
          90.75,
          58.09090909090909
        ],
        [
          100.4090909090909,
          59.79545454545455
        ],
        [
          117.45454545454547,
          64.3409090909091
        ],
        [
          128.8181818181818,
          56.38636363636363
        ],
        [
          125.97727272727272,
          45.02272727272727
        ],
        [
          124.8409090909091,
          38.20454545454545
        ],
        [
          138.47727272727272,
          37.63636363636363
        ],
        [
          150.4090909090909,
          34.79545454545455
        ],
        [
          155.52272727272728,
          21.15909090909091
        ],
        [
          144.1590909090909,
          10.931818181818182
        ],
        [
          136.77272727272728,
          3.545454545454546
        ],
        [
          127.68181818181819,
          0.7045454545454546
        ],
        [
          119,
          0
        ],
        [
          104,
          0
        ],
        [
          94.72727272727273,
          10.931818181818182
        ],
        [
          85.63636363636364,
          19.454545454545453
        ],
        [
          77.68181818181819,
          24.568181818181817
        ]
      ],
      "group_id": null,
      "shape_type": "polygon",
      "flags": {}
    },
    {
      "label": "细胞膜",
      "points": [
        [
          140.1818181818182,
          48.43181818181818
        ],
        [
          162.3409090909091,
          50.13636363636363
        ],
        [
          178.25,
          48.43181818181818
        ],
        [
          197.0,
          43.31818181818182
        ],
        [
          215.75,
          35.36363636363637
        ],
        [
          228.25,
          24.568181818181817
        ],
        [
          231.09090909090907,
          14.909090909090908
        ],
        [
          227.6818181818182,
          9.795454545454545
        ],
        [
          213.47727272727272,
          9.795454545454545
        ],
        [
          193.02272727272728,
          13.772727272727273
        ],
        [
          173.13636363636363,
          19.454545454545453
        ],
        [
          160.0681818181818,
          21.15909090909091
        ],
        [
          154.95454545454547,
          25.136363636363637
        ],
        [
          152.11363636363637,
          32.52272727272727
        ],
        [
          150.4090909090909,
          37.06818181818182
        ],
        [
          143.5909090909091,
          39.90909090909091
        ],
        [
          136.77272727272728,
          43.31818181818182
        ]
      ],
      "group_id": null,
      "shape_type": "polygon",
      "flags": {}
    },
    {
      "label": "细胞膜",
      "points": [
        [
          160.63636363636363,
          104.68181818181819
        ],
        [
          174.27272727272728,
          114.3409090909091
        ],
        [
          192.45454545454547,
          118.31818181818181
        ],
        [
          197.5681818181818,
          124.0
        ],
        [
          199.27272727272728,
          130.8181818181818
        ],
        [
          211.77272727272728,
          127.97727272727272
        ],
        [
          222.0,
          121.72727272727273
        ],
        [
          232.22727272727275,
          119.45454545454545
        ],
        [
          232.22727272727275,
          108.6590909090909
        ],
        [
          233.9318181818182,
          96.1590909090909
        ],
        [
          229.38636363636363,
          84.79545454545455
        ],
        [
          215.75,
          81.95454545454545
        ],
        [
          199.8409090909091,
          80.81818181818181
        ],
        [
          189.04545454545453,
          81.95454545454545
        ],
        [
          173.70454545454547,
          87.06818181818181
        ],
        [
          165.75,
          94.45454545454545
        ]
      ],
      "group_id": null,
      "shape_type": "polygon",
      "flags": {}
    },
    {
      "label": "细胞膜",
      "points": [
        [
          256.65909090909093,
          14.909090909090908
        ],
        [
          240.1818181818182,
          33.65909090909091
        ],
        [
          231.65909090909093,
          54.11363636363637
        ],
        [
          232.79545454545456,
          76.27272727272727
        ],
        [
          241.3181818181818,
          89.9090909090909
        ],
        [
          250.40909090909093,
          99.56818181818181
        ],
        [
          256.09090909090907,
          116.61363636363636
        ],
        [
          259.5,
          126.8409090909091
        ],
        [
          262.34090909090907,
          133.6590909090909
        ],
        [
          271.4318181818182,
          125.13636363636364
        ],
        [
          282.22727272727275,
          113.77272727272727
        ],
        [
          286.20454545454544,
          92.18181818181819
        ],
        [
          293.02272727272725,
          74.56818181818181
        ],
        [
          297.0,
          60.36363636363637
        ],
        [
          297.0,
          39.34090909090909
        ],
        [
          295.29545454545456,
          21.727272727272727
        ],
        [
          291.3181818181818,
          15.477272727272727
        ],
        [
          282.79545454545456,
          12.636363636363637
        ],
        [
          272.5681818181818,
          8.659090909090908
        ],
        [
          269.72727272727275,
          6.954545454545454
        ],
        [
          262.34090909090907,
          9.227272727272727
        ]
      ],
      "group_id": null,
      "shape_type": "polygon",
      "flags": {}
    },
    {
      "label": "细胞膜",
      "points": [
        [
          287.90909090909093,
          89.9090909090909
        ],
        [
          285.6363636363636,
          107.52272727272727
        ],
        [
          291.3181818181818,
          116.04545454545455
        ],
        [
          304.95454545454544,
          118.88636363636364
        ],
        [
          322.5681818181818,
          114.3409090909091
        ],
        [
          334.5,
          101.27272727272727
        ],
        [
          344.72727272727275,
          96.72727272727273
        ],
        [
          343.59090909090907,
          79.11363636363636
        ],
        [
          337.90909090909093,
          72.29545454545455
        ],
        [
          321.4318181818182,
          69.45454545454545
        ],
        [
          313.47727272727275,
          71.72727272727273
        ],
        [
          304.95454545454544,
          72.29545454545455
        ],
        [
          299.84090909090907,
          68.88636363636364
        ],
        [
          297.0,
          68.88636363636364
        ],
        [
          293.02272727272725,
          77.4090909090909
        ]
      ],
      "group_id": null,
      "shape_type": "polygon",
      "flags": {}
    },
    {
      "label": "细胞膜",
      "points": [
        [
          295.29545454545456,
          133.6590909090909
        ],
        [
          297.0,
          151.8409090909091
        ],
        [
          303.25,
          170.5909090909091
        ],
        [
          313.47727272727275,
          197.29545454545453
        ],
        [
          316.8863636363636,
          213.77272727272728
        ],
        [
          322.0,
          227.4090909090909
        ],
        [
          336.77272727272725,
          226.8409090909091
        ],
        [
          349.27272727272725,
          214.3409090909091
        ],
        [
          347.5681818181818,
          201.27272727272728
        ],
        [
          349.84090909090907,
          186.5
        ],
        [
          353.25,
          173.4318181818182
        ],
        [
          349.84090909090907,
          160.9318181818182
        ],
        [
          343.59090909090907,
          143.88636363636363
        ],
        [
          353.8181818181818,
          132.52272727272728
        ],
        [
          353.8181818181818,
          120.02272727272727
        ],
        [
          345.8636363636364,
          115.47727272727273
        ],
        [
          336.20454545454544,
          114.9090909090909
        ],
        [
          331.09090909090907,
          110.36363636363636
        ],
        [
          320.8636363636364,
          114.9090909090909
        ],
        [
          308.9318181818182,
          118.31818181818181
        ],
        [
          298.70454545454544,
          121.72727272727273
        ]
      ],
      "group_id": null,
      "shape_type": "polygon",
      "flags": {}
    },
    {
      "label": "细胞膜",
      "points": [
        [
          424.84090909090907,
          161.5
        ],
        [
          421.4318181818182,
          174.5681818181818
        ],
        [
          420.29545454545456,
          192.1818181818182
        ],
        [
          426.54545454545456,
          203.54545454545453
        ],
        [
          438.47727272727275,
          212.63636363636363
        ],
        [
          456.09090909090907,
          210.36363636363637
        ],
        [
          470.8636363636364,
          203.54545454545453
        ],
        [
          472.0,
          192.1818181818182
        ],
        [
          469.15909090909093,
          168.3181818181818
        ],
        [
          458.3636363636364,
          158.0909090909091
        ],
        [
          449.84090909090907,
          149.5681818181818
        ],
        [
          436.77272727272725,
          142.75
        ],
        [
          429.95454545454544,
          145.02272727272728
        ],
        [
          425.40909090909093,
          155.8181818181818
        ]
      ],
      "group_id": null,
      "shape_type": "polygon",
      "flags": {}
    },
    {
      "label": "细胞膜",
      "points": [
        [
          199.27272727272728,
          171.72727272727272
        ],
        [
          217.45454545454547,
          189.9090909090909
        ],
        [
          235.0681818181818,
          195.02272727272728
        ],
        [
          256.65909090909093,
          195.02272727272728
        ],
        [
          274.27272727272725,
          188.77272727272728
        ],
        [
          282.79545454545456,
          175.70454545454547
        ],
        [
          273.70454545454544,
          163.20454545454547
        ],
        [
          260.6363636363636,
          156.38636363636363
        ],
        [
          249.27272727272725,
          154.6818181818182
        ],
        [
          229.95454545454544,
          154.11363636363637
        ],
        [
          215.75,
          155.8181818181818
        ],
        [
          206.0909090909091,
          162.63636363636363
        ]
      ],
      "group_id": null,
      "shape_type": "polygon",
      "flags": {}
    },
    {
      "label": "细胞膜",
      "points": [
        [
          165.75,
          242.1818181818182
        ],
        [
          179.95454545454547,
          247.86363636363637
        ],
        [
          195.86363636363637,
          249.5681818181818
        ],
        [
          212.9090909090909,
          246.72727272727272
        ],
        [
          232.79545454545456,
          241.61363636363637
        ],
        [
          239.61363636363637,
          247.29545454545453
        ],
        [
          247.0,
          247.29545454545453
        ],
        [
          256.65909090909093,
          240.47727272727272
        ],
        [
          266.3181818181818,
          235.36363636363637
        ],
        [
          262.34090909090907,
          225.13636363636363
        ],
        [
          258.3636363636364,
          220.02272727272728
        ],
        [
          257.79545454545456,
          210.36363636363637
        ],
        [
          264.6136363636364,
          199.0
        ],
        [
          257.22727272727275,
          196.1590909090909
        ],
        [
          252.6818181818182,
          201.27272727272728
        ],
        [
          249.84090909090907,
          207.52272727272728
        ],
        [
          224.27272727272728,
          212.0681818181818
        ],
        [
          210.0681818181818,
          211.5
        ],
        [
          195.29545454545453,
          213.77272727272728
        ],
        [
          178.8181818181818,
          221.1590909090909
        ],
        [
          165.75,
          229.11363636363637
        ],
        [
          157.22727272727272,
          231.95454545454547
        ],
        [
          148.13636363636363,
          233.0909090909091
        ],
        [
          143.02272727272728,
          239.9090909090909
        ],
        [
          146.4318181818182,
          243.3181818181818
        ],
        [
          155.52272727272728,
          242.1818181818182
        ]
      ],
      "group_id": null,
      "shape_type": "polygon",
      "flags": {}
    },
    {
      "label": "细胞膜",
      "points": [
        [
          2.6818181818181834,
          418.8863636363636
        ],
        [
          11.772727272727273,
          424.5681818181818
        ],
        [
          19.727272727272727,
          439.34090909090907
        ],
        [
          18.590909090909093,
          455.8181818181818
        ],
        [
          10.06818181818182,
          466.04545454545456
        ],
        [
          0.9772727272727266,
          471.72727272727275
        ],
        [
          0,
          456
        ],
        [
          0,
          426
        ]
      ],
      "group_id": null,
      "shape_type": "polygon",
      "flags": {}
    },
    {
      "label": "细胞膜",
      "points": [
        [
          101.54545454545453,
          334.79545454545456
        ],
        [
          103.81818181818181,
          345.59090909090907
        ],
        [
          111.20454545454547,
          352.40909090909093
        ],
        [
          123.13636363636363,
          357.52272727272725
        ],
        [
          138.47727272727272,
          354.6818181818182
        ],
        [
          161.20454545454547,
          353.54545454545456
        ],
        [
          175.97727272727272,
          347.29545454545456
        ],
        [
          182.79545454545453,
          335.3636363636364
        ],
        [
          186.20454545454547,
          331.95454545454544
        ],
        [
          197.0,
          331.95454545454544
        ],
        [
          209.5,
          327.97727272727275
        ],
        [
          210.0681818181818,
          320.02272727272725
        ],
        [
          203.8181818181818,
          313.20454545454544
        ],
        [
          193.02272727272728,
          310.3636363636364
        ],
        [
          181.6590909090909,
          310.3636363636364
        ],
        [
          175.4090909090909,
          311.5
        ],
        [
          169.1590909090909,
          308.65909090909093
        ],
        [
          164.61363636363637,
          309.79545454545456
        ],
        [
          156.6590909090909,
          313.20454545454544
        ],
        [
          144.72727272727272,
          310.3636363636364
        ],
        [
          133.36363636363637,
          310.3636363636364
        ],
        [
          120.86363636363637,
          312.6363636363636
        ],
        [
          112.9090909090909,
          318.8863636363636
        ],
        [
          104.38636363636363,
          324.0
        ],
        [
          100.97727272727272,
          328.54545454545456
        ]
      ],
      "group_id": null,
      "shape_type": "polygon",
      "flags": {}
    },
    {
      "label": "细胞膜",
      "points": [
        [
          154.95454545454547,
          297.8636363636364
        ],
        [
          180.52272727272728,
          300.1363636363636
        ],
        [
          219.1590909090909,
          296.15909090909093
        ],
        [
          243.59090909090907,
          289.34090909090907
        ],
        [
          272.0,
          283.65909090909093
        ],
        [
          302.1136363636364,
          272.29545454545456
        ],
        [
          302.1136363636364,
          264.90909090909093
        ],
        [
          291.3181818181818,
          263.77272727272725
        ],
        [
          265.75,
          263.77272727272725
        ],
        [
          227.6818181818182,
          268.3181818181818
        ],
        [
          208.36363636363637,
          271.15909090909093
        ],
        [
          184.5,
          279.1136363636364
        ],
        [
          167.45454545454547,
          284.79545454545456
        ],
        [
          159.5,
          288.20454545454544
        ]
      ],
      "group_id": null,
      "shape_type": "polygon",
      "flags": {}
    },
    {
      "label": "细胞膜",
      "points": [
        [
          218.5909090909091,
          317.75
        ],
        [
          214.61363636363637,
          333.09090909090907
        ],
        [
          214.61363636363637,
          349.5681818181818
        ],
        [
          217.45454545454547,
          363.20454545454544
        ],
        [
          225.97727272727272,
          375.1363636363636
        ],
        [
          235.63636363636363,
          381.95454545454544
        ],
        [
          245.86363636363637,
          385.3636363636364
        ],
        [
          253.8181818181818,
          387.6363636363636
        ],
        [
          258.9318181818182,
          384.22727272727275
        ],
        [
          259.5,
          370.02272727272725
        ],
        [
          257.79545454545456,
          354.6818181818182
        ],
        [
          252.11363636363637,
          338.77272727272725
        ],
        [
          245.29545454545456,
          325.70454545454544
        ],
        [
          241.3181818181818,
          311.5
        ],
        [
          236.20454545454544,
          302.97727272727275
        ],
        [
          236.20454545454544,
          296.15909090909093
        ],
        [
          227.11363636363637,
          296.15909090909093
        ],
        [
          214.61363636363637,
          299.5681818181818
        ],
        [
          204.38636363636363,
          300.1363636363636
        ],
        [
          203.25,
          305.25
        ],
        [
          208.36363636363637,
          310.3636363636364
        ]
      ],
      "group_id": null,
      "shape_type": "polygon",
      "flags": {}
    },
    {
      "label": "细胞膜",
      "points": [
        [
          251.54545454545456,
          330.25
        ],
        [
          256.09090909090907,
          346.15909090909093
        ],
        [
          259.5,
          356.95454545454544
        ],
        [
          264.04545454545456,
          363.20454545454544
        ],
        [
          277.1136363636364,
          362.6363636363636
        ],
        [
          294.15909090909093,
          358.65909090909093
        ],
        [
          302.6818181818182,
          345.59090909090907
        ],
        [
          301.54545454545456,
          331.3863636363636
        ],
        [
          296.4318181818182,
          324.0
        ],
        [
          283.9318181818182,
          320.02272727272725
        ],
        [
          273.70454545454544,
          317.1818181818182
        ],
        [
          264.6136363636364,
          315.47727272727275
        ],
        [
          258.9318181818182,
          315.47727272727275
        ],
        [
          251.54545454545456,
          321.72727272727275
        ]
      ],
      "group_id": null,
      "shape_type": "polygon",
      "flags": {}
    },
    {
      "label": "细胞膜",
      "points": [
        [
          358.3636363636364,
          308.09090909090907
        ],
        [
          360.0681818181818,
          325.1363636363636
        ],
        [
          373.70454545454544,
          355.8181818181818
        ],
        [
          381.65909090909093,
          363.77272727272725
        ],
        [
          391.8863636363636,
          367.75
        ],
        [
          400.97727272727275,
          363.20454545454544
        ],
        [
          411.20454545454544,
          338.77272727272725
        ],
        [
          414.04545454545456,
          318.3181818181818
        ],
        [
          410.0681818181818,
          305.8181818181818
        ],
        [
          402.6818181818182,
          292.75
        ],
        [
          388.47727272727275,
          283.65909090909093
        ],
        [
          376.54545454545456,
          279.6818181818182
        ],
        [
          363.47727272727275,
          282.52272727272725
        ],
        [
          357.79545454545456,
          292.1818181818182
        ]
      ],
      "group_id": null,
      "shape_type": "polygon",
      "flags": {}
    },
    {
      "label": "细胞膜",
      "points": [
        [
          410.6363636363636,
          435.9318181818182
        ],
        [
          426.54545454545456,
          452.40909090909093
        ],
        [
          445.29545454545456,
          462.0681818181818
        ],
        [
          455.52272727272725,
          463.20454545454544
        ],
        [
          460.6363636363636,
          475.70454545454544
        ],
        [
          473.70454545454544,
          473.4318181818182
        ],
        [
          487.9090909090909,
          464.90909090909093
        ],
        [
          495.8636363636364,
          450.70454545454544
        ],
        [
          489.6136363636364,
          435.9318181818182
        ],
        [
          493.02272727272725,
          427.40909090909093
        ],
        [
          479.95454545454544,
          420.59090909090907
        ],
        [
          457.22727272727275,
          413.77272727272725
        ],
        [
          440.75,
          408.09090909090907
        ],
        [
          432.79545454545456,
          409.22727272727275
        ],
        [
          425.97727272727275,
          421.15909090909093
        ],
        [
          418.02272727272725,
          427.40909090909093
        ]
      ],
      "group_id": null,
      "shape_type": "polygon",
      "flags": {}
    },
    {
      "label": "细胞膜",
      "points": [
        [
          304.3863636363636,
          488.77272727272725
        ],
        [
          300.97727272727275,
          501.84090909090907
        ],
        [
          300,
          511
        ],
        [
          361,
          511
        ],
        [
          362.90909090909093,
          497.29545454545456
        ],
        [
          357.22727272727275,
          481.95454545454544
        ],
        [
          349.27272727272725,
          470.02272727272725
        ],
        [
          336.77272727272725,
          466.6136363636364
        ],
        [
          326.54545454545456,
          467.75
        ],
        [
          319.15909090909093,
          472.29545454545456
        ],
        [
          314.6136363636364,
          478.54545454545456
        ]
      ],
      "group_id": null,
      "shape_type": "polygon",
      "flags": {}
    },
    {
      "label": "细胞核",
      "points": [
        [
          9.5,
          119.45454545454545
        ],
        [
          2.6818181818181834,
          125.13636363636364
        ],
        [
          0,
          134
        ],
        [
          0,
          147
        ],
        [
          5.522727272727273,
          155.8181818181818
        ],
        [
          21.43181818181818,
          158.0909090909091
        ],
        [
          38.477272727272734,
          153.54545454545453
        ],
        [
          53.81818181818181,
          145.02272727272728
        ],
        [
          56.65909090909091,
          135.9318181818182
        ],
        [
          53.25,
          126.27272727272727
        ],
        [
          39.61363636363636,
          116.04545454545455
        ],
        [
          31.659090909090907,
          114.3409090909091
        ],
        [
          18.022727272727273,
          114.3409090909091
        ]
      ],
      "group_id": null,
      "shape_type": "polygon",
      "flags": {}
    },
    {
      "label": "细胞核",
      "points": [
        [
          74.8409090909091,
          176.8409090909091
        ],
        [
          68.5909090909091,
          190.47727272727272
        ],
        [
          68.02272727272727,
          202.4090909090909
        ],
        [
          73.70454545454545,
          213.77272727272728
        ],
        [
          86.77272727272727,
          219.45454545454547
        ],
        [
          95.29545454545455,
          214.9090909090909
        ],
        [
          102.11363636363637,
          200.70454545454547
        ],
        [
          104.38636363636363,
          188.20454545454547
        ],
        [
          104.38636363636363,
          179.6818181818182
        ],
        [
          99.8409090909091,
          174.5681818181818
        ],
        [
          91.31818181818181,
          171.1590909090909
        ],
        [
          85.63636363636364,
          170.5909090909091
        ]
      ],
      "group_id": null,
      "shape_type": "polygon",
      "flags": {}
    },
    {
      "label": "细胞核",
      "points": [
        [
          80.52272727272727,
          24.0
        ],
        [
          75.97727272727273,
          35.36363636363637
        ],
        [
          75.4090909090909,
          46.72727272727273
        ],
        [
          81.0909090909091,
          54.11363636363637
        ],
        [
          92.45454545454545,
          56.95454545454545
        ],
        [
          100.4090909090909,
          52.40909090909091
        ],
        [
          108.93181818181819,
          45.59090909090909
        ],
        [
          114.61363636363637,
          35.93181818181818
        ],
        [
          123.70454545454547,
          35.36363636363637
        ],
        [
          129.38636363636363,
          31.954545454545453
        ],
        [
          131.0909090909091,
          21.727272727272727
        ],
        [
          128.8181818181818,
          12.636363636363637
        ],
        [
          120.29545454545453,
          6.954545454545454
        ],
        [
          110.63636363636363,
          4.681818181818182
        ],
        [
          102.68181818181819,
          5.25
        ],
        [
          96.43181818181819,
          12.636363636363637
        ],
        [
          89.61363636363636,
          17.75
        ]
      ],
      "group_id": null,
      "shape_type": "polygon",
      "flags": {}
    },
    {
      "label": "细胞核",
      "points": [
        [
          159.5,
          27.40909090909091
        ],
        [
          157.79545454545453,
          35.93181818181818
        ],
        [
          164.61363636363637,
          45.02272727272727
        ],
        [
          170.86363636363637,
          45.02272727272727
        ],
        [
          184.5,
          44.45454545454545
        ],
        [
          199.8409090909091,
          39.90909090909091
        ],
        [
          210.0681818181818,
          33.09090909090909
        ],
        [
          211.20454545454547,
          24.568181818181817
        ],
        [
          206.6590909090909,
          17.75
        ],
        [
          202.11363636363637,
          16.045454545454547
        ],
        [
          194.72727272727272,
          16.045454545454547
        ],
        [
          184.5,
          18.886363636363637
        ],
        [
          169.1590909090909,
          22.295454545454547
        ],
        [
          163.47727272727272,
          22.295454545454547
        ]
      ],
      "group_id": null,
      "shape_type": "polygon",
      "flags": {}
    },
    {
      "label": "细胞核",
      "points": [
        [
          243.59090909090907,
          38.77272727272727
        ],
        [
          245.29545454545456,
          49.0
        ],
        [
          250.40909090909093,
          56.38636363636363
        ],
        [
          253.25,
          62.06818181818182
        ],
        [
          256.65909090909093,
          68.88636363636364
        ],
        [
          265.75,
          71.72727272727273
        ],
        [
          282.22727272727275,
          68.31818181818181
        ],
        [
          291.3181818181818,
          62.06818181818182
        ],
        [
          293.59090909090907,
          49.0
        ],
        [
          290.1818181818182,
          35.36363636363637
        ],
        [
          282.79545454545456,
          29.113636363636363
        ],
        [
          273.1363636363636,
          28.545454545454547
        ],
        [
          264.04545454545456,
          25.136363636363637
        ],
        [
          257.22727272727275,
          29.681818181818183
        ]
      ],
      "group_id": null,
      "shape_type": "polygon",
      "flags": {}
    },
    {
      "label": "细胞核",
      "points": [
        [
          184.5,
          92.75
        ],
        [
          179.95454545454547,
          95.5909090909091
        ],
        [
          180.52272727272728,
          103.54545454545455
        ],
        [
          191.3181818181818,
          106.38636363636364
        ],
        [
          202.11363636363637,
          109.22727272727273
        ],
        [
          203.25,
          113.77272727272727
        ],
        [
          212.3409090909091,
          114.3409090909091
        ],
        [
          216.88636363636363,
          111.5
        ],
        [
          227.6818181818182,
          108.0909090909091
        ],
        [
          233.36363636363637,
          96.72727272727273
        ],
        [
          228.8181818181818,
          89.3409090909091
        ],
        [
          221.4318181818182,
          85.93181818181819
        ],
        [
          213.47727272727272,
          85.36363636363636
        ],
        [
          204.95454545454547,
          84.22727272727273
        ],
        [
          194.1590909090909,
          84.22727272727273
        ]
      ],
      "group_id": null,
      "shape_type": "polygon",
      "flags": {}
    },
    {
      "label": "细胞核",
      "points": [
        [
          299.84090909090907,
          82.52272727272727
        ],
        [
          291.3181818181818,
          90.47727272727273
        ],
        [
          291.3181818181818,
          100.70454545454545
        ],
        [
          297.0,
          110.36363636363636
        ],
        [
          304.95454545454544,
          114.9090909090909
        ],
        [
          312.90909090909093,
          114.9090909090909
        ],
        [
          326.54545454545456,
          107.52272727272727
        ],
        [
          336.20454545454544,
          97.29545454545455
        ],
        [
          336.20454545454544,
          87.06818181818181
        ],
        [
          336.20454545454544,
          78.54545454545455
        ],
        [
          330.52272727272725,
          74.0
        ],
        [
          319.72727272727275,
          73.43181818181819
        ],
        [
          311.20454545454544,
          76.27272727272727
        ],
        [
          311.20454545454544,
          85.36363636363636
        ]
      ],
      "group_id": null,
      "shape_type": "polygon",
      "flags": {}
    },
    {
      "label": "细胞核",
      "points": [
        [
          309.5,
          131.38636363636363
        ],
        [
          303.8181818181818,
          140.47727272727272
        ],
        [
          303.25,
          151.8409090909091
        ],
        [
          307.22727272727275,
          164.3409090909091
        ],
        [
          318.02272727272725,
          176.8409090909091
        ],
        [
          329.95454545454544,
          179.6818181818182
        ],
        [
          338.47727272727275,
          175.70454545454547
        ],
        [
          340.75,
          159.22727272727272
        ],
        [
          338.47727272727275,
          142.1818181818182
        ],
        [
          333.3636363636364,
          131.38636363636363
        ],
        [
          328.25,
          125.13636363636364
        ],
        [
          319.15909090909093,
          125.13636363636364
        ]
      ],
      "group_id": null,
      "shape_type": "polygon",
      "flags": {}
    },
    {
      "label": "细胞核",
      "points": [
        [
          428.25,
          163.77272727272728
        ],
        [
          424.84090909090907,
          172.29545454545453
        ],
        [
          431.65909090909093,
          183.6590909090909
        ],
        [
          440.75,
          185.9318181818182
        ],
        [
          447.0,
          184.22727272727272
        ],
        [
          457.79545454545456,
          181.38636363636363
        ],
        [
          464.6136363636364,
          176.8409090909091
        ],
        [
          464.04545454545456,
          167.1818181818182
        ],
        [
          455.52272727272725,
          160.9318181818182
        ],
        [
          448.1363636363636,
          160.9318181818182
        ],
        [
          440.75,
          158.0909090909091
        ],
        [
          435.6363636363636,
          158.6590909090909
        ]
      ],
      "group_id": null,
      "shape_type": "polygon",
      "flags": {}
    },
    {
      "label": "细胞核",
      "points": [
        [
          215.75,
          167.1818181818182
        ],
        [
          219.1590909090909,
          174.5681818181818
        ],
        [
          229.38636363636363,
          179.6818181818182
        ],
        [
          244.15909090909093,
          184.22727272727272
        ],
        [
          256.65909090909093,
          184.22727272727272
        ],
        [
          265.75,
          178.54545454545453
        ],
        [
          264.04545454545456,
          168.3181818181818
        ],
        [
          258.9318181818182,
          164.3409090909091
        ],
        [
          248.13636363636363,
          162.63636363636363
        ],
        [
          237.34090909090907,
          160.9318181818182
        ],
        [
          228.8181818181818,
          158.0909090909091
        ],
        [
          223.13636363636363,
          158.6590909090909
        ],
        [
          220.29545454545453,
          160.36363636363637
        ]
      ],
      "group_id": null,
      "shape_type": "polygon",
      "flags": {}
    },
    {
      "label": "细胞核",
      "points": [
        [
          199.27272727272728,
          225.13636363636363
        ],
        [
          193.5909090909091,
          229.11363636363637
        ],
        [
          191.88636363636363,
          234.22727272727272
        ],
        [
          197.5681818181818,
          239.3409090909091
        ],
        [
          210.63636363636363,
          241.61363636363637
        ],
        [
          223.70454545454547,
          240.47727272727272
        ],
        [
          238.47727272727275,
          235.9318181818182
        ],
        [
          241.88636363636363,
          226.8409090909091
        ],
        [
          241.88636363636363,
          222.29545454545453
        ],
        [
          230.52272727272725,
          222.29545454545453
        ],
        [
          216.3181818181818,
          221.1590909090909
        ],
        [
          208.36363636363637,
          221.1590909090909
        ]
      ],
      "group_id": null,
      "shape_type": "polygon",
      "flags": {}
    },
    {
      "label": "细胞核",
      "points": [
        [
          183.9318181818182,
          282.52272727272725
        ],
        [
          187.3409090909091,
          291.6136363636364
        ],
        [
          195.86363636363637,
          295.02272727272725
        ],
        [
          213.47727272727272,
          294.45454545454544
        ],
        [
          232.22727272727275,
          288.77272727272725
        ],
        [
          238.47727272727275,
          283.09090909090907
        ],
        [
          240.1818181818182,
          275.70454545454544
        ],
        [
          237.90909090909093,
          271.15909090909093
        ],
        [
          228.8181818181818,
          270.02272727272725
        ],
        [
          216.88636363636363,
          273.4318181818182
        ],
        [
          204.95454545454547,
          275.70454545454544
        ],
        [
          191.88636363636363,
          277.97727272727275
        ]
      ],
      "group_id": null,
      "shape_type": "polygon",
      "flags": {}
    },
    {
      "label": "细胞核",
      "points": [
        [
          1.5454545454545467,
          313.77272727272725
        ],
        [
          6.0909090909090935,
          310.9318181818182
        ],
        [
          14.613636363636367,
          310.9318181818182
        ],
        [
          23.136363636363633,
          313.77272727272725
        ],
        [
          26.545454545454547,
          319.45454545454544
        ],
        [
          24.840909090909093,
          326.27272727272725
        ],
        [
          19.727272727272727,
          332.52272727272725
        ],
        [
          16.31818181818182,
          338.20454545454544
        ],
        [
          12.909090909090907,
          341.04545454545456
        ],
        [
          7.227272727272727,
          341.04545454545456
        ],
        [
          3.25,
          335.9318181818182
        ],
        [
          0.40909090909091006,
          333.09090909090907
        ]
      ],
      "group_id": null,
      "shape_type": "polygon",
      "flags": {}
    },
    {
      "label": "细胞核",
      "points": [
        [
          122.56818181818181,
          325.70454545454544
        ],
        [
          120.29545454545453,
          329.6818181818182
        ],
        [
          120.29545454545453,
          339.90909090909093
        ],
        [
          128.8181818181818,
          345.02272727272725
        ],
        [
          137.3409090909091,
          349.0
        ],
        [
          149.8409090909091,
          344.45454545454544
        ],
        [
          162.9090909090909,
          339.34090909090907
        ],
        [
          168.02272727272728,
          332.52272727272725
        ],
        [
          171.4318181818182,
          326.27272727272725
        ],
        [
          166.88636363636363,
          318.3181818181818
        ],
        [
          158.36363636363637,
          316.04545454545456
        ],
        [
          148.13636363636363,
          314.90909090909093
        ],
        [
          136.20454545454547,
          316.04545454545456
        ],
        [
          128.8181818181818,
          319.45454545454544
        ]
      ],
      "group_id": null,
      "shape_type": "polygon",
      "flags": {}
    },
    {
      "label": "细胞核",
      "points": [
        [
          224.8409090909091,
          343.3181818181818
        ],
        [
          220.86363636363637,
          349.5681818181818
        ],
        [
          223.13636363636363,
          359.22727272727275
        ],
        [
          232.79545454545456,
          368.3181818181818
        ],
        [
          240.75,
          372.29545454545456
        ],
        [
          249.84090909090907,
          373.4318181818182
        ],
        [
          253.8181818181818,
          363.77272727272725
        ],
        [
          252.11363636363637,
          355.8181818181818
        ],
        [
          249.84090909090907,
          347.29545454545456
        ],
        [
          245.86363636363637,
          338.77272727272725
        ],
        [
          239.61363636363637,
          335.9318181818182
        ],
        [
          231.09090909090907,
          334.79545454545456
        ]
      ],
      "group_id": null,
      "shape_type": "polygon",
      "flags": {}
    },
    {
      "label": "细胞核",
      "points": [
        [
          258.9318181818182,
          331.95454545454544
        ],
        [
          261.20454545454544,
          343.8863636363636
        ],
        [
          269.15909090909093,
          351.27272727272725
        ],
        [
          279.3863636363636,
          352.40909090909093
        ],
        [
          286.77272727272725,
          350.70454545454544
        ],
        [
          294.72727272727275,
          345.59090909090907
        ],
        [
          292.45454545454544,
          336.5
        ],
        [
          289.04545454545456,
          329.1136363636364
        ],
        [
          283.9318181818182,
          325.1363636363636
        ],
        [
          273.70454545454544,
          324.5681818181818
        ],
        [
          264.04545454545456,
          322.8636363636364
        ],
        [
          258.9318181818182,
          326.27272727272725
        ]
      ],
      "group_id": null,
      "shape_type": "polygon",
      "flags": {}
    },
    {
      "label": "细胞核",
      "points": [
        [
          369.15909090909093,
          310.9318181818182
        ],
        [
          378.8181818181818,
          304.6818181818182
        ],
        [
          391.8863636363636,
          304.6818181818182
        ],
        [
          402.1136363636364,
          313.20454545454544
        ],
        [
          404.95454545454544,
          320.59090909090907
        ],
        [
          404.95454545454544,
          331.95454545454544
        ],
        [
          402.1136363636364,
          340.47727272727275
        ],
        [
          394.15909090909093,
          346.72727272727275
        ],
        [
          383.9318181818182,
          348.4318181818182
        ],
        [
          374.84090909090907,
          344.45454545454544
        ],
        [
          367.45454545454544,
          335.3636363636364
        ],
        [
          364.04545454545456,
          323.4318181818182
        ],
        [
          364.04545454545456,
          317.75
        ]
      ],
      "group_id": null,
      "shape_type": "polygon",
      "flags": {}
    },
    {
      "label": "细胞核",
      "points": [
        [
          442.45454545454544,
          425.1363636363636
        ],
        [
          441.3181818181818,
          433.65909090909093
        ],
        [
          446.4318181818182,
          445.02272727272725
        ],
        [
          452.1136363636364,
          451.27272727272725
        ],
        [
          459.5,
          454.6818181818182
        ],
        [
          466.3181818181818,
          455.25
        ],
        [
          468.02272727272725,
          449.0
        ],
        [
          469.15909090909093,
          438.77272727272725
        ],
        [
          466.3181818181818,
          430.25
        ],
        [
          461.77272727272725,
          425.1363636363636
        ],
        [
          453.8181818181818,
          422.29545454545456
        ]
      ],
      "group_id": null,
      "shape_type": "polygon",
      "flags": {}
    },
    {
      "label": "细胞核",
      "points": [
        [
          324.27272727272725,
          485.9318181818182
        ],
        [
          320.29545454545456,
          491.6136363636364
        ],
        [
          318.59090909090907,
          500.1363636363636
        ],
        [
          318.59090909090907,
          506.95454545454544
        ],
        [
          343.02272727272725,
          508.09090909090907
        ],
        [
          347.5681818181818,
          496.15909090909093
        ],
        [
          344.72727272727275,
          488.20454545454544
        ],
        [
          341.8863636363636,
          481.3863636363636
        ],
        [
          336.77272727272725,
          480.8181818181818
        ],
        [
          332.22727272727275,
          481.95454545454544
        ]
      ],
      "group_id": null,
      "shape_type": "polygon",
      "flags": {}
    },
    {
      "label": "细胞核",
      "points": [
        [
          2.1136363636363633,
          452.97727272727275
        ],
        [
          7.795454545454547,
          447.29545454545456
        ],
        [
          11.204545454545453,
          442.1818181818182
        ],
        [
          11.204545454545453,
          434.79545454545456
        ],
        [
          9.5,
          431.3863636363636
        ],
        [
          4.954545454545453,
          427.97727272727275
        ],
        [
          0.40909090909091006,
          427.97727272727275
        ]
      ],
      "group_id": null,
      "shape_type": "polygon",
      "flags": {}
    }
  ],
  "imagePath": "2e0608f2-bba8-11e8-b2ba-ac1f6b6435d0_dst.png",
  "imageData": null,
  "imageHeight": 512,
  "imageWidth": 512
}