{
  "version": "4.5.6",
  "flags": {},
  "shapes": [
    {
      "label": "细胞膜",
      "points": [
        [
          28.25,
          342.75
        ],
        [
          32.22727272727273,
          366.04545454545456
        ],
        [
          35.06818181818182,
          383.09090909090907
        ],
        [
          39.04545454545455,
          392.1818181818182
        ],
        [
          54.95454545454545,
          391.6136363636364
        ],
        [
          71.43181818181819,
          383.65909090909093
        ],
        [
          91.88636363636364,
          370.02272727272725
        ],
        [
          96.43181818181819,
          361.5
        ],
        [
          110.06818181818181,
          345.59090909090907
        ],
        [
          116.88636363636363,
          327.40909090909093
        ],
        [
          115.75,
          313.20454545454544
        ],
        [
          109.5,
          303.54545454545456
        ],
        [
          96.43181818181819,
          299.0
        ],
        [
          81.6590909090909,
          299.0
        ],
        [
          61.772727272727266,
          309.22727272727275
        ],
        [
          43.59090909090909,
          320.02272727272725
        ],
        [
          35.06818181818182,
          329.6818181818182
        ],
        [
          32.22727272727273,
          337.0681818181818
        ]
      ],
      "group_id": null,
      "shape_type": "polygon",
      "flags": {}
    },
    {
      "label": "细胞膜",
      "points": [
        [
          106.0909090909091,
          421.72727272727275
        ],
        [
          97.0,
          440.47727272727275
        ],
        [
          95.29545454545455,
          455.25
        ],
        [
          98.13636363636364,
          470.59090909090907
        ],
        [
          99.27272727272727,
          478.54545454545456
        ],
        [
          102.68181818181819,
          486.5
        ],
        [
          110.06818181818181,
          485.9318181818182
        ],
        [
          112.3409090909091,
          478.54545454545456
        ],
        [
          123.70454545454547,
          474.5681818181818
        ],
        [
          139.04545454545453,
          464.90909090909093
        ],
        [
          147.5681818181818,
          454.1136363636364
        ],
        [
          156.6590909090909,
          442.1818181818182
        ],
        [
          159.5,
          427.40909090909093
        ],
        [
          158.36363636363637,
          417.75
        ],
        [
          149.8409090909091,
          410.9318181818182
        ],
        [
          143.02272727272728,
          406.95454545454544
        ],
        [
          129.95454545454547,
          408.65909090909093
        ],
        [
          115.18181818181819,
          412.0681818181818
        ]
      ],
      "group_id": null,
      "shape_type": "polygon",
      "flags": {}
    },
    {
      "label": "细胞膜",
      "points": [
        [
          0.40909090909091006,
          431.3863636363636
        ],
        [
          0,
          511
        ],
        [
          50,
          511
        ],
        [
          52.68181818181819,
          493.3181818181818
        ],
        [
          48.13636363636364,
          479.1136363636364
        ],
        [
          41.88636363636364,
          470.59090909090907
        ],
        [
          33.36363636363637,
          467.1818181818182
        ],
        [
          24.840909090909093,
          457.52272727272725
        ],
        [
          15.18181818181818,
          443.3181818181818
        ],
        [
          10.06818181818182,
          437.6363636363636
        ],
        [
          6.0909090909090935,
          434.79545454545456
        ]
      ],
      "group_id": null,
      "shape_type": "polygon",
      "flags": {}
    },
    {
      "label": "细胞膜",
      "points": [
        [
          153.25,
          510.3636363636364
        ],
        [
          254.95454545454544,
          510.3636363636364
        ],
        [
          253.25,
          497.8636363636364
        ],
        [
          248.13636363636363,
          481.3863636363636
        ],
        [
          241.3181818181818,
          472.8636363636364
        ],
        [
          233.36363636363637,
          466.04545454545456
        ],
        [
          217.45454545454547,
          462.6363636363636
        ],
        [
          200.4090909090909,
          462.6363636363636
        ],
        [
          182.22727272727272,
          467.75
        ],
        [
          170.86363636363637,
          476.84090909090907
        ],
        [
          163.47727272727272,
          489.90909090909093
        ],
        [
          156.0909090909091,
          500.70454545454544
        ]
      ],
      "group_id": null,
      "shape_type": "polygon",
      "flags": {}
    },
    {
      "label": "细胞膜",
      "points": [
        [
          238.47727272727275,
          14.909090909090908
        ],
        [
          231.09090909090907,
          37.06818181818182
        ],
        [
          225.4090909090909,
          60.93181818181818
        ],
        [
          226.54545454545453,
          81.95454545454545
        ],
        [
          232.22727272727275,
          93.88636363636364
        ],
        [
          254.38636363636363,
          100.13636363636364
        ],
        [
          277.1136363636364,
          91.61363636363636
        ],
        [
          304.3863636363636,
          71.72727272727273
        ],
        [
          320.29545454545456,
          51.27272727272727
        ],
        [
          328.8181818181818,
          37.06818181818182
        ],
        [
          328.8181818181818,
          21.15909090909091
        ],
        [
          320.8636363636364,
          16.045454545454547
        ],
        [
          302.6818181818182,
          11.5
        ],
        [
          289.6136363636364,
          8.659090909090908
        ],
        [
          267.45454545454544,
          6.386363636363637
        ],
        [
          255.52272727272725,
          6.386363636363637
        ],
        [
          246.4318181818182,
          8.090909090909092
        ]
      ],
      "group_id": null,
      "shape_type": "polygon",
      "flags": {}
    },
    {
      "label": "细胞膜",
      "points": [
        [
          41.31818181818181,
          205.25
        ],
        [
          31.659090909090907,
          215.47727272727272
        ],
        [
          25.409090909090907,
          223.4318181818182
        ],
        [
          31.090909090909093,
          226.8409090909091
        ],
        [
          45.86363636363636,
          214.3409090909091
        ],
        [
          57.79545454545455,
          200.13636363636363
        ],
        [
          62.34090909090909,
          197.86363636363637
        ],
        [
          57.79545454545455,
          213.20454545454547
        ],
        [
          55.522727272727266,
          223.4318181818182
        ],
        [
          57.79545454545455,
          232.52272727272728
        ],
        [
          69.72727272727273,
          237.63636363636363
        ],
        [
          85.63636363636364,
          234.22727272727272
        ],
        [
          108.93181818181819,
          225.70454545454547
        ],
        [
          124.27272727272728,
          208.6590909090909
        ],
        [
          137.3409090909091,
          189.3409090909091
        ],
        [
          154.95454545454547,
          170.5909090909091
        ],
        [
          160.63636363636363,
          159.22727272727272
        ],
        [
          163.47727272727272,
          143.3181818181818
        ],
        [
          166.88636363636363,
          127.4090909090909
        ],
        [
          165.1818181818182,
          112.06818181818181
        ],
        [
          162.9090909090909,
          100.13636363636364
        ],
        [
          154.95454545454547,
          107.52272727272727
        ],
        [
          145.86363636363637,
          114.9090909090909
        ],
        [
          128.25,
          119.45454545454545
        ],
        [
          110.63636363636363,
          131.38636363636363
        ],
        [
          95.29545454545455,
          140.47727272727272
        ],
        [
          75.97727272727273,
          160.9318181818182
        ],
        [
          60.06818181818181,
          180.25
        ],
        [
          48.13636363636364,
          194.45454545454547
        ]
      ],
      "group_id": null,
      "shape_type": "polygon",
      "flags": {}
    },
    {
      "label": "细胞膜",
      "points": [
        [
          168.02272727272728,
          51.27272727272727
        ],
        [
          168.02272727272728,
          79.11363636363636
        ],
        [
          163.47727272727272,
          91.04545454545455
        ],
        [
          165.1818181818182,
          104.68181818181819
        ],
        [
          168.5909090909091,
          122.86363636363636
        ],
        [
          165.1818181818182,
          141.61363636363637
        ],
        [
          161.77272727272728,
          161.5
        ],
        [
          158.36363636363637,
          184.22727272727272
        ],
        [
          155.52272727272728,
          214.3409090909091
        ],
        [
          150.4090909090909,
          230.8181818181818
        ],
        [
          150.4090909090909,
          243.3181818181818
        ],
        [
          162.3409090909091,
          252.4090909090909
        ],
        [
          175.4090909090909,
          255.8181818181818
        ],
        [
          187.9090909090909,
          258.65909090909093
        ],
        [
          194.1590909090909,
          267.1818181818182
        ],
        [
          194.1590909090909,
          277.40909090909093
        ],
        [
          200.4090909090909,
          276.27272727272725
        ],
        [
          211.77272727272728,
          262.0681818181818
        ],
        [
          219.72727272727272,
          252.4090909090909
        ],
        [
          235.63636363636363,
          239.3409090909091
        ],
        [
          241.88636363636363,
          227.4090909090909
        ],
        [
          240.1818181818182,
          213.20454545454547
        ],
        [
          236.20454545454544,
          196.1590909090909
        ],
        [
          232.79545454545456,
          179.6818181818182
        ],
        [
          227.6818181818182,
          164.3409090909091
        ],
        [
          219.72727272727272,
          152.97727272727272
        ],
        [
          212.9090909090909,
          141.04545454545453
        ],
        [
          207.22727272727272,
          131.38636363636363
        ],
        [
          204.38636363636363,
          117.75
        ],
        [
          203.8181818181818,
          101.8409090909091
        ],
        [
          200.4090909090909,
          84.22727272727273
        ],
        [
          198.13636363636363,
          66.04545454545455
        ],
        [
          198.13636363636363,
          49.0
        ],
        [
          198.13636363636363,
          32.52272727272727
        ],
        [
          196.4318181818182,
          20.59090909090909
        ],
        [
          195.86363636363637,
          17.75
        ],
        [
          188.47727272727272,
          19.454545454545453
        ],
        [
          183.36363636363637,
          25.704545454545453
        ],
        [
          180.52272727272728,
          31.386363636363633
        ],
        [
          178.25,
          39.90909090909091
        ],
        [
          174.27272727272728,
          44.45454545454545
        ]
      ],
      "group_id": null,
      "shape_type": "polygon",
      "flags": {}
    },
    {
      "label": "细胞膜",
      "points": [
        [
          233.36363636363637,
          113.20454545454545
        ],
        [
          262.34090909090907,
          136.5
        ],
        [
          294.72727272727275,
          168.3181818181818
        ],
        [
          319.72727272727275,
          187.0681818181818
        ],
        [
          340.1818181818182,
          210.36363636363637
        ],
        [
          349.84090909090907,
          220.5909090909091
        ],
        [
          352.1136363636364,
          235.9318181818182
        ],
        [
          346.4318181818182,
          249.0
        ],
        [
          332.22727272727275,
          255.25
        ],
        [
          315.75,
          258.09090909090907
        ],
        [
          302.6818181818182,
          252.4090909090909
        ],
        [
          287.34090909090907,
          238.77272727272728
        ],
        [
          273.70454545454544,
          222.29545454545453
        ],
        [
          261.77272727272725,
          203.54545454545453
        ],
        [
          253.25,
          184.79545454545453
        ],
        [
          244.72727272727275,
          174.5681818181818
        ],
        [
          244.72727272727275,
          163.77272727272728
        ],
        [
          245.29545454545456,
          149.5681818181818
        ],
        [
          245.29545454545456,
          137.0681818181818
        ],
        [
          239.61363636363637,
          127.4090909090909
        ],
        [
          235.0681818181818,
          120.5909090909091
        ]
      ],
      "group_id": null,
      "shape_type": "polygon",
      "flags": {}
    },
    {
      "label": "细胞膜",
      "points": [
        [
          343.59090909090907,
          174.5681818181818
        ],
        [
          361.77272727272725,
          208.6590909090909
        ],
        [
          395.8636363636364,
          254.6818181818182
        ],
        [
          423.70454545454544,
          279.1136363636364
        ],
        [
          448.70454545454544,
          291.6136363636364
        ],
        [
          461.20454545454544,
          289.34090909090907
        ],
        [
          467.45454545454544,
          283.09090909090907
        ],
        [
          466.8863636363636,
          272.29545454545456
        ],
        [
          458.3636363636364,
          256.3863636363636
        ],
        [
          441.8863636363636,
          233.0909090909091
        ],
        [
          419.15909090909093,
          207.52272727272728
        ],
        [
          404.3863636363636,
          188.20454545454547
        ],
        [
          378.8181818181818,
          172.29545454545453
        ],
        [
          364.04545454545456,
          166.04545454545453
        ],
        [
          350.97727272727275,
          163.77272727272728
        ],
        [
          344.15909090909093,
          164.3409090909091
        ]
      ],
      "group_id": null,
      "shape_type": "polygon",
      "flags": {}
    },
    {
      "label": "细胞膜",
      "points": [
        [
          279.95454545454544,
          127.97727272727272
        ],
        [
          319.15909090909093,
          133.0909090909091
        ],
        [
          346.4318181818182,
          137.0681818181818
        ],
        [
          377.6818181818182,
          122.86363636363636
        ],
        [
          402.6818181818182,
          112.06818181818181
        ],
        [
          445.29545454545456,
          91.61363636363636
        ],
        [
          473.1363636363636,
          74.56818181818181
        ],
        [
          500.97727272727275,
          60.93181818181818
        ],
        [
          510.6363636363636,
          55.25
        ],
        [
          511,
          53
        ],
        [
          488.47727272727275,
          58.09090909090909
        ],
        [
          431.65909090909093,
          75.70454545454545
        ],
        [
          400.97727272727275,
          84.79545454545455
        ],
        [
          365.1818181818182,
          95.02272727272727
        ],
        [
          334.5,
          101.8409090909091
        ],
        [
          302.1136363636364,
          107.52272727272727
        ],
        [
          279.95454545454544,
          112.06818181818181
        ],
        [
          253.25,
          113.20454545454545
        ],
        [
          247.0,
          116.04545454545455
        ],
        [
          252.11363636363637,
          122.29545454545455
        ],
        [
          262.90909090909093,
          125.70454545454545
        ]
      ],
      "group_id": null,
      "shape_type": "polygon",
      "flags": {}
    },
    {
      "label": "细胞核",
      "points": [
        [
          236.20454545454544,
          52.97727272727273
        ],
        [
          227.6818181818182,
          62.63636363636363
        ],
        [
          227.6818181818182,
          73.43181818181819
        ],
        [
          232.22727272727275,
          85.93181818181819
        ],
        [
          248.13636363636363,
          87.06818181818181
        ],
        [
          268.02272727272725,
          81.38636363636364
        ],
        [
          291.8863636363636,
          71.1590909090909
        ],
        [
          298.1363636363636,
          62.63636363636363
        ],
        [
          298.1363636363636,
          52.40909090909091
        ],
        [
          294.15909090909093,
          43.88636363636363
        ],
        [
          286.20454545454544,
          41.61363636363637
        ],
        [
          271.4318181818182,
          40.47727272727273
        ],
        [
          256.65909090909093,
          42.75
        ],
        [
          243.59090909090907,
          48.43181818181818
        ]
      ],
      "group_id": null,
      "shape_type": "polygon",
      "flags": {}
    },
    {
      "label": "细胞核",
      "points": [
        [
          94.1590909090909,
          181.38636363636363
        ],
        [
          83.93181818181819,
          194.45454545454547
        ],
        [
          83.36363636363636,
          210.9318181818182
        ],
        [
          87.9090909090909,
          220.5909090909091
        ],
        [
          95.29545454545455,
          222.86363636363637
        ],
        [
          106.0909090909091,
          220.5909090909091
        ],
        [
          125.97727272727272,
          202.97727272727272
        ],
        [
          133.36363636363637,
          187.63636363636363
        ],
        [
          130.52272727272728,
          177.4090909090909
        ],
        [
          124.27272727272728,
          171.72727272727272
        ],
        [
          116.88636363636363,
          170.02272727272728
        ],
        [
          106.6590909090909,
          173.4318181818182
        ],
        [
          102.11363636363637,
          178.54545454545453
        ]
      ],
      "group_id": null,
      "shape_type": "polygon",
      "flags": {}
    },
    {
      "label": "细胞核",
      "points": [
        [
          173.70454545454547,
          85.36363636363636
        ],
        [
          168.02272727272728,
          104.11363636363636
        ],
        [
          170.86363636363637,
          123.43181818181819
        ],
        [
          175.97727272727272,
          137.0681818181818
        ],
        [
          168.5909090909091,
          142.1818181818182
        ],
        [
          166.88636363636363,
          152.4090909090909
        ],
        [
          170.29545454545453,
          162.0681818181818
        ],
        [
          182.22727272727272,
          172.86363636363637
        ],
        [
          202.6818181818182,
          175.13636363636363
        ],
        [
          211.20454545454547,
          167.1818181818182
        ],
        [
          212.9090909090909,
          154.11363636363637
        ],
        [
          210.0681818181818,
          143.88636363636363
        ],
        [
          203.8181818181818,
          139.3409090909091
        ],
        [
          203.25,
          129.11363636363637
        ],
        [
          203.8181818181818,
          117.75
        ],
        [
          202.11363636363637,
          104.11363636363636
        ],
        [
          200.4090909090909,
          94.45454545454545
        ],
        [
          197.5681818181818,
          88.20454545454545
        ],
        [
          192.45454545454547,
          81.95454545454545
        ],
        [
          188.47727272727272,
          80.25
        ],
        [
          180.52272727272728,
          80.25
        ]
      ],
      "group_id": null,
      "shape_type": "polygon",
      "flags": {}
    },
    {
      "label": "细胞核",
      "points": [
        [
          260.6363636363636,
          164.3409090909091
        ],
        [
          257.79545454545456,
          175.70454545454547
        ],
        [
          262.34090909090907,
          191.04545454545453
        ],
        [
          272.0,
          205.25
        ],
        [
          284.5,
          216.04545454545453
        ],
        [
          301.54545454545456,
          218.88636363636363
        ],
        [
          318.02272727272725,
          217.1818181818182
        ],
        [
          325.97727272727275,
          203.54545454545453
        ],
        [
          321.4318181818182,
          192.75
        ],
        [
          307.79545454545456,
          178.54545454545453
        ],
        [
          298.1363636363636,
          172.29545454545453
        ],
        [
          283.9318181818182,
          163.77272727272728
        ],
        [
          278.8181818181818,
          162.63636363636363
        ],
        [
          269.72727272727275,
          162.63636363636363
        ]
      ],
      "group_id": null,
      "shape_type": "polygon",
      "flags": {}
    },
    {
      "label": "细胞核",
      "points": [
        [
          387.90909090909093,
          210.36363636363637
        ],
        [
          383.3636363636364,
          218.88636363636363
        ],
        [
          384.5,
          229.11363636363637
        ],
        [
          390.1818181818182,
          239.3409090909091
        ],
        [
          398.1363636363636,
          247.86363636363637
        ],
        [
          410.0681818181818,
          257.52272727272725
        ],
        [
          419.15909090909093,
          262.0681818181818
        ],
        [
          431.65909090909093,
          256.95454545454544
        ],
        [
          435.0681818181818,
          247.86363636363637
        ],
        [
          435.0681818181818,
          238.20454545454547
        ],
        [
          429.3863636363636,
          229.11363636363637
        ],
        [
          420.29545454545456,
          215.47727272727272
        ],
        [
          413.47727272727275,
          209.79545454545453
        ],
        [
          399.84090909090907,
          205.8181818181818
        ],
        [
          392.45454545454544,
          206.38636363636363
        ]
      ],
      "group_id": null,
      "shape_type": "polygon",
      "flags": {}
    },
    {
      "label": "细胞核",
      "points": [
        [
          48.13636363636364,
          331.3863636363636
        ],
        [
          43.022727272727266,
          341.6136363636364
        ],
        [
          43.022727272727266,
          350.70454545454544
        ],
        [
          55.522727272727266,
          359.79545454545456
        ],
        [
          73.13636363636364,
          362.6363636363636
        ],
        [
          94.1590909090909,
          350.70454545454544
        ],
        [
          101.54545454545453,
          337.0681818181818
        ],
        [
          102.68181818181819,
          324.0
        ],
        [
          95.86363636363636,
          317.1818181818182
        ],
        [
          81.0909090909091,
          314.34090909090907
        ],
        [
          72.56818181818181,
          314.34090909090907
        ],
        [
          68.5909090909091,
          321.15909090909093
        ],
        [
          57.227272727272734,
          325.1363636363636
        ],
        [
          51.54545454545455,
          326.27272727272725
        ]
      ],
      "group_id": null,
      "shape_type": "polygon",
      "flags": {}
    },
    {
      "label": "细胞核",
      "points": [
        [
          119.1590909090909,
          426.84090909090907
        ],
        [
          118.02272727272728,
          436.5
        ],
        [
          122.56818181818181,
          442.75
        ],
        [
          131.0909090909091,
          450.1363636363636
        ],
        [
          137.9090909090909,
          450.70454545454544
        ],
        [
          149.8409090909091,
          446.15909090909093
        ],
        [
          153.25,
          438.20454545454544
        ],
        [
          154.38636363636363,
          429.6818181818182
        ],
        [
          148.70454545454547,
          422.8636363636364
        ],
        [
          140.75,
          416.6136363636364
        ],
        [
          134.5,
          416.6136363636364
        ],
        [
          124.8409090909091,
          417.1818181818182
        ]
      ],
      "group_id": null,
      "shape_type": "polygon",
      "flags": {}
    },
    {
      "label": "细胞核",
      "points": [
        [
          4.386363636363633,
          451.84090909090907
        ],
        [
          15.75,
          455.25
        ],
        [
          19.727272727272727,
          463.20454545454544
        ],
        [
          23.136363636363633,
          474.5681818181818
        ],
        [
          22.0,
          484.22727272727275
        ],
        [
          17.454545454545453,
          489.34090909090907
        ],
        [
          10.06818181818182,
          489.90909090909093
        ],
        [
          1.5454545454545467,
          485.9318181818182
        ],
        [
          0,
          463
        ]
      ],
      "group_id": null,
      "shape_type": "polygon",
      "flags": {}
    },
    {
      "label": "细胞核",
      "points": [
        [
          161.20454545454547,
          505.25
        ],
        [
          166.3181818181818,
          502.97727272727275
        ],
        [
          177.11363636363637,
          502.97727272727275
        ],
        [
          188.47727272727272,
          501.84090909090907
        ],
        [
          194.72727272727272,
          503.54545454545456
        ],
        [
          199.8409090909091,
          508.65909090909093
        ],
        [
          194.72727272727272,
          510.3636363636364
        ],
        [
          168.02272727272728,
          509.22727272727275
        ],
        [
          164.61363636363637,
          509.79545454545456
        ]
      ],
      "group_id": null,
      "shape_type": "polygon",
      "flags": {}
    },
    {
      "label": "细胞核",
      "points": [
        [
          416.3181818181818,
          92.18181818181819
        ],
        [
          410.0681818181818,
          99.0
        ],
        [
          414.6136363636364,
          102.4090909090909
        ],
        [
          425.97727272727275,
          100.13636363636364
        ],
        [
          435.6363636363636,
          93.31818181818181
        ],
        [
          436.77272727272725,
          89.3409090909091
        ],
        [
          430.52272727272725,
          88.77272727272727
        ],
        [
          422.0,
          90.47727272727273
        ]
      ],
      "group_id": null,
      "shape_type": "polygon",
      "flags": {}
    }
  ],
  "imagePath": "2e1ac1da-bbb6-11e8-b2ba-ac1f6b6435d0_dst.png",
  "imageData": null,
  "imageHeight": 512,
  "imageWidth": 512
}