{
  "version": "4.5.6",
  "flags": {},
  "shapes": [
    {
      "label": "细胞膜",
      "points": [
        [
          0.40909090909091006,
          206.38636363636363
        ],
        [
          0.40909090909091006,
          239.9090909090909
        ],
        [
          14.613636363636367,
          243.88636363636363
        ],
        [
          27.113636363636367,
          245.5909090909091
        ],
        [
          36.20454545454545,
          247.86363636363637
        ],
        [
          50.977272727272734,
          247.86363636363637
        ],
        [
          66.88636363636364,
          245.02272727272728
        ],
        [
          83.93181818181819,
          243.3181818181818
        ],
        [
          86.20454545454545,
          240.47727272727272
        ],
        [
          76.54545454545455,
          234.79545454545453
        ],
        [
          54.95454545454545,
          225.70454545454547
        ],
        [
          40.75,
          216.04545454545453
        ],
        [
          26.545454545454547,
          210.36363636363637
        ],
        [
          15.75,
          206.38636363636363
        ],
        [
          6.0909090909090935,
          204.11363636363637
        ]
      ],
      "group_id": null,
      "shape_type": "polygon",
      "flags": {}
    },
    {
      "label": "细胞膜",
      "points": [
        [
          37.34090909090909,
          196.72727272727272
        ],
        [
          54.38636363636364,
          206.95454545454547
        ],
        [
          79.38636363636364,
          212.63636363636363
        ],
        [
          103.25,
          214.3409090909091
        ],
        [
          135.63636363636363,
          211.5
        ],
        [
          162.9090909090909,
          204.6818181818182
        ],
        [
          175.97727272727272,
          193.88636363636363
        ],
        [
          171.4318181818182,
          184.79545454545453
        ],
        [
          156.0909090909091,
          177.4090909090909
        ],
        [
          139.04545454545453,
          171.1590909090909
        ],
        [
          127.11363636363637,
          170.02272727272728
        ],
        [
          103.81818181818181,
          169.45454545454547
        ],
        [
          81.0909090909091,
          175.70454545454547
        ],
        [
          59.5,
          180.8181818181818
        ],
        [
          47.56818181818181,
          185.9318181818182
        ],
        [
          39.04545454545455,
          189.3409090909091
        ]
      ],
      "group_id": null,
      "shape_type": "polygon",
      "flags": {}
    },
    {
      "label": "细胞膜",
      "points": [
        [
          118.5909090909091,
          27.977272727272727
        ],
        [
          111.20454545454547,
          36.5
        ],
        [
          110.63636363636363,
          54.68181818181818
        ],
        [
          118.02272727272728,
          65.47727272727273
        ],
        [
          129.38636363636363,
          76.8409090909091
        ],
        [
          141.3181818181818,
          85.36363636363636
        ],
        [
          150.4090909090909,
          85.36363636363636
        ],
        [
          168.02272727272728,
          70.02272727272727
        ],
        [
          177.11363636363637,
          58.65909090909091
        ],
        [
          180.52272727272728,
          45.59090909090909
        ],
        [
          177.6818181818182,
          38.20454545454545
        ],
        [
          167.45454545454547,
          37.63636363636363
        ],
        [
          164.61363636363637,
          32.52272727272727
        ],
        [
          157.22727272727272,
          24.568181818181817
        ],
        [
          149.8409090909091,
          18.886363636363637
        ],
        [
          136.77272727272728,
          17.181818181818183
        ],
        [
          127.68181818181819,
          21.727272727272727
        ]
      ],
      "group_id": null,
      "shape_type": "polygon",
      "flags": {}
    },
    {
      "label": "细胞膜",
      "points": [
        [
          149.27272727272728,
          88.77272727272727
        ],
        [
          136.20454545454547,
          93.88636363636364
        ],
        [
          129.38636363636363,
          100.13636363636364
        ],
        [
          122.0,
          109.22727272727273
        ],
        [
          119.1590909090909,
          120.02272727272727
        ],
        [
          122.0,
          125.70454545454545
        ],
        [
          136.20454545454547,
          130.8181818181818
        ],
        [
          155.52272727272728,
          127.97727272727272
        ],
        [
          173.70454545454547,
          122.86363636363636
        ],
        [
          191.3181818181818,
          116.04545454545455
        ],
        [
          200.4090909090909,
          105.81818181818181
        ],
        [
          208.36363636363637,
          95.02272727272727
        ],
        [
          216.88636363636363,
          74.56818181818181
        ],
        [
          218.02272727272728,
          60.36363636363637
        ],
        [
          216.88636363636363,
          57.52272727272727
        ],
        [
          206.6590909090909,
          58.09090909090909
        ],
        [
          190.75,
          60.93181818181818
        ],
        [
          177.11363636363637,
          66.61363636363636
        ],
        [
          166.3181818181818,
          74.0
        ],
        [
          158.9318181818182,
          81.38636363636364
        ]
      ],
      "group_id": null,
      "shape_type": "polygon",
      "flags": {}
    },
    {
      "label": "细胞膜",
      "points": [
        [
          291.3181818181818,
          56.95454545454545
        ],
        [
          282.79545454545456,
          68.31818181818181
        ],
        [
          287.90909090909093,
          82.52272727272727
        ],
        [
          303.8181818181818,
          86.5
        ],
        [
          324.84090909090907,
          83.0909090909091
        ],
        [
          350.40909090909093,
          76.27272727272727
        ],
        [
          367.45454545454544,
          67.75
        ],
        [
          370.29545454545456,
          55.81818181818182
        ],
        [
          370.29545454545456,
          51.27272727272727
        ],
        [
          337.90909090909093,
          51.84090909090909
        ],
        [
          319.15909090909093,
          53.54545454545455
        ],
        [
          313.47727272727275,
          53.54545454545455
        ],
        [
          310.0681818181818,
          50.13636363636363
        ],
        [
          304.95454545454544,
          49.0
        ],
        [
          298.70454545454544,
          49.0
        ]
      ],
      "group_id": null,
      "shape_type": "polygon",
      "flags": {}
    },
    {
      "label": "细胞膜",
      "points": [
        [
          380.52272727272725,
          38.77272727272727
        ],
        [
          374.27272727272725,
          51.27272727272727
        ],
        [
          369.72727272727275,
          68.88636363636364
        ],
        [
          370.8636363636364,
          82.52272727272727
        ],
        [
          371.4318181818182,
          93.31818181818181
        ],
        [
          378.25,
          102.97727272727273
        ],
        [
          389.6136363636364,
          99.56818181818181
        ],
        [
          397.5681818181818,
          89.3409090909091
        ],
        [
          403.8181818181818,
          71.72727272727273
        ],
        [
          407.22727272727275,
          56.95454545454545
        ],
        [
          424.84090909090907,
          55.81818181818182
        ],
        [
          441.8863636363636,
          54.68181818181818
        ],
        [
          454.95454545454544,
          48.43181818181818
        ],
        [
          459.5,
          36.5
        ],
        [
          458.3636363636364,
          26.272727272727273
        ],
        [
          451.54545454545456,
          20.022727272727273
        ],
        [
          444.72727272727275,
          17.181818181818183
        ],
        [
          415.75,
          34.79545454545455
        ],
        [
          407.79545454545456,
          38.77272727272727
        ],
        [
          418.59090909090907,
          25.136363636363637
        ],
        [
          427.6818181818182,
          13.204545454545455
        ],
        [
          427.6818181818182,
          5.818181818181818
        ],
        [
          424.84090909090907,
          2.409090909090909
        ],
        [
          417,
          0
        ],
        [
          387.90909090909093,
          0.7045454545454546
        ],
        [
          374.84090909090907,
          16.613636363636363
        ],
        [
          374.27272727272725,
          26.84090909090909
        ]
      ],
      "group_id": null,
      "shape_type": "polygon",
      "flags": {}
    },
    {
      "label": "细胞膜",
      "points": [
        [
          434.5,
          93.88636363636364
        ],
        [
          432.79545454545456,
          116.61363636363636
        ],
        [
          423.1363636363636,
          134.22727272727272
        ],
        [
          415.75,
          148.4318181818182
        ],
        [
          415.75,
          165.47727272727272
        ],
        [
          417.45454545454544,
          184.79545454545453
        ],
        [
          427.6818181818182,
          178.54545454545453
        ],
        [
          440.1818181818182,
          160.36363636363637
        ],
        [
          453.8181818181818,
          143.88636363636363
        ],
        [
          461.77272727272725,
          125.70454545454545
        ],
        [
          465.75,
          118.31818181818181
        ],
        [
          481.65909090909093,
          119.45454545454545
        ],
        [
          507.22727272727275,
          141.61363636363637
        ],
        [
          511,
          138
        ],
        [
          511,
          90
        ],
        [
          508.3636363636364,
          89.9090909090909
        ],
        [
          488.47727272727275,
          105.25
        ],
        [
          477.6818181818182,
          100.13636363636364
        ],
        [
          468.59090909090907,
          94.45454545454545
        ],
        [
          465.1818181818182,
          85.36363636363636
        ],
        [
          463.47727272727275,
          80.25
        ],
        [
          454.95454545454544,
          79.11363636363636
        ],
        [
          448.1363636363636,
          84.79545454545455
        ],
        [
          443.02272727272725,
          89.9090909090909
        ]
      ],
      "group_id": null,
      "shape_type": "polygon",
      "flags": {}
    },
    {
      "label": "细胞膜",
      "points": [
        [
          243.02272727272725,
          116.04545454545455
        ],
        [
          229.95454545454544,
          125.70454545454545
        ],
        [
          222.5681818181818,
          137.0681818181818
        ],
        [
          222.5681818181818,
          157.52272727272728
        ],
        [
          222.0,
          170.5909090909091
        ],
        [
          224.27272727272728,
          185.9318181818182
        ],
        [
          229.38636363636363,
          193.3181818181818
        ],
        [
          243.02272727272725,
          187.0681818181818
        ],
        [
          256.65909090909093,
          167.75
        ],
        [
          264.6136363636364,
          149.5681818181818
        ],
        [
          267.45454545454544,
          129.11363636363637
        ],
        [
          267.45454545454544,
          116.04545454545455
        ],
        [
          265.1818181818182,
          107.52272727272727
        ],
        [
          258.9318181818182,
          105.81818181818181
        ],
        [
          250.97727272727275,
          108.0909090909091
        ]
      ],
      "group_id": null,
      "shape_type": "polygon",
      "flags": {}
    },
    {
      "label": "细胞膜",
      "points": [
        [
          302.6818181818182,
          140.47727272727272
        ],
        [
          304.95454545454544,
          162.63636363636363
        ],
        [
          311.77272727272725,
          183.6590909090909
        ],
        [
          327.1136363636364,
          206.95454545454547
        ],
        [
          342.45454545454544,
          225.70454545454547
        ],
        [
          356.09090909090907,
          238.77272727272728
        ],
        [
          371.4318181818182,
          251.8409090909091
        ],
        [
          372.0,
          246.1590909090909
        ],
        [
          368.59090909090907,
          222.86363636363637
        ],
        [
          365.1818181818182,
          207.52272727272728
        ],
        [
          360.0681818181818,
          192.75
        ],
        [
          348.1363636363636,
          172.29545454545453
        ],
        [
          335.6363636363636,
          159.79545454545453
        ],
        [
          323.1363636363636,
          147.29545454545453
        ],
        [
          310.0681818181818,
          139.9090909090909
        ]
      ],
      "group_id": null,
      "shape_type": "polygon",
      "flags": {}
    },
    {
      "label": "细胞膜",
      "points": [
        [
          446.4318181818182,
          221.1590909090909
        ],
        [
          428.8181818181818,
          253.54545454545453
        ],
        [
          414.6136363636364,
          284.79545454545456
        ],
        [
          408.3636363636364,
          293.3181818181818
        ],
        [
          407.79545454545456,
          305.25
        ],
        [
          411.77272727272725,
          316.04545454545456
        ],
        [
          425.97727272727275,
          318.8863636363636
        ],
        [
          443.02272727272725,
          314.90909090909093
        ],
        [
          468.02272727272725,
          304.1136363636364
        ],
        [
          486.2045454545455,
          289.90909090909093
        ],
        [
          500.97727272727275,
          271.72727272727275
        ],
        [
          506.0909090909091,
          250.13636363636363
        ],
        [
          509.5,
          233.0909090909091
        ],
        [
          505.52272727272725,
          210.9318181818182
        ],
        [
          498.1363636363636,
          197.86363636363637
        ],
        [
          493.02272727272725,
          191.04545454545453
        ],
        [
          482.79545454545456,
          189.3409090909091
        ],
        [
          473.70454545454544,
          189.9090909090909
        ],
        [
          463.47727272727275,
          202.97727272727272
        ],
        [
          453.25,
          214.9090909090909
        ]
      ],
      "group_id": null,
      "shape_type": "polygon",
      "flags": {}
    },
    {
      "label": "细胞膜",
      "points": [
        [
          217.45454545454547,
          264.90909090909093
        ],
        [
          231.65909090909093,
          289.34090909090907
        ],
        [
          244.15909090909093,
          300.1363636363636
        ],
        [
          271.4318181818182,
          308.09090909090907
        ],
        [
          305.52272727272725,
          308.09090909090907
        ],
        [
          328.25,
          301.84090909090907
        ],
        [
          343.02272727272725,
          291.6136363636364
        ],
        [
          339.6136363636364,
          280.8181818181818
        ],
        [
          323.1363636363636,
          270.02272727272725
        ],
        [
          310.6363636363636,
          252.4090909090909
        ],
        [
          303.25,
          244.45454545454547
        ],
        [
          287.34090909090907,
          239.9090909090909
        ],
        [
          270.8636363636364,
          233.0909090909091
        ],
        [
          255.52272727272725,
          234.22727272727272
        ],
        [
          239.04545454545456,
          239.9090909090909
        ],
        [
          223.13636363636363,
          247.29545454545453
        ],
        [
          218.5909090909091,
          256.3863636363636
        ]
      ],
      "group_id": null,
      "shape_type": "polygon",
      "flags": {}
    },
    {
      "label": "细胞膜",
      "points": [
        [
          48.13636363636364,
          304.1136363636364
        ],
        [
          72.56818181818181,
          305.25
        ],
        [
          99.8409090909091,
          308.09090909090907
        ],
        [
          112.9090909090909,
          314.90909090909093
        ],
        [
          128.25,
          319.45454545454544
        ],
        [
          149.27272727272728,
          320.02272727272725
        ],
        [
          166.88636363636363,
          318.3181818181818
        ],
        [
          177.11363636363637,
          313.77272727272725
        ],
        [
          177.11363636363637,
          308.09090909090907
        ],
        [
          171.4318181818182,
          299.0
        ],
        [
          166.3181818181818,
          290.47727272727275
        ],
        [
          155.52272727272728,
          284.79545454545456
        ],
        [
          137.3409090909091,
          280.8181818181818
        ],
        [
          123.70454545454547,
          279.1136363636364
        ],
        [
          107.79545454545453,
          279.6818181818182
        ],
        [
          89.61363636363636,
          287.6363636363636
        ],
        [
          70.29545454545455,
          293.3181818181818
        ],
        [
          54.38636363636364,
          299.0
        ]
      ],
      "group_id": null,
      "shape_type": "polygon",
      "flags": {}
    },
    {
      "label": "细胞膜",
      "points": [
        [
          27.113636363636367,
          276.84090909090907
        ],
        [
          37.34090909090909,
          282.52272727272725
        ],
        [
          53.25,
          282.52272727272725
        ],
        [
          71.43181818181819,
          281.3863636363636
        ],
        [
          97.0,
          279.6818181818182
        ],
        [
          110.63636363636363,
          272.29545454545456
        ],
        [
          120.86363636363637,
          266.04545454545456
        ],
        [
          122.56818181818181,
          262.0681818181818
        ],
        [
          132.79545454545453,
          252.97727272727272
        ],
        [
          144.1590909090909,
          244.45454545454547
        ],
        [
          141.3181818181818,
          243.3181818181818
        ],
        [
          130.52272727272728,
          243.3181818181818
        ],
        [
          98.70454545454545,
          247.29545454545453
        ],
        [
          95.29545454545455,
          243.3181818181818
        ],
        [
          89.61363636363636,
          244.45454545454547
        ],
        [
          69.1590909090909,
          249.5681818181818
        ],
        [
          50.40909090909091,
          253.54545454545453
        ],
        [
          39.61363636363636,
          259.22727272727275
        ],
        [
          32.22727272727273,
          264.34090909090907
        ],
        [
          27.113636363636367,
          267.1818181818182
        ]
      ],
      "group_id": null,
      "shape_type": "polygon",
      "flags": {}
    },
    {
      "label": "细胞膜",
      "points": [
        [
          129.95454545454547,
          266.04545454545456
        ],
        [
          149.8409090909091,
          273.4318181818182
        ],
        [
          169.1590909090909,
          280.25
        ],
        [
          186.20454545454547,
          281.95454545454544
        ],
        [
          191.3181818181818,
          281.95454545454544
        ],
        [
          194.72727272727272,
          274.0
        ],
        [
          194.72727272727272,
          264.90909090909093
        ],
        [
          199.8409090909091,
          255.8181818181818
        ],
        [
          199.8409090909091,
          246.72727272727272
        ],
        [
          195.86363636363637,
          239.9090909090909
        ],
        [
          188.47727272727272,
          235.36363636363637
        ],
        [
          193.02272727272728,
          228.54545454545453
        ],
        [
          191.3181818181818,
          221.1590909090909
        ],
        [
          181.0909090909091,
          226.8409090909091
        ],
        [
          172.5681818181818,
          230.25
        ],
        [
          156.0909090909091,
          233.0909090909091
        ],
        [
          147.5681818181818,
          241.04545454545453
        ],
        [
          138.47727272727272,
          251.8409090909091
        ]
      ],
      "group_id": null,
      "shape_type": "polygon",
      "flags": {}
    },
    {
      "label": "细胞膜",
      "points": [
        [
          47.56818181818181,
          349.5681818181818
        ],
        [
          44.727272727272734,
          379.1136363636364
        ],
        [
          48.13636363636364,
          408.65909090909093
        ],
        [
          64.61363636363636,
          440.47727272727275
        ],
        [
          83.36363636363636,
          451.27272727272725
        ],
        [
          100.97727272727272,
          463.20454545454544
        ],
        [
          107.22727272727272,
          464.34090909090907
        ],
        [
          110.63636363636363,
          458.65909090909093
        ],
        [
          110.63636363636363,
          450.1363636363636
        ],
        [
          105.52272727272728,
          444.45454545454544
        ],
        [
          106.0909090909091,
          430.8181818181818
        ],
        [
          95.29545454545455,
          405.8181818181818
        ],
        [
          87.3409090909091,
          390.47727272727275
        ],
        [
          78.81818181818181,
          377.40909090909093
        ],
        [
          72.0,
          367.1818181818182
        ],
        [
          64.04545454545455,
          357.52272727272725
        ],
        [
          56.09090909090909,
          351.27272727272725
        ]
      ],
      "group_id": null,
      "shape_type": "polygon",
      "flags": {}
    },
    {
      "label": "细胞膜",
      "points": [
        [
          135.0681818181818,
          452.97727272727275
        ],
        [
          140.75,
          474.5681818181818
        ],
        [
          153.8181818181818,
          498.4318181818182
        ],
        [
          160.0681818181818,
          504.6818181818182
        ],
        [
          166.3181818181818,
          506.95454545454544
        ],
        [
          189.04545454545453,
          496.15909090909093
        ],
        [
          210.0681818181818,
          475.1363636363636
        ],
        [
          208.36363636363637,
          461.5
        ],
        [
          199.8409090909091,
          455.25
        ],
        [
          183.36363636363637,
          450.70454545454544
        ],
        [
          160.0681818181818,
          444.45454545454544
        ],
        [
          144.1590909090909,
          443.8863636363636
        ],
        [
          137.9090909090909,
          446.72727272727275
        ]
      ],
      "group_id": null,
      "shape_type": "polygon",
      "flags": {}
    },
    {
      "label": "细胞膜",
      "points": [
        [
          202.6818181818182,
          388.20454545454544
        ],
        [
          189.04545454545453,
          393.8863636363636
        ],
        [
          186.20454545454547,
          408.09090909090907
        ],
        [
          189.04545454545453,
          418.3181818181818
        ],
        [
          199.27272727272728,
          427.97727272727275
        ],
        [
          215.1818181818182,
          429.6818181818182
        ],
        [
          235.63636363636363,
          424.0
        ],
        [
          260.6363636363636,
          411.5
        ],
        [
          272.5681818181818,
          396.72727272727275
        ],
        [
          277.1136363636364,
          384.79545454545456
        ],
        [
          273.70454545454544,
          379.1136363636364
        ],
        [
          258.3636363636364,
          374.0
        ],
        [
          243.59090909090907,
          371.15909090909093
        ],
        [
          232.22727272727275,
          369.45454545454544
        ],
        [
          224.27272727272728,
          368.3181818181818
        ],
        [
          219.72727272727272,
          367.75
        ],
        [
          215.1818181818182,
          365.47727272727275
        ],
        [
          207.79545454545453,
          367.75
        ],
        [
          204.38636363636363,
          373.4318181818182
        ]
      ],
      "group_id": null,
      "shape_type": "polygon",
      "flags": {}
    },
    {
      "label": "细胞膜",
      "points": [
        [
          239.04545454545456,
          346.15909090909093
        ],
        [
          244.15909090909093,
          363.20454545454544
        ],
        [
          249.84090909090907,
          369.45454545454544
        ],
        [
          260.0681818181818,
          372.29545454545456
        ],
        [
          273.70454545454544,
          372.29545454545456
        ],
        [
          286.77272727272725,
          363.20454545454544
        ],
        [
          290.1818181818182,
          352.97727272727275
        ],
        [
          290.1818181818182,
          342.1818181818182
        ],
        [
          287.90909090909093,
          333.09090909090907
        ],
        [
          281.65909090909093,
          326.84090909090907
        ],
        [
          274.84090909090907,
          317.75
        ],
        [
          265.75,
          317.75
        ],
        [
          258.9318181818182,
          325.1363636363636
        ],
        [
          252.11363636363637,
          329.6818181818182
        ],
        [
          248.13636363636363,
          335.9318181818182
        ],
        [
          245.29545454545456,
          339.90909090909093
        ]
      ],
      "group_id": null,
      "shape_type": "polygon",
      "flags": {}
    },
    {
      "label": "细胞膜",
      "points": [
        [
          310.6363636363636,
          360.3636363636364
        ],
        [
          353.8181818181818,
          366.6136363636364
        ],
        [
          381.65909090909093,
          364.34090909090907
        ],
        [
          421.4318181818182,
          366.04545454545456
        ],
        [
          445.29545454545456,
          364.90909090909093
        ],
        [
          466.8863636363636,
          360.3636363636364
        ],
        [
          485.06818181818187,
          356.3863636363636
        ],
        [
          504.9545454545455,
          347.8636363636364
        ],
        [
          511,
          343
        ],
        [
          495.8636363636364,
          338.77272727272725
        ],
        [
          468.59090909090907,
          334.22727272727275
        ],
        [
          443.59090909090907,
          332.52272727272725
        ],
        [
          424.27272727272725,
          332.52272727272725
        ],
        [
          400.97727272727275,
          333.65909090909093
        ],
        [
          386.77272727272725,
          334.22727272727275
        ],
        [
          373.1363636363636,
          335.9318181818182
        ],
        [
          349.27272727272725,
          341.6136363636364
        ],
        [
          331.65909090909093,
          346.72727272727275
        ],
        [
          314.04545454545456,
          352.97727272727275
        ]
      ],
      "group_id": null,
      "shape_type": "polygon",
      "flags": {}
    },
    {
      "label": "细胞膜",
      "points": [
        [
          423.70454545454544,
          377.97727272727275
        ],
        [
          419.15909090909093,
          387.6363636363636
        ],
        [
          424.27272727272725,
          395.02272727272725
        ],
        [
          440.75,
          397.8636363636364
        ],
        [
          456.09090909090907,
          399.0
        ],
        [
          474.27272727272725,
          396.72727272727275
        ],
        [
          482.22727272727275,
          387.0681818181818
        ],
        [
          483.3636363636364,
          381.95454545454544
        ],
        [
          468.02272727272725,
          375.70454545454544
        ],
        [
          455.52272727272725,
          370.59090909090907
        ],
        [
          441.3181818181818,
          368.8863636363636
        ],
        [
          430.52272727272725,
          368.8863636363636
        ]
      ],
      "group_id": null,
      "shape_type": "polygon",
      "flags": {}
    },
    {
      "label": "细胞膜",
      "points": [
        [
          485.6363636363636,
          358.65909090909093
        ],
        [
          479.3863636363636,
          365.47727272727275
        ],
        [
          479.3863636363636,
          374.5681818181818
        ],
        [
          486.2045454545455,
          383.09090909090907
        ],
        [
          496.43181818181813,
          392.1818181818182
        ],
        [
          504.9545454545455,
          397.29545454545456
        ],
        [
          511,
          399
        ],
        [
          511,
          363
        ],
        [
          503.25,
          358.65909090909093
        ],
        [
          495.2954545454545,
          356.95454545454544
        ]
      ],
      "group_id": null,
      "shape_type": "polygon",
      "flags": {}
    },
    {
      "label": "细胞膜",
      "points": [
        [
          333.9318181818182,
          408.65909090909093
        ],
        [
          349.27272727272725,
          425.1363636363636
        ],
        [
          368.02272727272725,
          436.5
        ],
        [
          385.6363636363636,
          443.3181818181818
        ],
        [
          406.65909090909093,
          448.4318181818182
        ],
        [
          421.4318181818182,
          450.70454545454544
        ],
        [
          437.90909090909093,
          445.02272727272725
        ],
        [
          458.9318181818182,
          441.6136363636364
        ],
        [
          473.70454545454544,
          441.6136363636364
        ],
        [
          483.3636363636364,
          436.5
        ],
        [
          485.6363636363636,
          423.4318181818182
        ],
        [
          479.95454545454544,
          414.34090909090907
        ],
        [
          470.29545454545456,
          409.22727272727275
        ],
        [
          454.95454545454544,
          403.54545454545456
        ],
        [
          435.6363636363636,
          399.0
        ],
        [
          418.02272727272725,
          395.59090909090907
        ],
        [
          399.84090909090907,
          395.59090909090907
        ],
        [
          390.1818181818182,
          395.59090909090907
        ],
        [
          386.77272727272725,
          392.75
        ],
        [
          373.1363636363636,
          393.3181818181818
        ],
        [
          360.0681818181818,
          397.29545454545456
        ],
        [
          341.8863636363636,
          399.5681818181818
        ],
        [
          336.20454545454544,
          401.27272727272725
        ],
        [
          330.52272727272725,
          398.4318181818182
        ],
        [
          330.52272727272725,
          401.84090909090907
        ]
      ],
      "group_id": null,
      "shape_type": "polygon",
      "flags": {}
    },
    {
      "label": "细胞核",
      "points": [
        [
          115.18181818181819,
          34.22727272727273
        ],
        [
          111.77272727272728,
          43.88636363636363
        ],
        [
          114.61363636363637,
          53.54545454545455
        ],
        [
          120.29545454545453,
          61.5
        ],
        [
          127.11363636363637,
          70.02272727272727
        ],
        [
          139.04545454545453,
          72.29545454545455
        ],
        [
          148.70454545454547,
          63.772727272727266
        ],
        [
          156.6590909090909,
          53.54545454545455
        ],
        [
          155.52272727272728,
          44.45454545454545
        ],
        [
          151.54545454545453,
          38.77272727272727
        ],
        [
          147.5681818181818,
          32.52272727272727
        ],
        [
          143.02272727272728,
          26.272727272727273
        ],
        [
          137.3409090909091,
          23.431818181818183
        ],
        [
          130.52272727272728,
          23.431818181818183
        ],
        [
          123.13636363636363,
          26.84090909090909
        ]
      ],
      "group_id": null,
      "shape_type": "polygon",
      "flags": {}
    },
    {
      "label": "细胞核",
      "points": [
        [
          161.20454545454547,
          82.52272727272727
        ],
        [
          151.54545454545453,
          94.45454545454545
        ],
        [
          149.27272727272728,
          107.52272727272727
        ],
        [
          153.8181818181818,
          118.31818181818181
        ],
        [
          165.75,
          122.29545454545455
        ],
        [
          179.38636363636363,
          118.88636363636364
        ],
        [
          189.04545454545453,
          115.47727272727273
        ],
        [
          195.86363636363637,
          108.0909090909091
        ],
        [
          201.54545454545453,
          100.13636363636364
        ],
        [
          203.8181818181818,
          92.75
        ],
        [
          200.97727272727272,
          81.95454545454545
        ],
        [
          193.5909090909091,
          75.70454545454545
        ],
        [
          183.36363636363637,
          74.56818181818181
        ],
        [
          173.13636363636363,
          74.56818181818181
        ]
      ],
      "group_id": null,
      "shape_type": "polygon",
      "flags": {}
    },
    {
      "label": "细胞核",
      "points": [
        [
          239.61363636363637,
          131.38636363636363
        ],
        [
          233.9318181818182,
          141.04545454545453
        ],
        [
          233.9318181818182,
          154.11363636363637
        ],
        [
          240.1818181818182,
          166.61363636363637
        ],
        [
          247.0,
          168.3181818181818
        ],
        [
          254.95454545454544,
          163.77272727272728
        ],
        [
          258.9318181818182,
          154.11363636363637
        ],
        [
          262.34090909090907,
          142.75
        ],
        [
          261.77272727272725,
          134.79545454545453
        ],
        [
          258.9318181818182,
          130.8181818181818
        ],
        [
          255.52272727272725,
          125.13636363636364
        ],
        [
          249.84090909090907,
          124.56818181818181
        ],
        [
          242.45454545454544,
          125.70454545454545
        ]
      ],
      "group_id": null,
      "shape_type": "polygon",
      "flags": {}
    },
    {
      "label": "细胞核",
      "points": [
        [
          74.8409090909091,
          184.22727272727272
        ],
        [
          69.1590909090909,
          192.75
        ],
        [
          71.43181818181819,
          200.70454545454547
        ],
        [
          72.56818181818181,
          205.8181818181818
        ],
        [
          85.63636363636364,
          208.6590909090909
        ],
        [
          99.8409090909091,
          209.22727272727272
        ],
        [
          115.75,
          209.22727272727272
        ],
        [
          130.52272727272728,
          206.38636363636363
        ],
        [
          134.5,
          199.0
        ],
        [
          135.0681818181818,
          188.20454545454547
        ],
        [
          131.6590909090909,
          181.38636363636363
        ],
        [
          124.8409090909091,
          176.8409090909091
        ],
        [
          117.45454545454547,
          175.13636363636363
        ],
        [
          106.0909090909091,
          175.13636363636363
        ],
        [
          89.61363636363636,
          179.6818181818182
        ],
        [
          82.22727272727273,
          181.38636363636363
        ]
      ],
      "group_id": null,
      "shape_type": "polygon",
      "flags": {}
    },
    {
      "label": "细胞核",
      "points": [
        [
          2.1136363636363633,
          213.77272727272728
        ],
        [
          1.5454545454545467,
          225.70454545454547
        ],
        [
          2.1136363636363633,
          234.79545454545453
        ],
        [
          11.772727272727273,
          240.47727272727272
        ],
        [
          25.409090909090907,
          242.75
        ],
        [
          37.34090909090909,
          242.75
        ],
        [
          44.727272727272734,
          242.1818181818182
        ],
        [
          48.13636363636364,
          237.0681818181818
        ],
        [
          47.0,
          226.27272727272728
        ],
        [
          42.45454545454545,
          219.45454545454547
        ],
        [
          36.772727272727266,
          215.47727272727272
        ],
        [
          28.81818181818182,
          214.3409090909091
        ],
        [
          22.56818181818182,
          213.20454545454547
        ],
        [
          15.75,
          213.20454545454547
        ],
        [
          10.636363636363633,
          214.9090909090909
        ],
        [
          8.363636363636367,
          214.9090909090909
        ]
      ],
      "group_id": null,
      "shape_type": "polygon",
      "flags": {}
    },
    {
      "label": "细胞核",
      "points": [
        [
          59.5,
          257.52272727272725
        ],
        [
          54.95454545454545,
          266.6136363636364
        ],
        [
          58.36363636363636,
          274.5681818181818
        ],
        [
          63.477272727272734,
          279.1136363636364
        ],
        [
          74.27272727272727,
          279.6818181818182
        ],
        [
          86.20454545454545,
          278.54545454545456
        ],
        [
          97.0,
          276.84090909090907
        ],
        [
          104.95454545454547,
          271.15909090909093
        ],
        [
          106.6590909090909,
          264.34090909090907
        ],
        [
          105.52272727272728,
          255.25
        ],
        [
          96.43181818181819,
          250.70454545454547
        ],
        [
          88.47727272727273,
          249.5681818181818
        ],
        [
          78.81818181818181,
          249.5681818181818
        ],
        [
          67.45454545454545,
          254.6818181818182
        ]
      ],
      "group_id": null,
      "shape_type": "polygon",
      "flags": {}
    },
    {
      "label": "细胞核",
      "points": [
        [
          104.95454545454547,
          289.90909090909093
        ],
        [
          106.0909090909091,
          301.84090909090907
        ],
        [
          115.18181818181819,
          307.52272727272725
        ],
        [
          125.97727272727272,
          310.9318181818182
        ],
        [
          138.47727272727272,
          312.6363636363636
        ],
        [
          150.97727272727272,
          309.79545454545456
        ],
        [
          155.52272727272728,
          302.97727272727275
        ],
        [
          156.6590909090909,
          296.15909090909093
        ],
        [
          153.8181818181818,
          289.90909090909093
        ],
        [
          145.86363636363637,
          287.0681818181818
        ],
        [
          140.1818181818182,
          284.22727272727275
        ],
        [
          132.22727272727272,
          283.09090909090907
        ],
        [
          122.56818181818181,
          282.52272727272725
        ],
        [
          114.61363636363637,
          284.22727272727275
        ]
      ],
      "group_id": null,
      "shape_type": "polygon",
      "flags": {}
    },
    {
      "label": "细胞核",
      "points": [
        [
          151.54545454545453,
          254.11363636363637
        ],
        [
          148.13636363636363,
          260.9318181818182
        ],
        [
          152.11363636363637,
          271.15909090909093
        ],
        [
          162.3409090909091,
          275.1363636363636
        ],
        [
          173.13636363636363,
          277.97727272727275
        ],
        [
          183.9318181818182,
          274.5681818181818
        ],
        [
          190.1818181818182,
          270.02272727272725
        ],
        [
          193.02272727272728,
          260.9318181818182
        ],
        [
          196.4318181818182,
          255.25
        ],
        [
          196.4318181818182,
          247.29545454545453
        ],
        [
          194.1590909090909,
          242.1818181818182
        ],
        [
          189.61363636363637,
          238.20454545454547
        ],
        [
          185.0681818181818,
          235.9318181818182
        ],
        [
          172.0,
          236.5
        ],
        [
          163.47727272727272,
          238.77272727272728
        ],
        [
          160.63636363636363,
          242.75
        ],
        [
          157.79545454545453,
          250.13636363636363
        ]
      ],
      "group_id": null,
      "shape_type": "polygon",
      "flags": {}
    },
    {
      "label": "细胞核",
      "points": [
        [
          263.47727272727275,
          260.9318181818182
        ],
        [
          258.9318181818182,
          271.72727272727275
        ],
        [
          258.3636363636364,
          281.3863636363636
        ],
        [
          256.09090909090907,
          291.04545454545456
        ],
        [
          262.34090909090907,
          300.1363636363636
        ],
        [
          270.29545454545456,
          302.97727272727275
        ],
        [
          278.8181818181818,
          304.1136363636364
        ],
        [
          287.90909090909093,
          304.6818181818182
        ],
        [
          295.29545454545456,
          301.27272727272725
        ],
        [
          303.8181818181818,
          301.27272727272725
        ],
        [
          314.6136363636364,
          296.15909090909093
        ],
        [
          319.72727272727275,
          286.5
        ],
        [
          318.59090909090907,
          276.27272727272725
        ],
        [
          314.04545454545456,
          270.02272727272725
        ],
        [
          310.0681818181818,
          266.04545454545456
        ],
        [
          300.97727272727275,
          262.0681818181818
        ],
        [
          293.59090909090907,
          260.3636363636364
        ],
        [
          286.77272727272725,
          258.09090909090907
        ],
        [
          274.27272727272725,
          258.09090909090907
        ]
      ],
      "group_id": null,
      "shape_type": "polygon",
      "flags": {}
    },
    {
      "label": "细胞核",
      "points": [
        [
          318.02272727272725,
          170.02272727272728
        ],
        [
          316.8863636363636,
          176.27272727272728
        ],
        [
          322.5681818181818,
          189.9090909090909
        ],
        [
          329.3863636363636,
          202.97727272727272
        ],
        [
          339.6136363636364,
          212.63636363636363
        ],
        [
          352.6818181818182,
          210.36363636363637
        ],
        [
          355.52272727272725,
          201.8409090909091
        ],
        [
          351.54545454545456,
          189.3409090909091
        ],
        [
          345.29545454545456,
          179.6818181818182
        ],
        [
          340.75,
          172.29545454545453
        ],
        [
          333.9318181818182,
          167.1818181818182
        ],
        [
          325.97727272727275,
          164.9090909090909
        ]
      ],
      "group_id": null,
      "shape_type": "polygon",
      "flags": {}
    },
    {
      "label": "细胞核",
      "points": [
        [
          49.84090909090909,
          370.59090909090907
        ],
        [
          48.13636363636364,
          378.54545454545456
        ],
        [
          49.84090909090909,
          388.77272727272725
        ],
        [
          52.11363636363636,
          402.40909090909093
        ],
        [
          55.522727272727266,
          416.04545454545456
        ],
        [
          61.772727272727266,
          421.15909090909093
        ],
        [
          70.86363636363636,
          422.8636363636364
        ],
        [
          81.0909090909091,
          418.3181818181818
        ],
        [
          85.63636363636364,
          402.97727272727275
        ],
        [
          83.93181818181819,
          391.6136363636364
        ],
        [
          78.81818181818181,
          381.95454545454544
        ],
        [
          75.97727272727273,
          375.70454545454544
        ],
        [
          70.86363636363636,
          368.8863636363636
        ],
        [
          66.88636363636364,
          364.34090909090907
        ],
        [
          61.20454545454545,
          363.77272727272725
        ],
        [
          54.95454545454545,
          363.77272727272725
        ]
      ],
      "group_id": null,
      "shape_type": "polygon",
      "flags": {}
    },
    {
      "label": "细胞核",
      "points": [
        [
          150.97727272727272,
          459.79545454545456
        ],
        [
          153.25,
          471.15909090909093
        ],
        [
          160.63636363636363,
          479.6818181818182
        ],
        [
          169.72727272727272,
          485.3636363636364
        ],
        [
          180.52272727272728,
          488.20454545454544
        ],
        [
          194.1590909090909,
          484.22727272727275
        ],
        [
          200.97727272727272,
          475.70454545454544
        ],
        [
          200.4090909090909,
          466.04545454545456
        ],
        [
          195.29545454545453,
          462.6363636363636
        ],
        [
          186.77272727272728,
          455.8181818181818
        ],
        [
          178.8181818181818,
          452.40909090909093
        ],
        [
          169.72727272727272,
          451.27272727272725
        ],
        [
          161.77272727272728,
          451.27272727272725
        ],
        [
          154.38636363636363,
          455.25
        ]
      ],
      "group_id": null,
      "shape_type": "polygon",
      "flags": {}
    },
    {
      "label": "细胞核",
      "points": [
        [
          199.8409090909091,
          400.1363636363636
        ],
        [
          197.0,
          411.5
        ],
        [
          200.97727272727272,
          421.72727272727275
        ],
        [
          214.61363636363637,
          426.84090909090907
        ],
        [
          229.95454545454544,
          422.8636363636364
        ],
        [
          241.88636363636363,
          419.45454545454544
        ],
        [
          248.70454545454544,
          413.77272727272725
        ],
        [
          249.84090909090907,
          404.1136363636364
        ],
        [
          245.29545454545456,
          399.0
        ],
        [
          241.3181818181818,
          396.72727272727275
        ],
        [
          234.5,
          392.75
        ],
        [
          226.54545454545453,
          388.77272727272725
        ],
        [
          212.3409090909091,
          389.90909090909093
        ],
        [
          204.38636363636363,
          395.02272727272725
        ]
      ],
      "group_id": null,
      "shape_type": "polygon",
      "flags": {}
    },
    {
      "label": "细胞核",
      "points": [
        [
          246.4318181818182,
          343.8863636363636
        ],
        [
          244.72727272727275,
          352.40909090909093
        ],
        [
          249.84090909090907,
          362.6363636363636
        ],
        [
          256.09090909090907,
          367.1818181818182
        ],
        [
          266.3181818181818,
          366.04545454545456
        ],
        [
          281.65909090909093,
          358.65909090909093
        ],
        [
          287.34090909090907,
          349.5681818181818
        ],
        [
          284.5,
          339.90909090909093
        ],
        [
          279.3863636363636,
          333.65909090909093
        ],
        [
          274.27272727272725,
          330.8181818181818
        ],
        [
          266.3181818181818,
          330.25
        ],
        [
          256.65909090909093,
          335.9318181818182
        ]
      ],
      "group_id": null,
      "shape_type": "polygon",
      "flags": {}
    },
    {
      "label": "细胞核",
      "points": [
        [
          380.52272727272725,
          405.25
        ],
        [
          373.1363636363636,
          408.65909090909093
        ],
        [
          368.59090909090907,
          417.75
        ],
        [
          368.59090909090907,
          426.27272727272725
        ],
        [
          375.40909090909093,
          435.9318181818182
        ],
        [
          388.47727272727275,
          440.47727272727275
        ],
        [
          402.6818181818182,
          440.47727272727275
        ],
        [
          415.1818181818182,
          437.6363636363636
        ],
        [
          420.8636363636364,
          425.70454545454544
        ],
        [
          420.8636363636364,
          413.77272727272725
        ],
        [
          416.8863636363636,
          405.25
        ],
        [
          412.34090909090907,
          400.70454545454544
        ],
        [
          403.25,
          399.0
        ],
        [
          391.8863636363636,
          399.0
        ],
        [
          385.6363636363636,
          402.40909090909093
        ]
      ],
      "group_id": null,
      "shape_type": "polygon",
      "flags": {}
    },
    {
      "label": "细胞核",
      "points": [
        [
          390.75,
          345.59090909090907
        ],
        [
          389.04545454545456,
          355.25
        ],
        [
          395.29545454545456,
          359.79545454545456
        ],
        [
          408.9318181818182,
          363.20454545454544
        ],
        [
          427.6818181818182,
          366.04545454545456
        ],
        [
          444.72727272727275,
          364.34090909090907
        ],
        [
          460.6363636363636,
          359.22727272727275
        ],
        [
          468.02272727272725,
          352.97727272727275
        ],
        [
          465.75,
          339.90909090909093
        ],
        [
          458.3636363636364,
          334.79545454545456
        ],
        [
          435.6363636363636,
          334.79545454545456
        ],
        [
          421.4318181818182,
          335.3636363636364
        ],
        [
          404.3863636363636,
          338.20454545454544
        ],
        [
          396.4318181818182,
          340.47727272727275
        ]
      ],
      "group_id": null,
      "shape_type": "polygon",
      "flags": {}
    },
    {
      "label": "细胞核",
      "points": [
        [
          429.95454545454544,
          374.0
        ],
        [
          428.25,
          381.3863636363636
        ],
        [
          423.1363636363636,
          381.95454545454544
        ],
        [
          420.29545454545456,
          388.20454545454544
        ],
        [
          427.1136363636364,
          392.1818181818182
        ],
        [
          436.77272727272725,
          393.8863636363636
        ],
        [
          452.6818181818182,
          394.45454545454544
        ],
        [
          461.20454545454544,
          389.90909090909093
        ],
        [
          462.34090909090907,
          381.3863636363636
        ],
        [
          459.5,
          374.0
        ],
        [
          453.8181818181818,
          372.29545454545456
        ],
        [
          438.47727272727275,
          371.72727272727275
        ]
      ],
      "group_id": null,
      "shape_type": "polygon",
      "flags": {}
    },
    {
      "label": "细胞核",
      "points": [
        [
          508.93181818181813,
          365.47727272727275
        ],
        [
          499.27272727272725,
          368.8863636363636
        ],
        [
          495.8636363636364,
          376.27272727272725
        ],
        [
          499.27272727272725,
          384.79545454545456
        ],
        [
          503.81818181818187,
          389.34090909090907
        ],
        [
          510.06818181818187,
          392.75
        ],
        [
          511,
          370
        ]
      ],
      "group_id": null,
      "shape_type": "polygon",
      "flags": {}
    },
    {
      "label": "细胞核",
      "points": [
        [
          454.95454545454544,
          223.4318181818182
        ],
        [
          443.02272727272725,
          237.63636363636363
        ],
        [
          441.3181818181818,
          256.3863636363636
        ],
        [
          444.15909090909093,
          271.72727272727275
        ],
        [
          454.95454545454544,
          278.54545454545456
        ],
        [
          466.8863636363636,
          278.54545454545456
        ],
        [
          487.9090909090909,
          264.90909090909093
        ],
        [
          493.02272727272725,
          243.3181818181818
        ],
        [
          495.2954545454545,
          231.38636363636363
        ],
        [
          489.6136363636364,
          218.3181818181818
        ],
        [
          482.22727272727275,
          214.9090909090909
        ],
        [
          473.1363636363636,
          213.20454545454547
        ],
        [
          461.20454545454544,
          217.1818181818182
        ]
      ],
      "group_id": null,
      "shape_type": "polygon",
      "flags": {}
    },
    {
      "label": "细胞核",
      "points": [
        [
          440.1818181818182,
          103.54545454545455
        ],
        [
          435.0681818181818,
          115.47727272727273
        ],
        [
          430.52272727272725,
          128.54545454545453
        ],
        [
          430.52272727272725,
          141.04545454545453
        ],
        [
          436.77272727272725,
          145.5909090909091
        ],
        [
          445.29545454545456,
          145.02272727272728
        ],
        [
          452.6818181818182,
          139.9090909090909
        ],
        [
          458.9318181818182,
          128.54545454545453
        ],
        [
          462.90909090909093,
          118.31818181818181
        ],
        [
          465.1818181818182,
          113.20454545454545
        ],
        [
          464.04545454545456,
          103.54545454545455
        ],
        [
          460.6363636363636,
          99.56818181818181
        ],
        [
          453.8181818181818,
          97.29545454545455
        ],
        [
          446.4318181818182,
          97.29545454545455
        ]
      ],
      "group_id": null,
      "shape_type": "polygon",
      "flags": {}
    },
    {
      "label": "细胞核",
      "points": [
        [
          299.84090909090907,
          64.3409090909091
        ],
        [
          294.15909090909093,
          72.86363636363636
        ],
        [
          295.8636363636364,
          79.68181818181819
        ],
        [
          303.8181818181818,
          83.0909090909091
        ],
        [
          318.02272727272725,
          81.38636363636364
        ],
        [
          334.5,
          79.11363636363636
        ],
        [
          349.84090909090907,
          74.56818181818181
        ],
        [
          364.04545454545456,
          68.31818181818181
        ],
        [
          367.45454545454544,
          66.04545454545455
        ],
        [
          368.02272727272725,
          57.52272727272727
        ],
        [
          364.04545454545456,
          54.11363636363637
        ],
        [
          356.09090909090907,
          53.54545454545455
        ],
        [
          330.52272727272725,
          55.81818181818182
        ],
        [
          312.34090909090907,
          58.65909090909091
        ]
      ],
      "group_id": null,
      "shape_type": "polygon",
      "flags": {}
    },
    {
      "label": "细胞核",
      "points": [
        [
          375.97727272727275,
          57.52272727272727
        ],
        [
          370.8636363636364,
          72.86363636363636
        ],
        [
          375.40909090909093,
          84.79545454545455
        ],
        [
          379.95454545454544,
          89.3409090909091
        ],
        [
          390.1818181818182,
          88.20454545454545
        ],
        [
          395.8636363636364,
          83.0909090909091
        ],
        [
          401.54545454545456,
          76.27272727272727
        ],
        [
          403.8181818181818,
          66.04545454545455
        ],
        [
          403.8181818181818,
          59.79545454545455
        ],
        [
          401.54545454545456,
          54.11363636363637
        ],
        [
          398.1363636363636,
          50.13636363636363
        ],
        [
          391.8863636363636,
          46.72727272727273
        ],
        [
          385.0681818181818,
          46.72727272727273
        ],
        [
          380.52272727272725,
          50.70454545454545
        ]
      ],
      "group_id": null,
      "shape_type": "polygon",
      "flags": {}
    }
  ],
  "imagePath": "2e23bcb0-bba5-11e8-b2ba-ac1f6b6435d0_dst.png",
  "imageData": null,
  "imageHeight": 512,
  "imageWidth": 512
}