{
  "version": "4.5.6",
  "flags": {},
  "shapes": [
    {
      "label": "细胞膜",
      "points": [
        [
          11.204545454545453,
          91.04545454545455
        ],
        [
          23.704545454545453,
          97.86363636363636
        ],
        [
          39.61363636363636,
          99.56818181818181
        ],
        [
          58.36363636363636,
          99.56818181818181
        ],
        [
          90.75,
          96.1590909090909
        ],
        [
          129.38636363636363,
          87.63636363636364
        ],
        [
          152.11363636363637,
          72.86363636363636
        ],
        [
          173.13636363636363,
          49.0
        ],
        [
          193.02272727272728,
          25.704545454545453
        ],
        [
          206.6590909090909,
          8.090909090909092
        ],
        [
          212.9090909090909,
          0.7045454545454546
        ],
        [
          203.8181818181818,
          0.7045454545454546
        ],
        [
          189.61363636363637,
          4.681818181818182
        ],
        [
          160.63636363636363,
          12.068181818181818
        ],
        [
          136.20454545454547,
          17.181818181818183
        ],
        [
          118.5909090909091,
          24.568181818181817
        ],
        [
          98.70454545454545,
          31.954545454545453
        ],
        [
          81.0909090909091,
          40.47727272727273
        ],
        [
          62.90909090909091,
          50.13636363636363
        ],
        [
          43.022727272727266,
          61.5
        ],
        [
          28.81818181818182,
          72.86363636363636
        ],
        [
          16.886363636363633,
          81.38636363636364
        ]
      ],
      "group_id": null,
      "shape_type": "polygon",
      "flags": {}
    },
    {
      "label": "细胞膜",
      "points": [
        [
          55.522727272727266,
          0.7045454545454546
        ],
        [
          45.86363636363636,
          13.772727272727273
        ],
        [
          39.61363636363636,
          26.84090909090909
        ],
        [
          35.63636363636363,
          34.79545454545455
        ],
        [
          50.40909090909091,
          41.04545454545455
        ],
        [
          69.1590909090909,
          41.04545454545455
        ],
        [
          89.04545454545455,
          34.79545454545455
        ],
        [
          111.77272727272728,
          25.704545454545453
        ],
        [
          125.97727272727272,
          18.318181818181817
        ],
        [
          140.75,
          12.636363636363637
        ],
        [
          151.54545454545453,
          7.522727272727273
        ],
        [
          153.25,
          3.545454545454546
        ],
        [
          152.11363636363637,
          0.13636363636363646
        ]
      ],
      "group_id": null,
      "shape_type": "polygon",
      "flags": {}
    },
    {
      "label": "细胞膜",
      "points": [
        [
          172.5681818181818,
          66.61363636363636
        ],
        [
          169.1590909090909,
          79.11363636363636
        ],
        [
          170.29545454545453,
          92.75
        ],
        [
          178.25,
          106.95454545454545
        ],
        [
          186.77272727272728,
          115.47727272727273
        ],
        [
          186.77272727272728,
          123.43181818181819
        ],
        [
          196.4318181818182,
          122.29545454545455
        ],
        [
          198.70454545454547,
          117.75
        ],
        [
          210.63636363636363,
          114.9090909090909
        ],
        [
          218.5909090909091,
          110.93181818181819
        ],
        [
          222.0,
          101.8409090909091
        ],
        [
          225.97727272727272,
          95.5909090909091
        ],
        [
          231.65909090909093,
          88.77272727272727
        ],
        [
          229.38636363636363,
          81.95454545454545
        ],
        [
          222.5681818181818,
          81.95454545454545
        ],
        [
          218.02272727272728,
          76.27272727272727
        ],
        [
          211.20454545454547,
          63.20454545454545
        ],
        [
          201.54545454545453,
          59.22727272727273
        ],
        [
          196.4318181818182,
          54.11363636363637
        ],
        [
          189.61363636363637,
          51.27272727272727
        ],
        [
          184.5,
          55.81818181818182
        ],
        [
          177.6818181818182,
          59.22727272727273
        ]
      ],
      "group_id": null,
      "shape_type": "polygon",
      "flags": {}
    },
    {
      "label": "细胞膜",
      "points": [
        [
          3.25,
          222.29545454545453
        ],
        [
          12.909090909090907,
          221.72727272727272
        ],
        [
          23.136363636363633,
          220.02272727272728
        ],
        [
          32.22727272727273,
          221.72727272727272
        ],
        [
          52.68181818181819,
          226.27272727272728
        ],
        [
          62.34090909090909,
          230.25
        ],
        [
          78.81818181818181,
          230.25
        ],
        [
          85.63636363636364,
          233.0909090909091
        ],
        [
          90.75,
          237.0681818181818
        ],
        [
          94.72727272727273,
          244.45454545454547
        ],
        [
          98.13636363636364,
          249.5681818181818
        ],
        [
          107.22727272727272,
          249.5681818181818
        ],
        [
          110.06818181818181,
          259.22727272727275
        ],
        [
          107.22727272727272,
          263.20454545454544
        ],
        [
          104.95454545454547,
          266.04545454545456
        ],
        [
          107.22727272727272,
          274.0
        ],
        [
          106.0909090909091,
          280.25
        ],
        [
          94.72727272727273,
          287.6363636363636
        ],
        [
          86.77272727272727,
          287.6363636363636
        ],
        [
          78.81818181818181,
          284.22727272727275
        ],
        [
          74.8409090909091,
          280.25
        ],
        [
          66.88636363636364,
          280.25
        ],
        [
          64.61363636363636,
          282.52272727272725
        ],
        [
          61.772727272727266,
          285.9318181818182
        ],
        [
          50.977272727272734,
          284.22727272727275
        ],
        [
          46.43181818181819,
          284.22727272727275
        ],
        [
          40.75,
          282.52272727272725
        ],
        [
          32.79545454545455,
          280.8181818181818
        ],
        [
          25.977272727272727,
          277.97727272727275
        ],
        [
          19.159090909090907,
          271.15909090909093
        ],
        [
          17.454545454545453,
          266.04545454545456
        ],
        [
          12.340909090909093,
          259.79545454545456
        ],
        [
          7.795454545454547,
          254.11363636363637
        ],
        [
          2.1136363636363633,
          249.0
        ],
        [
          0.40909090909091006,
          241.04545454545453
        ],
        [
          0.40909090909091006,
          234.79545454545453
        ]
      ],
      "group_id": null,
      "shape_type": "polygon",
      "flags": {}
    },
    {
      "label": "细胞膜",
      "points": [
        [
          138.47727272727272,
          246.1590909090909
        ],
        [
          135.0681818181818,
          266.04545454545456
        ],
        [
          136.20454545454547,
          284.79545454545456
        ],
        [
          142.45454545454547,
          305.8181818181818
        ],
        [
          150.4090909090909,
          317.1818181818182
        ],
        [
          161.20454545454547,
          328.54545454545456
        ],
        [
          173.70454545454547,
          336.5
        ],
        [
          186.77272727272728,
          342.75
        ],
        [
          199.8409090909091,
          349.0
        ],
        [
          204.95454545454547,
          353.54545454545456
        ],
        [
          214.61363636363637,
          356.95454545454544
        ],
        [
          220.86363636363637,
          355.8181818181818
        ],
        [
          220.86363636363637,
          347.29545454545456
        ],
        [
          215.75,
          339.34090909090907
        ],
        [
          214.61363636363637,
          334.22727272727275
        ],
        [
          216.88636363636363,
          320.02272727272725
        ],
        [
          218.5909090909091,
          308.09090909090907
        ],
        [
          220.29545454545453,
          297.29545454545456
        ],
        [
          223.13636363636363,
          271.15909090909093
        ],
        [
          223.13636363636363,
          257.52272727272725
        ],
        [
          219.1590909090909,
          245.02272727272728
        ],
        [
          211.77272727272728,
          237.63636363636363
        ],
        [
          202.6818181818182,
          230.8181818181818
        ],
        [
          191.3181818181818,
          227.97727272727272
        ],
        [
          174.27272727272728,
          224.5681818181818
        ],
        [
          165.1818181818182,
          226.8409090909091
        ],
        [
          152.6818181818182,
          232.52272727272728
        ],
        [
          148.13636363636363,
          227.4090909090909
        ],
        [
          143.5909090909091,
          226.8409090909091
        ],
        [
          139.61363636363637,
          233.6590909090909
        ]
      ],
      "group_id": null,
      "shape_type": "polygon",
      "flags": {}
    },
    {
      "label": "细胞膜",
      "points": [
        [
          229.38636363636363,
          247.29545454545453
        ],
        [
          240.1818181818182,
          254.11363636363637
        ],
        [
          237.90909090909093,
          264.34090909090907
        ],
        [
          239.04545454545456,
          283.09090909090907
        ],
        [
          248.70454545454544,
          298.4318181818182
        ],
        [
          267.45454545454544,
          313.20454545454544
        ],
        [
          279.3863636363636,
          318.3181818181818
        ],
        [
          296.4318181818182,
          322.8636363636364
        ],
        [
          320.8636363636364,
          319.45454545454544
        ],
        [
          345.8636363636364,
          304.6818181818182
        ],
        [
          350.97727272727275,
          285.9318181818182
        ],
        [
          347.0,
          264.34090909090907
        ],
        [
          345.29545454545456,
          244.45454545454547
        ],
        [
          338.47727272727275,
          227.97727272727272
        ],
        [
          336.77272727272725,
          214.3409090909091
        ],
        [
          335.0681818181818,
          200.70454545454547
        ],
        [
          332.79545454545456,
          191.04545454545453
        ],
        [
          323.1363636363636,
          177.97727272727272
        ],
        [
          311.77272727272725,
          174.0
        ],
        [
          298.1363636363636,
          174.5681818181818
        ],
        [
          289.6136363636364,
          186.5
        ],
        [
          277.1136363636364,
          194.45454545454547
        ],
        [
          268.02272727272725,
          201.27272727272728
        ],
        [
          261.20454545454544,
          205.25
        ],
        [
          255.52272727272725,
          212.0681818181818
        ],
        [
          253.8181818181818,
          217.1818181818182
        ],
        [
          246.4318181818182,
          220.02272727272728
        ],
        [
          239.04545454545456,
          223.4318181818182
        ],
        [
          233.36363636363637,
          229.6818181818182
        ],
        [
          228.8181818181818,
          237.0681818181818
        ]
      ],
      "group_id": null,
      "shape_type": "polygon",
      "flags": {}
    },
    {
      "label": "细胞膜",
      "points": [
        [
          320.8636363636364,
          140.47727272727272
        ],
        [
          339.04545454545456,
          156.38636363636363
        ],
        [
          352.6818181818182,
          179.11363636363637
        ],
        [
          370.29545454545456,
          207.52272727272728
        ],
        [
          385.6363636363636,
          230.25
        ],
        [
          400.97727272727275,
          250.13636363636363
        ],
        [
          415.1818181818182,
          266.6136363636364
        ],
        [
          427.6818181818182,
          284.22727272727275
        ],
        [
          436.77272727272725,
          289.34090909090907
        ],
        [
          440.1818181818182,
          280.25
        ],
        [
          441.8863636363636,
          260.9318181818182
        ],
        [
          445.8636363636364,
          247.29545454545453
        ],
        [
          443.59090909090907,
          232.52272727272728
        ],
        [
          436.77272727272725,
          208.6590909090909
        ],
        [
          428.8181818181818,
          188.20454545454547
        ],
        [
          421.4318181818182,
          167.75
        ],
        [
          411.77272727272725,
          148.4318181818182
        ],
        [
          408.3636363636364,
          137.63636363636363
        ],
        [
          400.40909090909093,
          131.38636363636363
        ],
        [
          392.45454545454544,
          129.11363636363637
        ],
        [
          378.8181818181818,
          129.11363636363637
        ],
        [
          360.6363636363636,
          131.95454545454547
        ],
        [
          340.1818181818182,
          134.22727272727272
        ],
        [
          329.95454545454544,
          133.0909090909091
        ],
        [
          318.02272727272725,
          128.54545454545453
        ],
        [
          304.95454545454544,
          127.97727272727272
        ],
        [
          305.52272727272725,
          130.8181818181818
        ],
        [
          313.47727272727275,
          136.5
        ]
      ],
      "group_id": null,
      "shape_type": "polygon",
      "flags": {}
    },
    {
      "label": "细胞膜",
      "points": [
        [
          445.29545454545456,
          154.6818181818182
        ],
        [
          441.8863636363636,
          166.61363636363637
        ],
        [
          446.4318181818182,
          176.8409090909091
        ],
        [
          453.8181818181818,
          186.5
        ],
        [
          462.90909090909093,
          193.88636363636363
        ],
        [
          471.4318181818182,
          199.5681818181818
        ],
        [
          475.40909090909093,
          202.4090909090909
        ],
        [
          477.6818181818182,
          210.36363636363637
        ],
        [
          481.65909090909093,
          216.61363636363637
        ],
        [
          490.18181818181813,
          213.77272727272728
        ],
        [
          493.02272727272725,
          207.52272727272728
        ],
        [
          497.56818181818187,
          203.54545454545453
        ],
        [
          503.81818181818187,
          195.5909090909091
        ],
        [
          506.6590909090909,
          189.3409090909091
        ],
        [
          504.3863636363636,
          176.8409090909091
        ],
        [
          502.68181818181813,
          167.75
        ],
        [
          502.68181818181813,
          157.52272727272728
        ],
        [
          500.4090909090909,
          149.5681818181818
        ],
        [
          496.43181818181813,
          142.1818181818182
        ],
        [
          490.18181818181813,
          139.3409090909091
        ],
        [
          478.8181818181818,
          136.5
        ],
        [
          465.1818181818182,
          136.5
        ],
        [
          457.22727272727275,
          140.47727272727272
        ],
        [
          450.40909090909093,
          143.3181818181818
        ],
        [
          447.5681818181818,
          147.29545454545453
        ]
      ],
      "group_id": null,
      "shape_type": "polygon",
      "flags": {}
    },
    {
      "label": "细胞膜",
      "points": [
        [
          227.11363636363637,
          132.52272727272728
        ],
        [
          224.8409090909091,
          142.1818181818182
        ],
        [
          229.38636363636363,
          148.4318181818182
        ],
        [
          243.59090909090907,
          146.72727272727272
        ],
        [
          252.6818181818182,
          143.3181818181818
        ],
        [
          278.25,
          132.52272727272728
        ],
        [
          304.95454545454544,
          122.29545454545455
        ],
        [
          326.54545454545456,
          116.04545454545455
        ],
        [
          349.27272727272725,
          108.6590909090909
        ],
        [
          376.54545454545456,
          99.56818181818181
        ],
        [
          396.4318181818182,
          92.75
        ],
        [
          418.02272727272725,
          86.5
        ],
        [
          428.8181818181818,
          82.52272727272727
        ],
        [
          429.3863636363636,
          75.70454545454545
        ],
        [
          429.95454545454544,
          66.61363636363636
        ],
        [
          424.84090909090907,
          62.63636363636363
        ],
        [
          408.9318181818182,
          58.65909090909091
        ],
        [
          396.4318181818182,
          56.38636363636363
        ],
        [
          376.54545454545456,
          54.68181818181818
        ],
        [
          353.8181818181818,
          56.95454545454545
        ],
        [
          345.29545454545456,
          58.65909090909091
        ],
        [
          340.75,
          58.65909090909091
        ],
        [
          337.90909090909093,
          52.97727272727273
        ],
        [
          328.8181818181818,
          52.97727272727273
        ],
        [
          324.84090909090907,
          56.95454545454545
        ],
        [
          325.97727272727275,
          62.06818181818182
        ],
        [
          324.27272727272725,
          66.61363636363636
        ],
        [
          317.45454545454544,
          71.72727272727273
        ],
        [
          304.95454545454544,
          87.06818181818181
        ],
        [
          298.1363636363636,
          96.1590909090909
        ],
        [
          286.77272727272725,
          101.27272727272727
        ],
        [
          271.4318181818182,
          107.52272727272727
        ],
        [
          264.04545454545456,
          112.06818181818181
        ],
        [
          259.5,
          116.61363636363636
        ],
        [
          250.97727272727275,
          118.88636363636364
        ],
        [
          238.47727272727275,
          122.29545454545455
        ],
        [
          231.09090909090907,
          125.13636363636364
        ]
      ],
      "group_id": null,
      "shape_type": "polygon",
      "flags": {}
    },
    {
      "label": "细胞膜",
      "points": [
        [
          295.29545454545456,
          459.79545454545456
        ],
        [
          290.75,
          477.97727272727275
        ],
        [
          286.77272727272725,
          492.1818181818182
        ],
        [
          290.1818181818182,
          504.1136363636364
        ],
        [
          291.8863636363636,
          510.3636363636364
        ],
        [
          295,
          511
        ],
        [
          311.20454545454544,
          507.52272727272725
        ],
        [
          321.4318181818182,
          500.1363636363636
        ],
        [
          332.22727272727275,
          495.02272727272725
        ],
        [
          336.77272727272725,
          485.3636363636364
        ],
        [
          331.09090909090907,
          470.59090909090907
        ],
        [
          330.52272727272725,
          460.3636363636364
        ],
        [
          323.1363636363636,
          450.1363636363636
        ],
        [
          314.04545454545456,
          450.1363636363636
        ],
        [
          308.3636363636364,
          450.1363636363636
        ],
        [
          299.84090909090907,
          454.1136363636364
        ]
      ],
      "group_id": null,
      "shape_type": "polygon",
      "flags": {}
    },
    {
      "label": "细胞核",
      "points": [
        [
          74.27272727272727,
          1.8409090909090908
        ],
        [
          118.5909090909091,
          1.272727272727273
        ],
        [
          115.18181818181819,
          8.090909090909092
        ],
        [
          108.36363636363637,
          19.454545454545453
        ],
        [
          99.27272727272727,
          23.431818181818183
        ],
        [
          89.04545454545455,
          24.568181818181817
        ],
        [
          78.81818181818181,
          22.295454545454547
        ],
        [
          74.27272727272727,
          16.613636363636363
        ],
        [
          72.0,
          10.363636363636363
        ]
      ],
      "group_id": null,
      "shape_type": "polygon",
      "flags": {}
    },
    {
      "label": "细胞核",
      "points": [
        [
          111.20454545454547,
          37.63636363636363
        ],
        [
          108.93181818181819,
          50.13636363636363
        ],
        [
          113.47727272727272,
          62.63636363636363
        ],
        [
          118.5909090909091,
          69.45454545454545
        ],
        [
          129.95454545454547,
          74.0
        ],
        [
          149.8409090909091,
          67.18181818181819
        ],
        [
          165.1818181818182,
          55.81818181818182
        ],
        [
          173.70454545454547,
          42.75
        ],
        [
          175.97727272727272,
          32.52272727272727
        ],
        [
          173.70454545454547,
          25.136363636363637
        ],
        [
          169.1590909090909,
          20.59090909090909
        ],
        [
          162.3409090909091,
          17.75
        ],
        [
          151.54545454545453,
          17.75
        ],
        [
          138.47727272727272,
          21.727272727272727
        ],
        [
          126.54545454545453,
          27.40909090909091
        ],
        [
          114.61363636363637,
          31.386363636363633
        ]
      ],
      "group_id": null,
      "shape_type": "polygon",
      "flags": {}
    },
    {
      "label": "细胞核",
      "points": [
        [
          177.11363636363637,
          76.27272727272727
        ],
        [
          177.11363636363637,
          90.47727272727273
        ],
        [
          182.79545454545453,
          102.97727272727273
        ],
        [
          193.02272727272728,
          109.22727272727273
        ],
        [
          200.97727272727272,
          108.6590909090909
        ],
        [
          210.63636363636363,
          104.11363636363636
        ],
        [
          216.88636363636363,
          99.0
        ],
        [
          211.20454545454547,
          89.3409090909091
        ],
        [
          205.52272727272728,
          82.52272727272727
        ],
        [
          198.13636363636363,
          77.97727272727273
        ],
        [
          200.4090909090909,
          74.56818181818181
        ],
        [
          208.9318181818182,
          74.56818181818181
        ],
        [
          208.9318181818182,
          68.88636363636364
        ],
        [
          204.38636363636363,
          66.04545454545455
        ],
        [
          195.29545454545453,
          66.04545454545455
        ],
        [
          185.63636363636363,
          66.04545454545455
        ],
        [
          179.95454545454547,
          69.45454545454545
        ]
      ],
      "group_id": null,
      "shape_type": "polygon",
      "flags": {}
    },
    {
      "label": "细胞核",
      "points": [
        [
          338.47727272727275,
          70.02272727272727
        ],
        [
          336.77272727272725,
          83.6590909090909
        ],
        [
          340.75,
          93.31818181818181
        ],
        [
          349.27272727272725,
          98.43181818181819
        ],
        [
          359.5,
          99.56818181818181
        ],
        [
          373.1363636363636,
          97.29545454545455
        ],
        [
          387.34090909090907,
          89.9090909090909
        ],
        [
          393.02272727272725,
          80.81818181818181
        ],
        [
          394.72727272727275,
          69.45454545454545
        ],
        [
          391.3181818181818,
          62.06818181818182
        ],
        [
          379.3863636363636,
          59.22727272727273
        ],
        [
          370.8636363636364,
          59.22727272727273
        ],
        [
          355.52272727272725,
          64.3409090909091
        ],
        [
          343.59090909090907,
          66.61363636363636
        ]
      ],
      "group_id": null,
      "shape_type": "polygon",
      "flags": {}
    },
    {
      "label": "细胞核",
      "points": [
        [
          471.4318181818182,
          141.04545454545453
        ],
        [
          457.22727272727275,
          142.1818181818182
        ],
        [
          448.1363636363636,
          152.4090909090909
        ],
        [
          449.27272727272725,
          167.1818181818182
        ],
        [
          453.25,
          177.97727272727272
        ],
        [
          458.9318181818182,
          182.52272727272728
        ],
        [
          466.3181818181818,
          184.22727272727272
        ],
        [
          477.6818181818182,
          191.04545454545453
        ],
        [
          487.3409090909091,
          191.04545454545453
        ],
        [
          499.27272727272725,
          184.22727272727272
        ],
        [
          500.4090909090909,
          177.97727272727272
        ],
        [
          500.4090909090909,
          169.45454545454547
        ],
        [
          497.0,
          164.3409090909091
        ],
        [
          493.02272727272725,
          159.79545454545453
        ],
        [
          487.3409090909091,
          158.6590909090909
        ],
        [
          477.1136363636364,
          158.0909090909091
        ],
        [
          472.5681818181818,
          153.54545454545453
        ],
        [
          473.70454545454544,
          146.72727272727272
        ]
      ],
      "group_id": null,
      "shape_type": "polygon",
      "flags": {}
    },
    {
      "label": "细胞核",
      "points": [
        [
          384.5,
          181.38636363636363
        ],
        [
          382.79545454545456,
          194.45454545454547
        ],
        [
          386.20454545454544,
          210.9318181818182
        ],
        [
          396.4318181818182,
          226.27272727272728
        ],
        [
          405.52272727272725,
          235.9318181818182
        ],
        [
          416.8863636363636,
          239.3409090909091
        ],
        [
          431.65909090909093,
          234.79545454545453
        ],
        [
          435.0681818181818,
          220.5909090909091
        ],
        [
          430.52272727272725,
          208.0909090909091
        ],
        [
          427.6818181818182,
          197.29545454545453
        ],
        [
          419.15909090909093,
          188.20454545454547
        ],
        [
          411.20454545454544,
          178.54545454545453
        ],
        [
          400.97727272727275,
          175.70454545454547
        ],
        [
          390.75,
          175.70454545454547
        ]
      ],
      "group_id": null,
      "shape_type": "polygon",
      "flags": {}
    },
    {
      "label": "细胞核",
      "points": [
        [
          281.09090909090907,
          211.5
        ],
        [
          271.4318181818182,
          222.29545454545453
        ],
        [
          267.45454545454544,
          239.9090909090909
        ],
        [
          269.15909090909093,
          256.3863636363636
        ],
        [
          275.97727272727275,
          265.47727272727275
        ],
        [
          290.75,
          269.45454545454544
        ],
        [
          309.5,
          262.6363636363636
        ],
        [
          321.4318181818182,
          251.8409090909091
        ],
        [
          327.6818181818182,
          235.9318181818182
        ],
        [
          329.95454545454544,
          218.88636363636363
        ],
        [
          329.95454545454544,
          206.38636363636363
        ],
        [
          324.84090909090907,
          197.86363636363637
        ],
        [
          316.8863636363636,
          191.61363636363637
        ],
        [
          305.52272727272725,
          193.3181818181818
        ],
        [
          297.5681818181818,
          199.0
        ],
        [
          289.04545454545456,
          202.97727272727272
        ]
      ],
      "group_id": null,
      "shape_type": "polygon",
      "flags": {}
    },
    {
      "label": "细胞核",
      "points": [
        [
          153.8181818181818,
          245.02272727272728
        ],
        [
          165.75,
          246.72727272727272
        ],
        [
          178.25,
          254.11363636363637
        ],
        [
          184.5,
          266.6136363636364
        ],
        [
          186.20454545454547,
          277.40909090909093
        ],
        [
          182.22727272727272,
          289.90909090909093
        ],
        [
          179.38636363636363,
          296.72727272727275
        ],
        [
          175.97727272727272,
          304.6818181818182
        ],
        [
          172.5681818181818,
          309.79545454545456
        ],
        [
          166.3181818181818,
          311.5
        ],
        [
          157.79545454545453,
          311.5
        ],
        [
          149.8409090909091,
          306.3863636363636
        ],
        [
          143.5909090909091,
          297.29545454545456
        ],
        [
          140.75,
          279.6818181818182
        ],
        [
          139.04545454545453,
          266.6136363636364
        ],
        [
          139.04545454545453,
          256.3863636363636
        ],
        [
          142.45454545454547,
          249.0
        ]
      ],
      "group_id": null,
      "shape_type": "polygon",
      "flags": {}
    },
    {
      "label": "细胞核",
      "points": [
        [
          20.295454545454547,
          229.6818181818182
        ],
        [
          16.31818181818182,
          237.0681818181818
        ],
        [
          18.590909090909093,
          251.27272727272728
        ],
        [
          27.68181818181818,
          255.8181818181818
        ],
        [
          47.56818181818181,
          258.09090909090907
        ],
        [
          62.90909090909091,
          255.8181818181818
        ],
        [
          72.56818181818181,
          249.0
        ],
        [
          82.22727272727273,
          245.5909090909091
        ],
        [
          81.0909090909091,
          235.9318181818182
        ],
        [
          72.56818181818181,
          234.22727272727272
        ],
        [
          60.06818181818181,
          234.22727272727272
        ],
        [
          49.272727272727266,
          229.11363636363637
        ],
        [
          39.04545454545455,
          227.4090909090909
        ],
        [
          31.659090909090907,
          225.70454545454547
        ],
        [
          26.545454545454547,
          225.13636363636363
        ]
      ],
      "group_id": null,
      "shape_type": "polygon",
      "flags": {}
    },
    {
      "label": "细胞核",
      "points": [
        [
          315.1818181818182,
          463.77272727272725
        ],
        [
          311.77272727272725,
          471.15909090909093
        ],
        [
          316.3181818181818,
          476.27272727272725
        ],
        [
          323.70454545454544,
          476.27272727272725
        ],
        [
          328.8181818181818,
          473.4318181818182
        ],
        [
          328.25,
          467.1818181818182
        ],
        [
          325.97727272727275,
          462.6363636363636
        ],
        [
          321.4318181818182,
          460.9318181818182
        ]
      ],
      "group_id": null,
      "shape_type": "polygon",
      "flags": {}
    }
  ],
  "imagePath": "2e6c9d7a-bbc5-11e8-b2bc-ac1f6b6435d0_dst.png",
  "imageData": null,
  "imageHeight": 512,
  "imageWidth": 512
}