{
  "version": "4.5.6",
  "flags": {},
  "shapes": [
    {
      "label": "细胞膜",
      "points": [
        [
          0.9772727272727266,
          241.04545454545453
        ],
        [
          17.454545454545453,
          258.65909090909093
        ],
        [
          39.04545454545455,
          269.45454545454544
        ],
        [
          62.90909090909091,
          270.02272727272725
        ],
        [
          72.56818181818181,
          253.54545454545453
        ],
        [
          81.0909090909091,
          235.36363636363637
        ],
        [
          87.3409090909091,
          221.1590909090909
        ],
        [
          97.56818181818181,
          206.38636363636363
        ],
        [
          103.25,
          192.75
        ],
        [
          98.70454545454545,
          187.0681818181818
        ],
        [
          85.63636363636364,
          187.0681818181818
        ],
        [
          72.0,
          193.88636363636363
        ],
        [
          61.772727272727266,
          200.70454545454547
        ],
        [
          40.75,
          202.97727272727272
        ],
        [
          31.090909090909093,
          201.27272727272728
        ],
        [
          14.613636363636367,
          192.75
        ],
        [
          4.954545454545453,
          191.04545454545453
        ],
        [
          0.9772727272727266,
          191.04545454545453
        ]
      ],
      "group_id": null,
      "shape_type": "polygon",
      "flags": {}
    },
    {
      "label": "细胞膜",
      "points": [
        [
          150.4090909090909,
          163.20454545454547
        ],
        [
          153.25,
          206.95454545454547
        ],
        [
          161.77272727272728,
          232.52272727272728
        ],
        [
          185.63636363636363,
          257.52272727272725
        ],
        [
          207.79545454545453,
          266.04545454545456
        ],
        [
          216.88636363636363,
          268.8863636363636
        ],
        [
          228.8181818181818,
          253.54545454545453
        ],
        [
          235.0681818181818,
          237.63636363636363
        ],
        [
          235.63636363636363,
          217.1818181818182
        ],
        [
          235.63636363636363,
          196.72727272727272
        ],
        [
          235.63636363636363,
          181.38636363636363
        ],
        [
          222.0,
          167.75
        ],
        [
          208.36363636363637,
          153.54545454545453
        ],
        [
          191.3181818181818,
          144.45454545454547
        ],
        [
          174.8409090909091,
          136.5
        ],
        [
          164.61363636363637,
          135.9318181818182
        ],
        [
          155.52272727272728,
          141.61363636363637
        ],
        [
          150.97727272727272,
          150.13636363636363
        ]
      ],
      "group_id": null,
      "shape_type": "polygon",
      "flags": {}
    },
    {
      "label": "细胞膜",
      "points": [
        [
          265.75,
          32.52272727272727
        ],
        [
          264.6136363636364,
          49.0
        ],
        [
          272.0,
          70.5909090909091
        ],
        [
          290.1818181818182,
          89.3409090909091
        ],
        [
          305.52272727272725,
          96.72727272727273
        ],
        [
          318.02272727272725,
          99.0
        ],
        [
          344.72727272727275,
          95.5909090909091
        ],
        [
          348.70454545454544,
          81.38636363636364
        ],
        [
          350.40909090909093,
          62.63636363636363
        ],
        [
          347.5681818181818,
          39.34090909090909
        ],
        [
          336.20454545454544,
          25.136363636363637
        ],
        [
          322.0,
          13.772727272727273
        ],
        [
          303.25,
          10.363636363636363
        ],
        [
          281.65909090909093,
          13.204545454545455
        ],
        [
          269.72727272727275,
          18.886363636363637
        ]
      ],
      "group_id": null,
      "shape_type": "polygon",
      "flags": {}
    },
    {
      "label": "细胞膜",
      "points": [
        [
          316.3181818181818,
          112.06818181818181
        ],
        [
          310.0681818181818,
          126.27272727272727
        ],
        [
          312.34090909090907,
          139.9090909090909
        ],
        [
          323.70454545454544,
          164.3409090909091
        ],
        [
          339.6136363636364,
          180.25
        ],
        [
          353.25,
          181.38636363636363
        ],
        [
          374.27272727272725,
          174.5681818181818
        ],
        [
          377.6818181818182,
          156.95454545454547
        ],
        [
          374.27272727272725,
          131.38636363636363
        ],
        [
          358.3636363636364,
          111.5
        ],
        [
          345.29545454545456,
          102.4090909090909
        ],
        [
          330.52272727272725,
          100.13636363636364
        ],
        [
          318.59090909090907,
          102.4090909090909
        ]
      ],
      "group_id": null,
      "shape_type": "polygon",
      "flags": {}
    },
    {
      "label": "细胞膜",
      "points": [
        [
          466.8863636363636,
          79.68181818181819
        ],
        [
          453.8181818181818,
          96.1590909090909
        ],
        [
          434.5,
          121.1590909090909
        ],
        [
          421.4318181818182,
          137.0681818181818
        ],
        [
          411.77272727272725,
          153.54545454545453
        ],
        [
          400.97727272727275,
          174.0
        ],
        [
          395.29545454545456,
          193.3181818181818
        ],
        [
          391.8863636363636,
          210.9318181818182
        ],
        [
          402.1136363636364,
          229.6818181818182
        ],
        [
          415.75,
          241.61363636363637
        ],
        [
          427.1136363636364,
          249.5681818181818
        ],
        [
          444.72727272727275,
          245.02272727272728
        ],
        [
          462.34090909090907,
          229.11363636363637
        ],
        [
          475.97727272727275,
          207.52272727272728
        ],
        [
          477.1136363636364,
          173.4318181818182
        ],
        [
          478.25,
          149.5681818181818
        ],
        [
          478.25,
          133.6590909090909
        ],
        [
          485.06818181818187,
          108.6590909090909
        ],
        [
          485.6363636363636,
          94.45454545454545
        ],
        [
          485.6363636363636,
          81.38636363636364
        ],
        [
          480.52272727272725,
          76.8409090909091
        ],
        [
          472.5681818181818,
          74.56818181818181
        ]
      ],
      "group_id": null,
      "shape_type": "polygon",
      "flags": {}
    },
    {
      "label": "细胞膜",
      "points": [
        [
          248.13636363636363,
          209.22727272727272
        ],
        [
          242.45454545454544,
          226.27272727272728
        ],
        [
          248.70454545454544,
          247.29545454545453
        ],
        [
          261.77272727272725,
          267.75
        ],
        [
          287.34090909090907,
          280.25
        ],
        [
          316.3181818181818,
          276.84090909090907
        ],
        [
          327.1136363636364,
          257.52272727272725
        ],
        [
          327.6818181818182,
          237.63636363636363
        ],
        [
          327.6818181818182,
          220.02272727272728
        ],
        [
          318.59090909090907,
          196.72727272727272
        ],
        [
          310.0681818181818,
          185.9318181818182
        ],
        [
          295.8636363636364,
          183.6590909090909
        ],
        [
          268.02272727272725,
          193.3181818181818
        ],
        [
          256.65909090909093,
          200.13636363636363
        ]
      ],
      "group_id": null,
      "shape_type": "polygon",
      "flags": {}
    },
    {
      "label": "细胞膜",
      "points": [
        [
          330.52272727272725,
          275.70454545454544
        ],
        [
          332.22727272727275,
          305.25
        ],
        [
          343.02272727272725,
          329.6818181818182
        ],
        [
          359.5,
          341.6136363636364
        ],
        [
          383.9318181818182,
          349.0
        ],
        [
          403.25,
          346.15909090909093
        ],
        [
          415.75,
          338.77272727272725
        ],
        [
          425.40909090909093,
          318.3181818181818
        ],
        [
          425.97727272727275,
          302.97727272727275
        ],
        [
          422.5681818181818,
          291.04545454545456
        ],
        [
          410.0681818181818,
          281.3863636363636
        ],
        [
          395.29545454545456,
          276.84090909090907
        ],
        [
          379.95454545454544,
          266.6136363636364
        ],
        [
          365.1818181818182,
          258.65909090909093
        ],
        [
          348.1363636363636,
          256.95454545454544
        ],
        [
          336.77272727272725,
          259.79545454545456
        ],
        [
          330.52272727272725,
          263.20454545454544
        ]
      ],
      "group_id": null,
      "shape_type": "polygon",
      "flags": {}
    },
    {
      "label": "细胞膜",
      "points": [
        [
          401.54545454545456,
          357.52272727272725
        ],
        [
          385.6363636363636,
          361.5
        ],
        [
          378.8181818181818,
          374.0
        ],
        [
          387.90909090909093,
          394.45454545454544
        ],
        [
          404.95454545454544,
          408.09090909090907
        ],
        [
          421.4318181818182,
          425.1363636363636
        ],
        [
          436.77272727272725,
          438.20454545454544
        ],
        [
          453.8181818181818,
          449.5681818181818
        ],
        [
          467.45454545454544,
          456.3863636363636
        ],
        [
          482.22727272727275,
          458.65909090909093
        ],
        [
          501.5454545454545,
          449.0
        ],
        [
          507.22727272727275,
          432.52272727272725
        ],
        [
          505.52272727272725,
          408.65909090909093
        ],
        [
          493.5909090909091,
          387.6363636363636
        ],
        [
          479.95454545454544,
          374.0
        ],
        [
          464.04545454545456,
          361.5
        ],
        [
          447.0,
          347.8636363636364
        ],
        [
          431.65909090909093,
          342.75
        ],
        [
          419.15909090909093,
          344.45454545454544
        ],
        [
          410.0681818181818,
          352.40909090909093
        ]
      ],
      "group_id": null,
      "shape_type": "polygon",
      "flags": {}
    },
    {
      "label": "细胞膜",
      "points": [
        [
          3.8181818181818166,
          381.95454545454544
        ],
        [
          11.772727272727273,
          409.79545454545456
        ],
        [
          24.840909090909093,
          442.75
        ],
        [
          50.40909090909091,
          467.75
        ],
        [
          74.27272727272727,
          487.6363636363636
        ],
        [
          91.31818181818181,
          500.1363636363636
        ],
        [
          102.68181818181819,
          509.79545454545456
        ],
        [
          123.70454545454547,
          510.9318181818182
        ],
        [
          122.56818181818181,
          501.84090909090907
        ],
        [
          125.4090909090909,
          494.45454545454544
        ],
        [
          135.63636363636363,
          492.1818181818182
        ],
        [
          144.72727272727272,
          492.75
        ],
        [
          169.72727272727272,
          497.8636363636364
        ],
        [
          177.11363636363637,
          489.90909090909093
        ],
        [
          177.6818181818182,
          480.25
        ],
        [
          165.75,
          472.8636363636364
        ],
        [
          151.54545454545453,
          473.4318181818182
        ],
        [
          136.77272727272728,
          471.72727272727275
        ],
        [
          128.25,
          467.75
        ],
        [
          115.18181818181819,
          462.6363636363636
        ],
        [
          103.81818181818181,
          458.09090909090907
        ],
        [
          98.70454545454545,
          446.72727272727275
        ],
        [
          90.75,
          435.3636363636364
        ],
        [
          87.9090909090909,
          425.1363636363636
        ],
        [
          87.9090909090909,
          412.0681818181818
        ],
        [
          85.06818181818181,
          397.29545454545456
        ],
        [
          81.6590909090909,
          384.22727272727275
        ],
        [
          79.38636363636364,
          371.15909090909093
        ],
        [
          65.75,
          369.45454545454544
        ],
        [
          52.68181818181819,
          369.45454545454544
        ],
        [
          41.88636363636364,
          373.4318181818182
        ],
        [
          24.840909090909093,
          373.4318181818182
        ],
        [
          11.772727272727273,
          371.72727272727275
        ],
        [
          4.954545454545453,
          374.0
        ]
      ],
      "group_id": null,
      "shape_type": "polygon",
      "flags": {}
    },
    {
      "label": "细胞膜",
      "points": [
        [
          108.93181818181819,
          332.52272727272725
        ],
        [
          101.54545454545453,
          351.84090909090907
        ],
        [
          97.0,
          372.29545454545456
        ],
        [
          97.0,
          397.29545454545456
        ],
        [
          103.25,
          418.3181818181818
        ],
        [
          108.93181818181819,
          438.77272727272725
        ],
        [
          111.77272727272728,
          453.54545454545456
        ],
        [
          115.18181818181819,
          460.3636363636364
        ],
        [
          127.11363636363637,
          464.34090909090907
        ],
        [
          142.45454545454547,
          470.59090909090907
        ],
        [
          156.0909090909091,
          462.6363636363636
        ],
        [
          164.04545454545453,
          449.0
        ],
        [
          168.02272727272728,
          435.3636363636364
        ],
        [
          168.02272727272728,
          415.47727272727275
        ],
        [
          168.5909090909091,
          396.15909090909093
        ],
        [
          166.88636363636363,
          376.27272727272725
        ],
        [
          155.52272727272728,
          358.65909090909093
        ],
        [
          143.5909090909091,
          342.75
        ],
        [
          125.4090909090909,
          335.3636363636364
        ],
        [
          115.18181818181819,
          329.1136363636364
        ]
      ],
      "group_id": null,
      "shape_type": "polygon",
      "flags": {}
    },
    {
      "label": "细胞膜",
      "points": [
        [
          217.45454545454547,
          310.9318181818182
        ],
        [
          196.4318181818182,
          330.8181818181818
        ],
        [
          187.3409090909091,
          345.02272727272725
        ],
        [
          175.97727272727272,
          359.79545454545456
        ],
        [
          171.4318181818182,
          373.4318181818182
        ],
        [
          173.13636363636363,
          387.0681818181818
        ],
        [
          183.9318181818182,
          388.20454545454544
        ],
        [
          205.52272727272728,
          385.3636363636364
        ],
        [
          220.86363636363637,
          386.5
        ],
        [
          238.47727272727275,
          388.20454545454544
        ],
        [
          260.6363636363636,
          387.0681818181818
        ],
        [
          269.15909090909093,
          377.97727272727275
        ],
        [
          272.0,
          369.45454545454544
        ],
        [
          289.6136363636364,
          360.9318181818182
        ],
        [
          309.5,
          359.22727272727275
        ],
        [
          315.75,
          352.40909090909093
        ],
        [
          306.65909090909093,
          347.8636363636364
        ],
        [
          291.3181818181818,
          348.4318181818182
        ],
        [
          282.79545454545456,
          339.90909090909093
        ],
        [
          275.97727272727275,
          329.6818181818182
        ],
        [
          280.52272727272725,
          309.22727272727275
        ],
        [
          274.84090909090907,
          299.0
        ],
        [
          265.75,
          288.20454545454544
        ],
        [
          252.11363636363637,
          286.5
        ],
        [
          231.09090909090907,
          296.72727272727275
        ],
        [
          223.13636363636363,
          302.40909090909093
        ]
      ],
      "group_id": null,
      "shape_type": "polygon",
      "flags": {}
    },
    {
      "label": "细胞膜",
      "points": [
        [
          273.1363636363636,
          406.95454545454544
        ],
        [
          258.9318181818182,
          429.1136363636364
        ],
        [
          243.02272727272725,
          446.72727272727275
        ],
        [
          224.27272727272728,
          459.79545454545456
        ],
        [
          216.88636363636363,
          470.02272727272725
        ],
        [
          213.47727272727272,
          485.3636363636364
        ],
        [
          219.72727272727272,
          497.29545454545456
        ],
        [
          228.8181818181818,
          503.54545454545456
        ],
        [
          247.0,
          507.52272727272725
        ],
        [
          264.04545454545456,
          509.79545454545456
        ],
        [
          278.25,
          510.3636363636364
        ],
        [
          300.40909090909093,
          508.65909090909093
        ],
        [
          323.1363636363636,
          499.5681818181818
        ],
        [
          343.59090909090907,
          474.5681818181818
        ],
        [
          349.27272727272725,
          444.45454545454544
        ],
        [
          350.97727272727275,
          425.1363636363636
        ],
        [
          348.1363636363636,
          401.84090909090907
        ],
        [
          337.90909090909093,
          388.20454545454544
        ],
        [
          321.4318181818182,
          380.8181818181818
        ],
        [
          309.5,
          377.40909090909093
        ],
        [
          290.1818181818182,
          384.79545454545456
        ],
        [
          279.3863636363636,
          396.15909090909093
        ]
      ],
      "group_id": null,
      "shape_type": "polygon",
      "flags": {}
    },
    {
      "label": "细胞核",
      "points": [
        [
          296.4318181818182,
          76.27272727272727
        ],
        [
          300.40909090909093,
          86.5
        ],
        [
          307.79545454545456,
          94.45454545454545
        ],
        [
          319.72727272727275,
          96.72727272727273
        ],
        [
          333.9318181818182,
          92.18181818181819
        ],
        [
          335.0681818181818,
          85.36363636363636
        ],
        [
          333.9318181818182,
          74.56818181818181
        ],
        [
          325.97727272727275,
          69.45454545454545
        ],
        [
          314.04545454545456,
          67.75
        ],
        [
          305.52272727272725,
          69.45454545454545
        ]
      ],
      "group_id": null,
      "shape_type": "polygon",
      "flags": {}
    },
    {
      "label": "细胞核",
      "points": [
        [
          318.59090909090907,
          49.56818181818182
        ],
        [
          316.8863636363636,
          58.09090909090909
        ],
        [
          321.4318181818182,
          66.04545454545455
        ],
        [
          333.3636363636364,
          63.772727272727266
        ],
        [
          335.0681818181818,
          56.38636363636363
        ],
        [
          333.3636363636364,
          49.56818181818182
        ],
        [
          329.95454545454544,
          47.29545454545455
        ]
      ],
      "group_id": null,
      "shape_type": "polygon",
      "flags": {}
    },
    {
      "label": "细胞核",
      "points": [
        [
          318.02272727272725,
          113.20454545454545
        ],
        [
          318.02272727272725,
          127.4090909090909
        ],
        [
          326.54545454545456,
          135.9318181818182
        ],
        [
          335.0681818181818,
          135.36363636363637
        ],
        [
          353.25,
          135.9318181818182
        ],
        [
          361.77272727272725,
          134.79545454545453
        ],
        [
          360.6363636363636,
          126.27272727272727
        ],
        [
          355.52272727272725,
          116.04545454545455
        ],
        [
          344.72727272727275,
          105.81818181818181
        ],
        [
          337.90909090909093,
          104.11363636363636
        ],
        [
          326.54545454545456,
          104.11363636363636
        ],
        [
          322.5681818181818,
          106.38636363636364
        ]
      ],
      "group_id": null,
      "shape_type": "polygon",
      "flags": {}
    },
    {
      "label": "细胞核",
      "points": [
        [
          427.1136363636364,
          148.4318181818182
        ],
        [
          415.1818181818182,
          154.6818181818182
        ],
        [
          407.79545454545456,
          168.3181818181818
        ],
        [
          403.25,
          179.6818181818182
        ],
        [
          400.40909090909093,
          196.1590909090909
        ],
        [
          408.9318181818182,
          211.5
        ],
        [
          418.59090909090907,
          218.3181818181818
        ],
        [
          430.52272727272725,
          224.5681818181818
        ],
        [
          442.45454545454544,
          221.72727272727272
        ],
        [
          452.6818181818182,
          210.36363636363637
        ],
        [
          445.8636363636364,
          198.4318181818182
        ],
        [
          438.47727272727275,
          190.47727272727272
        ],
        [
          433.9318181818182,
          181.95454545454547
        ],
        [
          440.1818181818182,
          171.1590909090909
        ],
        [
          448.1363636363636,
          164.3409090909091
        ],
        [
          449.84090909090907,
          158.0909090909091
        ],
        [
          447.0,
          149.5681818181818
        ],
        [
          439.04545454545456,
          144.45454545454547
        ],
        [
          434.5,
          145.02272727272728
        ]
      ],
      "group_id": null,
      "shape_type": "polygon",
      "flags": {}
    },
    {
      "label": "细胞核",
      "points": [
        [
          19.727272727272727,
          222.29545454545453
        ],
        [
          18.590909090909093,
          236.5
        ],
        [
          19.727272727272727,
          247.86363636363637
        ],
        [
          29.386363636363633,
          262.0681818181818
        ],
        [
          44.727272727272734,
          268.8863636363636
        ],
        [
          61.772727272727266,
          265.47727272727275
        ],
        [
          69.72727272727273,
          251.27272727272728
        ],
        [
          74.8409090909091,
          239.3409090909091
        ],
        [
          74.27272727272727,
          229.6818181818182
        ],
        [
          68.5909090909091,
          220.02272727272728
        ],
        [
          59.5,
          216.61363636363637
        ],
        [
          49.84090909090909,
          217.75
        ],
        [
          45.29545454545455,
          220.5909090909091
        ],
        [
          39.04545454545455,
          222.29545454545453
        ],
        [
          31.090909090909093,
          220.02272727272728
        ],
        [
          25.977272727272727,
          220.02272727272728
        ]
      ],
      "group_id": null,
      "shape_type": "polygon",
      "flags": {}
    },
    {
      "label": "细胞核",
      "points": [
        [
          166.88636363636363,
          185.36363636363637
        ],
        [
          167.45454545454547,
          197.29545454545453
        ],
        [
          164.04545454545453,
          206.38636363636363
        ],
        [
          162.3409090909091,
          220.02272727272728
        ],
        [
          167.45454545454547,
          231.95454545454547
        ],
        [
          175.4090909090909,
          233.6590909090909
        ],
        [
          186.20454545454547,
          224.5681818181818
        ],
        [
          192.45454545454547,
          218.3181818181818
        ],
        [
          197.0,
          214.9090909090909
        ],
        [
          206.6590909090909,
          217.75
        ],
        [
          222.5681818181818,
          216.04545454545453
        ],
        [
          229.95454545454544,
          204.11363636363637
        ],
        [
          226.54545454545453,
          192.75
        ],
        [
          219.1590909090909,
          180.8181818181818
        ],
        [
          211.20454545454547,
          175.13636363636363
        ],
        [
          198.70454545454547,
          170.5909090909091
        ],
        [
          187.3409090909091,
          170.02272727272728
        ],
        [
          178.25,
          174.0
        ],
        [
          173.13636363636363,
          179.6818181818182
        ]
      ],
      "group_id": null,
      "shape_type": "polygon",
      "flags": {}
    },
    {
      "label": "细胞核",
      "points": [
        [
          296.4318181818182,
          220.02272727272728
        ],
        [
          295.29545454545456,
          234.79545454545453
        ],
        [
          295.29545454545456,
          242.75
        ],
        [
          292.45454545454544,
          248.4318181818182
        ],
        [
          282.79545454545456,
          252.97727272727272
        ],
        [
          278.25,
          260.3636363636364
        ],
        [
          279.95454545454544,
          266.04545454545456
        ],
        [
          287.34090909090907,
          272.8636363636364
        ],
        [
          302.1136363636364,
          271.15909090909093
        ],
        [
          310.6363636363636,
          263.77272727272725
        ],
        [
          311.77272727272725,
          252.4090909090909
        ],
        [
          315.75,
          243.3181818181818
        ],
        [
          318.02272727272725,
          239.9090909090909
        ],
        [
          318.02272727272725,
          228.54545454545453
        ],
        [
          314.6136363636364,
          221.1590909090909
        ],
        [
          306.09090909090907,
          214.9090909090909
        ],
        [
          300.40909090909093,
          214.3409090909091
        ]
      ],
      "group_id": null,
      "shape_type": "polygon",
      "flags": {}
    },
    {
      "label": "细胞核",
      "points": [
        [
          344.15909090909093,
          280.8181818181818
        ],
        [
          344.15909090909093,
          292.1818181818182
        ],
        [
          348.70454545454544,
          304.6818181818182
        ],
        [
          355.52272727272725,
          306.95454545454544
        ],
        [
          370.8636363636364,
          312.6363636363636
        ],
        [
          373.70454545454544,
          301.27272727272725
        ],
        [
          382.79545454545456,
          301.27272727272725
        ],
        [
          390.75,
          299.5681818181818
        ],
        [
          391.8863636363636,
          291.04545454545456
        ],
        [
          389.04545454545456,
          284.79545454545456
        ],
        [
          377.6818181818182,
          274.5681818181818
        ],
        [
          366.3181818181818,
          271.15909090909093
        ],
        [
          354.3863636363636,
          268.8863636363636
        ],
        [
          352.6818181818182,
          274.5681818181818
        ]
      ],
      "group_id": null,
      "shape_type": "polygon",
      "flags": {}
    },
    {
      "label": "细胞核",
      "points": [
        [
          408.9318181818182,
          366.04545454545456
        ],
        [
          411.77272727272725,
          377.97727272727275
        ],
        [
          417.45454545454544,
          385.9318181818182
        ],
        [
          429.95454545454544,
          388.77272727272725
        ],
        [
          441.8863636363636,
          382.52272727272725
        ],
        [
          446.4318181818182,
          378.54545454545456
        ],
        [
          446.4318181818182,
          364.34090909090907
        ],
        [
          443.02272727272725,
          359.22727272727275
        ],
        [
          431.65909090909093,
          352.40909090909093
        ],
        [
          422.5681818181818,
          352.97727272727275
        ],
        [
          412.90909090909093,
          357.52272727272725
        ]
      ],
      "group_id": null,
      "shape_type": "polygon",
      "flags": {}
    },
    {
      "label": "细胞核",
      "points": [
        [
          452.1136363636364,
          375.1363636363636
        ],
        [
          448.70454545454544,
          384.79545454545456
        ],
        [
          450.97727272727275,
          397.29545454545456
        ],
        [
          455.52272727272725,
          408.65909090909093
        ],
        [
          465.1818181818182,
          413.20454545454544
        ],
        [
          471.4318181818182,
          412.6363636363636
        ],
        [
          479.95454545454544,
          403.54545454545456
        ],
        [
          481.65909090909093,
          390.47727272727275
        ],
        [
          480.52272727272725,
          380.25
        ],
        [
          470.29545454545456,
          370.02272727272725
        ],
        [
          464.04545454545456,
          368.8863636363636
        ],
        [
          454.95454545454544,
          369.45454545454544
        ]
      ],
      "group_id": null,
      "shape_type": "polygon",
      "flags": {}
    },
    {
      "label": "细胞核",
      "points": [
        [
          207.79545454545453,
          326.84090909090907
        ],
        [
          195.86363636363637,
          337.0681818181818
        ],
        [
          189.61363636363637,
          354.1136363636364
        ],
        [
          190.1818181818182,
          366.6136363636364
        ],
        [
          197.5681818181818,
          373.4318181818182
        ],
        [
          203.25,
          376.27272727272725
        ],
        [
          215.1818181818182,
          383.65909090909093
        ],
        [
          235.0681818181818,
          381.95454545454544
        ],
        [
          245.86363636363637,
          377.97727272727275
        ],
        [
          256.09090909090907,
          372.8636363636364
        ],
        [
          260.6363636363636,
          364.34090909090907
        ],
        [
          255.52272727272725,
          352.40909090909093
        ],
        [
          250.40909090909093,
          350.1363636363636
        ],
        [
          241.3181818181818,
          355.25
        ],
        [
          237.34090909090907,
          358.09090909090907
        ],
        [
          232.79545454545456,
          351.84090909090907
        ],
        [
          226.54545454545453,
          347.29545454545456
        ],
        [
          218.5909090909091,
          345.02272727272725
        ],
        [
          220.29545454545453,
          338.77272727272725
        ],
        [
          220.86363636363637,
          330.25
        ],
        [
          215.75,
          325.70454545454544
        ]
      ],
      "group_id": null,
      "shape_type": "polygon",
      "flags": {}
    },
    {
      "label": "细胞核",
      "points": [
        [
          254.95454545454544,
          459.22727272727275
        ],
        [
          254.95454545454544,
          468.8863636363636
        ],
        [
          256.65909090909093,
          485.9318181818182
        ],
        [
          262.90909090909093,
          497.8636363636364
        ],
        [
          280.52272727272725,
          504.6818181818182
        ],
        [
          300.97727272727275,
          506.3863636363636
        ],
        [
          315.75,
          499.0
        ],
        [
          328.25,
          486.5
        ],
        [
          332.22727272727275,
          471.15909090909093
        ],
        [
          328.25,
          458.65909090909093
        ],
        [
          322.5681818181818,
          456.3863636363636
        ],
        [
          311.20454545454544,
          456.3863636363636
        ],
        [
          300.40909090909093,
          462.6363636363636
        ],
        [
          297.0,
          467.1818181818182
        ],
        [
          286.77272727272725,
          470.59090909090907
        ],
        [
          274.84090909090907,
          466.6136363636364
        ],
        [
          268.59090909090907,
          462.6363636363636
        ],
        [
          268.59090909090907,
          455.25
        ],
        [
          262.90909090909093,
          454.1136363636364
        ],
        [
          259.5,
          453.54545454545456
        ]
      ],
      "group_id": null,
      "shape_type": "polygon",
      "flags": {}
    },
    {
      "label": "细胞核",
      "points": [
        [
          34.5,
          400.70454545454544
        ],
        [
          47.0,
          410.3636363636364
        ],
        [
          54.38636363636364,
          423.4318181818182
        ],
        [
          55.522727272727266,
          435.3636363636364
        ],
        [
          51.54545454545455,
          443.8863636363636
        ],
        [
          41.88636363636364,
          446.72727272727275
        ],
        [
          30.522727272727273,
          439.90909090909093
        ],
        [
          24.272727272727273,
          423.4318181818182
        ],
        [
          20.863636363636367,
          410.9318181818182
        ],
        [
          23.136363636363633,
          402.40909090909093
        ]
      ],
      "group_id": null,
      "shape_type": "polygon",
      "flags": {}
    },
    {
      "label": "细胞核",
      "points": [
        [
          50.977272727272734,
          385.9318181818182
        ],
        [
          45.86363636363636,
          392.75
        ],
        [
          46.43181818181819,
          408.65909090909093
        ],
        [
          52.68181818181819,
          420.59090909090907
        ],
        [
          62.90909090909091,
          426.84090909090907
        ],
        [
          77.11363636363636,
          429.1136363636364
        ],
        [
          82.22727272727273,
          427.40909090909093
        ],
        [
          84.5,
          419.45454545454544
        ],
        [
          83.36363636363636,
          410.9318181818182
        ],
        [
          78.81818181818181,
          396.15909090909093
        ],
        [
          74.8409090909091,
          385.9318181818182
        ],
        [
          68.5909090909091,
          380.8181818181818
        ],
        [
          61.20454545454545,
          379.1136363636364
        ]
      ],
      "group_id": null,
      "shape_type": "polygon",
      "flags": {}
    },
    {
      "label": "细胞核",
      "points": [
        [
          103.81818181818181,
          364.90909090909093
        ],
        [
          98.13636363636364,
          377.40909090909093
        ],
        [
          104.95454545454547,
          400.1363636363636
        ],
        [
          114.61363636363637,
          406.3863636363636
        ],
        [
          122.56818181818181,
          402.97727272727275
        ],
        [
          124.8409090909091,
          409.22727272727275
        ],
        [
          134.5,
          414.90909090909093
        ],
        [
          149.27272727272728,
          409.22727272727275
        ],
        [
          151.54545454545453,
          398.4318181818182
        ],
        [
          153.25,
          391.6136363636364
        ],
        [
          160.0681818181818,
          383.65909090909093
        ],
        [
          158.9318181818182,
          374.0
        ],
        [
          152.6818181818182,
          363.77272727272725
        ],
        [
          144.1590909090909,
          355.8181818181818
        ],
        [
          135.0681818181818,
          353.54545454545456
        ],
        [
          126.54545454545453,
          352.40909090909093
        ],
        [
          120.29545454545453,
          354.1136363636364
        ],
        [
          112.3409090909091,
          353.54545454545456
        ],
        [
          107.79545454545453,
          357.52272727272725
        ]
      ],
      "group_id": null,
      "shape_type": "polygon",
      "flags": {}
    }
  ],
  "imagePath": "2ec14d0a-bbb8-11e8-b2ba-ac1f6b6435d0_dst.png",
  "imageData": null,
  "imageHeight": 512,
  "imageWidth": 512
}