{
  "version": "4.5.6",
  "flags": {},
  "shapes": [
    {
      "label": "细胞膜",
      "points": [
        [
          54.95454545454545,
          0.13636363636363646
        ],
        [
          54.38636363636364,
          5.818181818181818
        ],
        [
          57.227272727272734,
          12.636363636363637
        ],
        [
          70.86363636363636,
          13.772727272727273
        ],
        [
          78.81818181818181,
          17.181818181818183
        ],
        [
          87.3409090909091,
          22.863636363636363
        ],
        [
          93.5909090909091,
          27.40909090909091
        ],
        [
          98.13636363636364,
          21.15909090909091
        ],
        [
          102.11363636363637,
          18.318181818181817
        ],
        [
          108.36363636363637,
          18.318181818181817
        ],
        [
          115.18181818181819,
          11.5
        ],
        [
          125.4090909090909,
          8.090909090909092
        ],
        [
          127.68181818181819,
          0.7045454545454546
        ],
        [
          124.8409090909091,
          0.13636363636363646
        ]
      ],
      "group_id": null,
      "shape_type": "polygon",
      "flags": {}
    },
    {
      "label": "细胞膜",
      "points": [
        [
          214.61363636363637,
          1.8409090909090908
        ],
        [
          214.61363636363637,
          13.204545454545455
        ],
        [
          214.61363636363637,
          24.0
        ],
        [
          220.29545454545453,
          27.40909090909091
        ],
        [
          231.65909090909093,
          23.431818181818183
        ],
        [
          240.75,
          22.863636363636363
        ],
        [
          249.84090909090907,
          20.022727272727273
        ],
        [
          260.6363636363636,
          22.863636363636363
        ],
        [
          273.1363636363636,
          32.52272727272727
        ],
        [
          285.6363636363636,
          39.90909090909091
        ],
        [
          296.4318181818182,
          43.88636363636363
        ],
        [
          306.65909090909093,
          44.45454545454545
        ],
        [
          314.6136363636364,
          38.77272727272727
        ],
        [
          315.1818181818182,
          31.954545454545453
        ],
        [
          312.34090909090907,
          16.613636363636363
        ],
        [
          301.54545454545456,
          8.090909090909092
        ],
        [
          294,
          0
        ]
      ],
      "group_id": null,
      "shape_type": "polygon",
      "flags": {}
    },
    {
      "label": "细胞膜",
      "points": [
        [
          35.63636363636363,
          150.13636363636363
        ],
        [
          39.61363636363636,
          168.88636363636363
        ],
        [
          52.11363636363636,
          195.02272727272728
        ],
        [
          62.90909090909091,
          211.5
        ],
        [
          79.38636363636364,
          224.5681818181818
        ],
        [
          98.70454545454545,
          229.11363636363637
        ],
        [
          114.04545454545453,
          226.8409090909091
        ],
        [
          127.68181818181819,
          225.13636363636363
        ],
        [
          131.6590909090909,
          213.20454545454547
        ],
        [
          131.0909090909091,
          205.25
        ],
        [
          139.61363636363637,
          203.54545454545453
        ],
        [
          143.5909090909091,
          189.9090909090909
        ],
        [
          143.5909090909091,
          180.8181818181818
        ],
        [
          147.5681818181818,
          168.3181818181818
        ],
        [
          147.0,
          154.6818181818182
        ],
        [
          142.45454545454547,
          149.5681818181818
        ],
        [
          132.22727272727272,
          148.4318181818182
        ],
        [
          124.27272727272728,
          136.5
        ],
        [
          114.04545454545453,
          122.29545454545455
        ],
        [
          103.25,
          117.75
        ],
        [
          93.5909090909091,
          112.63636363636364
        ],
        [
          85.63636363636364,
          106.95454545454545
        ],
        [
          80.52272727272727,
          104.68181818181819
        ],
        [
          72.0,
          105.25
        ],
        [
          71.43181818181819,
          108.0909090909091
        ],
        [
          64.61363636363636,
          107.52272727272727
        ],
        [
          55.522727272727266,
          110.93181818181819
        ],
        [
          47.0,
          116.04545454545455
        ],
        [
          40.18181818181819,
          126.27272727272727
        ],
        [
          37.34090909090909,
          136.5
        ]
      ],
      "group_id": null,
      "shape_type": "polygon",
      "flags": {}
    },
    {
      "label": "细胞膜",
      "points": [
        [
          63.477272727272734,
          80.25
        ],
        [
          73.13636363636364,
          93.31818181818181
        ],
        [
          78.81818181818181,
          101.8409090909091
        ],
        [
          92.45454545454545,
          108.6590909090909
        ],
        [
          103.81818181818181,
          113.77272727272727
        ],
        [
          119.1590909090909,
          117.18181818181819
        ],
        [
          132.79545454545453,
          118.88636363636364
        ],
        [
          141.3181818181818,
          121.1590909090909
        ],
        [
          147.0,
          127.4090909090909
        ],
        [
          154.95454545454547,
          125.13636363636364
        ],
        [
          162.9090909090909,
          117.18181818181819
        ],
        [
          168.02272727272728,
          114.3409090909091
        ],
        [
          177.11363636363637,
          110.93181818181819
        ],
        [
          175.4090909090909,
          100.70454545454545
        ],
        [
          170.86363636363637,
          95.02272727272727
        ],
        [
          170.86363636363637,
          88.20454545454545
        ],
        [
          178.25,
          81.95454545454545
        ],
        [
          182.22727272727272,
          74.0
        ],
        [
          180.52272727272728,
          64.9090909090909
        ],
        [
          173.13636363636363,
          60.36363636363637
        ],
        [
          165.75,
          58.09090909090909
        ],
        [
          160.0681818181818,
          53.54545454545455
        ],
        [
          154.95454545454547,
          54.68181818181818
        ],
        [
          143.02272727272728,
          54.68181818181818
        ],
        [
          134.5,
          51.84090909090909
        ],
        [
          124.27272727272728,
          47.29545454545455
        ],
        [
          116.31818181818181,
          42.18181818181818
        ],
        [
          110.06818181818181,
          41.61363636363637
        ],
        [
          106.6590909090909,
          45.59090909090909
        ],
        [
          106.6590909090909,
          52.40909090909091
        ],
        [
          100.4090909090909,
          54.11363636363637
        ],
        [
          97.56818181818181,
          50.13636363636363
        ],
        [
          94.1590909090909,
          49.56818181818182
        ],
        [
          87.3409090909091,
          54.11363636363637
        ],
        [
          82.22727272727273,
          59.79545454545455
        ],
        [
          81.6590909090909,
          68.31818181818181
        ],
        [
          83.36363636363636,
          78.54545454545455
        ],
        [
          85.63636363636364,
          88.20454545454545
        ],
        [
          79.95454545454545,
          87.63636363636364
        ],
        [
          78.25,
          79.68181818181819
        ],
        [
          74.27272727272727,
          75.70454545454545
        ],
        [
          70.29545454545455,
          74.0
        ],
        [
          66.88636363636364,
          75.13636363636364
        ]
      ],
      "group_id": null,
      "shape_type": "polygon",
      "flags": {}
    },
    {
      "label": "细胞膜",
      "points": [
        [
          457.79545454545456,
          158.0909090909091
        ],
        [
          453.25,
          176.27272727272728
        ],
        [
          448.70454545454544,
          195.02272727272728
        ],
        [
          444.72727272727275,
          204.6818181818182
        ],
        [
          443.02272727272725,
          217.1818181818182
        ],
        [
          441.8863636363636,
          227.4090909090909
        ],
        [
          440.1818181818182,
          239.9090909090909
        ],
        [
          434.5,
          251.27272727272728
        ],
        [
          431.65909090909093,
          262.0681818181818
        ],
        [
          429.95454545454544,
          273.4318181818182
        ],
        [
          433.9318181818182,
          277.97727272727275
        ],
        [
          438.47727272727275,
          276.84090909090907
        ],
        [
          450.40909090909093,
          269.45454545454544
        ],
        [
          461.77272727272725,
          262.0681818181818
        ],
        [
          464.04545454545456,
          255.8181818181818
        ],
        [
          462.34090909090907,
          251.8409090909091
        ],
        [
          470.29545454545456,
          249.0
        ],
        [
          476.54545454545456,
          240.47727272727272
        ],
        [
          477.1136363636364,
          227.97727272727272
        ],
        [
          478.25,
          215.47727272727272
        ],
        [
          485.6363636363636,
          201.8409090909091
        ],
        [
          488.47727272727275,
          188.77272727272728
        ],
        [
          488.47727272727275,
          174.0
        ],
        [
          486.77272727272725,
          160.9318181818182
        ],
        [
          483.9318181818182,
          155.8181818181818
        ],
        [
          479.95454545454544,
          154.6818181818182
        ],
        [
          473.1363636363636,
          151.27272727272728
        ],
        [
          466.3181818181818,
          148.4318181818182
        ],
        [
          460.0681818181818,
          150.13636363636363
        ]
      ],
      "group_id": null,
      "shape_type": "polygon",
      "flags": {}
    },
    {
      "label": "细胞膜",
      "points": [
        [
          245.29545454545456,
          177.4090909090909
        ],
        [
          240.75,
          187.63636363636363
        ],
        [
          232.22727272727275,
          201.27272727272728
        ],
        [
          224.8409090909091,
          211.5
        ],
        [
          217.45454545454547,
          225.13636363636363
        ],
        [
          212.9090909090909,
          241.61363636363637
        ],
        [
          212.9090909090909,
          251.27272727272728
        ],
        [
          212.3409090909091,
          262.0681818181818
        ],
        [
          213.47727272727272,
          271.15909090909093
        ],
        [
          216.3181818181818,
          274.0
        ],
        [
          223.13636363636363,
          279.6818181818182
        ],
        [
          229.95454545454544,
          279.6818181818182
        ],
        [
          240.75,
          279.6818181818182
        ],
        [
          247.5681818181818,
          278.54545454545456
        ],
        [
          248.13636363636363,
          283.09090909090907
        ],
        [
          254.38636363636363,
          283.09090909090907
        ],
        [
          260.6363636363636,
          284.22727272727275
        ],
        [
          264.6136363636364,
          279.6818181818182
        ],
        [
          273.70454545454544,
          277.97727272727275
        ],
        [
          282.22727272727275,
          274.0
        ],
        [
          294.15909090909093,
          267.1818181818182
        ],
        [
          298.1363636363636,
          264.90909090909093
        ],
        [
          303.25,
          268.3181818181818
        ],
        [
          304.3863636363636,
          262.0681818181818
        ],
        [
          304.95454545454544,
          247.29545454545453
        ],
        [
          306.09090909090907,
          242.1818181818182
        ],
        [
          313.47727272727275,
          238.20454545454547
        ],
        [
          313.47727272727275,
          231.95454545454547
        ],
        [
          316.8863636363636,
          224.0
        ],
        [
          316.8863636363636,
          219.45454545454547
        ],
        [
          306.65909090909093,
          219.45454545454547
        ],
        [
          291.3181818181818,
          217.75
        ],
        [
          286.77272727272725,
          209.79545454545453
        ],
        [
          280.52272727272725,
          196.72727272727272
        ],
        [
          280.52272727272725,
          188.77272727272728
        ],
        [
          281.09090909090907,
          177.4090909090909
        ],
        [
          281.09090909090907,
          169.45454545454547
        ],
        [
          275.40909090909093,
          164.9090909090909
        ],
        [
          272.0,
          163.77272727272728
        ],
        [
          263.47727272727275,
          168.3181818181818
        ],
        [
          252.6818181818182,
          170.02272727272728
        ]
      ],
      "group_id": null,
      "shape_type": "polygon",
      "flags": {}
    },
    {
      "label": "细胞膜",
      "points": [
        [
          279.3863636363636,
          293.8863636363636
        ],
        [
          271.4318181818182,
          308.65909090909093
        ],
        [
          269.72727272727275,
          322.29545454545456
        ],
        [
          271.4318181818182,
          336.5
        ],
        [
          273.1363636363636,
          347.8636363636364
        ],
        [
          279.3863636363636,
          354.1136363636364
        ],
        [
          286.77272727272725,
          357.52272727272725
        ],
        [
          299.27272727272725,
          356.3863636363636
        ],
        [
          312.90909090909093,
          351.84090909090907
        ],
        [
          329.95454545454544,
          342.1818181818182
        ],
        [
          337.90909090909093,
          335.9318181818182
        ],
        [
          340.1818181818182,
          325.70454545454544
        ],
        [
          345.29545454545456,
          320.59090909090907
        ],
        [
          343.02272727272725,
          314.34090909090907
        ],
        [
          336.77272727272725,
          312.0681818181818
        ],
        [
          331.65909090909093,
          299.5681818181818
        ],
        [
          326.54545454545456,
          292.1818181818182
        ],
        [
          326.54545454545456,
          283.09090909090907
        ],
        [
          325.97727272727275,
          272.8636363636364
        ],
        [
          319.15909090909093,
          268.3181818181818
        ],
        [
          312.34090909090907,
          270.59090909090907
        ],
        [
          304.3863636363636,
          271.15909090909093
        ],
        [
          295.29545454545456,
          271.15909090909093
        ],
        [
          283.9318181818182,
          275.70454545454544
        ],
        [
          277.6818181818182,
          280.8181818181818
        ]
      ],
      "group_id": null,
      "shape_type": "polygon",
      "flags": {}
    },
    {
      "label": "细胞膜",
      "points": [
        [
          97.56818181818181,
          341.6136363636364
        ],
        [
          83.36363636363636,
          349.0
        ],
        [
          68.5909090909091,
          360.9318181818182
        ],
        [
          62.34090909090909,
          378.54545454545456
        ],
        [
          63.477272727272734,
          388.20454545454544
        ],
        [
          71.43181818181819,
          399.5681818181818
        ],
        [
          81.0909090909091,
          405.25
        ],
        [
          93.02272727272727,
          407.52272727272725
        ],
        [
          110.06818181818181,
          404.1136363636364
        ],
        [
          119.1590909090909,
          402.97727272727275
        ],
        [
          115.18181818181819,
          410.9318181818182
        ],
        [
          119.1590909090909,
          411.5
        ],
        [
          129.95454545454547,
          407.52272727272725
        ],
        [
          141.3181818181818,
          405.25
        ],
        [
          143.5909090909091,
          400.70454545454544
        ],
        [
          157.22727272727272,
          396.72727272727275
        ],
        [
          169.72727272727272,
          392.75
        ],
        [
          179.38636363636363,
          387.0681818181818
        ],
        [
          182.22727272727272,
          377.97727272727275
        ],
        [
          190.1818181818182,
          377.40909090909093
        ],
        [
          189.04545454545453,
          367.75
        ],
        [
          184.5,
          358.65909090909093
        ],
        [
          179.95454545454547,
          354.6818181818182
        ],
        [
          175.4090909090909,
          347.8636363636364
        ],
        [
          172.5681818181818,
          340.47727272727275
        ],
        [
          168.5909090909091,
          335.9318181818182
        ],
        [
          160.63636363636363,
          330.8181818181818
        ],
        [
          151.54545454545453,
          325.1363636363636
        ],
        [
          138.47727272727272,
          325.1363636363636
        ],
        [
          122.56818181818181,
          326.84090909090907
        ],
        [
          114.04545454545453,
          333.09090909090907
        ],
        [
          105.52272727272728,
          336.5
        ]
      ],
      "group_id": null,
      "shape_type": "polygon",
      "flags": {}
    },
    {
      "label": "细胞膜",
      "points": [
        [
          197.5681818181818,
          362.0681818181818
        ],
        [
          202.11363636363637,
          383.09090909090907
        ],
        [
          213.47727272727272,
          405.8181818181818
        ],
        [
          242.45454545454544,
          451.84090909090907
        ],
        [
          263.47727272727275,
          476.84090909090907
        ],
        [
          273.1363636363636,
          487.6363636363636
        ],
        [
          283.3636363636364,
          493.3181818181818
        ],
        [
          295.8636363636364,
          499.0
        ],
        [
          307.22727272727275,
          500.70454545454544
        ],
        [
          319.72727272727275,
          499.5681818181818
        ],
        [
          319.15909090909093,
          493.3181818181818
        ],
        [
          315.75,
          480.25
        ],
        [
          310.6363636363636,
          471.72727272727275
        ],
        [
          300.97727272727275,
          465.47727272727275
        ],
        [
          304.3863636363636,
          461.5
        ],
        [
          313.47727272727275,
          458.65909090909093
        ],
        [
          316.8863636363636,
          449.0
        ],
        [
          320.29545454545456,
          437.0681818181818
        ],
        [
          320.29545454545456,
          426.84090909090907
        ],
        [
          315.1818181818182,
          413.77272727272725
        ],
        [
          304.3863636363636,
          403.54545454545456
        ],
        [
          291.3181818181818,
          393.8863636363636
        ],
        [
          281.65909090909093,
          387.6363636363636
        ],
        [
          266.3181818181818,
          383.65909090909093
        ],
        [
          253.8181818181818,
          382.52272727272725
        ],
        [
          246.4318181818182,
          383.09090909090907
        ],
        [
          245.86363636363637,
          394.45454545454544
        ],
        [
          237.34090909090907,
          384.22727272727275
        ],
        [
          232.79545454545456,
          377.97727272727275
        ],
        [
          226.54545454545453,
          368.8863636363636
        ],
        [
          218.5909090909091,
          365.47727272727275
        ],
        [
          213.47727272727272,
          356.95454545454544
        ],
        [
          208.9318181818182,
          352.97727272727275
        ],
        [
          204.38636363636363,
          354.1136363636364
        ],
        [
          201.54545454545453,
          356.95454545454544
        ]
      ],
      "group_id": null,
      "shape_type": "polygon",
      "flags": {}
    },
    {
      "label": "细胞膜",
      "points": [
        [
          510.06818181818187,
          267.1818181818182
        ],
        [
          503.81818181818187,
          279.1136363636364
        ],
        [
          499.27272727272725,
          293.3181818181818
        ],
        [
          498.7045454545455,
          306.95454545454544
        ],
        [
          497.56818181818187,
          317.75
        ],
        [
          493.02272727272725,
          324.5681818181818
        ],
        [
          490.18181818181813,
          329.6818181818182
        ],
        [
          485.6363636363636,
          344.45454545454544
        ],
        [
          481.09090909090907,
          359.22727272727275
        ],
        [
          477.6818181818182,
          378.54545454545456
        ],
        [
          476.54545454545456,
          392.75
        ],
        [
          481.09090909090907,
          404.6818181818182
        ],
        [
          486.77272727272725,
          405.8181818181818
        ],
        [
          495.2954545454545,
          396.72727272727275
        ],
        [
          499.8409090909091,
          383.09090909090907
        ],
        [
          506.0909090909091,
          369.45454545454544
        ],
        [
          510.06818181818187,
          359.22727272727275
        ],
        [
          510.06818181818187,
          277.40909090909093
        ]
      ],
      "group_id": null,
      "shape_type": "polygon",
      "flags": {}
    },
    {
      "label": "细胞膜",
      "points": [
        [
          510.6363636363636,
          408.65909090909093
        ],
        [
          505.52272727272725,
          414.34090909090907
        ],
        [
          491.8863636363636,
          419.45454545454544
        ],
        [
          472.0,
          430.8181818181818
        ],
        [
          462.34090909090907,
          438.77272727272725
        ],
        [
          442.45454545454544,
          444.45454545454544
        ],
        [
          415.75,
          452.97727272727275
        ],
        [
          402.1136363636364,
          458.65909090909093
        ],
        [
          397.5681818181818,
          463.20454545454544
        ],
        [
          399.84090909090907,
          470.02272727272725
        ],
        [
          414.04545454545456,
          473.4318181818182
        ],
        [
          434.5,
          477.40909090909093
        ],
        [
          452.1136363636364,
          480.8181818181818
        ],
        [
          469.15909090909093,
          483.09090909090907
        ],
        [
          483.9318181818182,
          484.79545454545456
        ],
        [
          498.7045454545455,
          487.0681818181818
        ],
        [
          508.3636363636364,
          488.20454545454544
        ],
        [
          511,
          488
        ],
        [
          511,
          470
        ],
        [
          511,
          408
        ]
      ],
      "group_id": null,
      "shape_type": "polygon",
      "flags": {}
    },
    {
      "label": "细胞膜",
      "points": [
        [
          324.84090909090907,
          394.45454545454544
        ],
        [
          325.97727272727275,
          404.6818181818182
        ],
        [
          333.3636363636364,
          415.47727272727275
        ],
        [
          340.75,
          415.47727272727275
        ],
        [
          350.40909090909093,
          423.4318181818182
        ],
        [
          360.6363636363636,
          434.22727272727275
        ],
        [
          375.40909090909093,
          442.75
        ],
        [
          389.6136363636364,
          449.5681818181818
        ],
        [
          403.25,
          451.27272727272725
        ],
        [
          415.1818181818182,
          451.27272727272725
        ],
        [
          424.27272727272725,
          447.29545454545456
        ],
        [
          434.5,
          443.3181818181818
        ],
        [
          447.0,
          440.47727272727275
        ],
        [
          444.72727272727275,
          435.9318181818182
        ],
        [
          433.9318181818182,
          422.29545454545456
        ],
        [
          420.29545454545456,
          414.90909090909093
        ],
        [
          407.79545454545456,
          405.8181818181818
        ],
        [
          397.0,
          398.4318181818182
        ],
        [
          386.77272727272725,
          389.34090909090907
        ],
        [
          379.3863636363636,
          383.09090909090907
        ],
        [
          369.72727272727275,
          381.95454545454544
        ],
        [
          359.5,
          381.95454545454544
        ],
        [
          348.1363636363636,
          381.95454545454544
        ],
        [
          341.3181818181818,
          381.95454545454544
        ],
        [
          335.0681818181818,
          383.09090909090907
        ],
        [
          330.52272727272725,
          385.9318181818182
        ],
        [
          325.40909090909093,
          387.0681818181818
        ]
      ],
      "group_id": null,
      "shape_type": "polygon",
      "flags": {}
    },
    {
      "label": "细胞膜",
      "points": [
        [
          54.38636363636364,
          459.22727272727275
        ],
        [
          52.11363636363636,
          464.34090909090907
        ],
        [
          50.977272727272734,
          472.8636363636364
        ],
        [
          57.227272727272734,
          476.27272727272725
        ],
        [
          74.27272727272727,
          481.3863636363636
        ],
        [
          89.04545454545455,
          481.3863636363636
        ],
        [
          103.81818181818181,
          481.3863636363636
        ],
        [
          121.43181818181819,
          478.54545454545456
        ],
        [
          139.04545454545453,
          476.27272727272725
        ],
        [
          152.6818181818182,
          469.45454545454544
        ],
        [
          152.6818181818182,
          460.3636363636364
        ],
        [
          151.54545454545453,
          452.97727272727275
        ],
        [
          141.88636363636363,
          447.8636363636364
        ],
        [
          131.6590909090909,
          446.15909090909093
        ],
        [
          119.1590909090909,
          446.72727272727275
        ],
        [
          100.4090909090909,
          448.4318181818182
        ],
        [
          88.47727272727273,
          449.0
        ],
        [
          78.25,
          452.97727272727275
        ],
        [
          69.72727272727273,
          456.3863636363636
        ],
        [
          64.04545454545455,
          456.95454545454544
        ]
      ],
      "group_id": null,
      "shape_type": "polygon",
      "flags": {}
    },
    {
      "label": "细胞膜",
      "points": [
        [
          364.6136363636364,
          357.52272727272725
        ],
        [
          362.34090909090907,
          363.20454545454544
        ],
        [
          366.8863636363636,
          371.72727272727275
        ],
        [
          375.40909090909093,
          376.84090909090907
        ],
        [
          385.0681818181818,
          383.65909090909093
        ],
        [
          391.8863636363636,
          387.6363636363636
        ],
        [
          402.6818181818182,
          390.47727272727275
        ],
        [
          416.3181818181818,
          392.75
        ],
        [
          427.1136363636364,
          392.75
        ],
        [
          437.34090909090907,
          390.47727272727275
        ],
        [
          444.15909090909093,
          383.65909090909093
        ],
        [
          444.72727272727275,
          376.27272727272725
        ],
        [
          437.90909090909093,
          374.0
        ],
        [
          429.3863636363636,
          374.0
        ],
        [
          422.5681818181818,
          374.5681818181818
        ],
        [
          420.29545454545456,
          377.97727272727275
        ],
        [
          416.8863636363636,
          380.8181818181818
        ],
        [
          410.0681818181818,
          379.1136363636364
        ],
        [
          406.09090909090907,
          374.0
        ],
        [
          398.70454545454544,
          367.75
        ],
        [
          395.8636363636364,
          361.5
        ],
        [
          395.29545454545456,
          355.25
        ],
        [
          394.72727272727275,
          350.1363636363636
        ],
        [
          386.20454545454544,
          349.0
        ],
        [
          382.22727272727275,
          351.27272727272725
        ],
        [
          371.4318181818182,
          352.97727272727275
        ]
      ],
      "group_id": null,
      "shape_type": "polygon",
      "flags": {}
    },
    {
      "label": "细胞核",
      "points": [
        [
          70.29545454545455,
          1.8409090909090908
        ],
        [
          72.56818181818181,
          7.522727272727273
        ],
        [
          78.81818181818181,
          10.931818181818182
        ],
        [
          85.63636363636364,
          15.477272727272727
        ],
        [
          91.88636363636364,
          17.75
        ],
        [
          100.4090909090909,
          13.772727272727273
        ],
        [
          106.6590909090909,
          10.363636363636363
        ],
        [
          108.93181818181819,
          4.681818181818182
        ],
        [
          108.93181818181819,
          2.409090909090909
        ]
      ],
      "group_id": null,
      "shape_type": "polygon",
      "flags": {}
    },
    {
      "label": "细胞核",
      "points": [
        [
          245.29545454545456,
          4.113636363636363
        ],
        [
          245.29545454545456,
          7.522727272727273
        ],
        [
          250.40909090909093,
          10.363636363636363
        ],
        [
          257.22727272727275,
          10.363636363636363
        ],
        [
          263.47727272727275,
          8.659090909090908
        ],
        [
          266.3181818181818,
          5.818181818181818
        ],
        [
          265.75,
          2.409090909090909
        ]
      ],
      "group_id": null,
      "shape_type": "polygon",
      "flags": {}
    },
    {
      "label": "细胞核",
      "points": [
        [
          103.25,
          65.47727272727273
        ],
        [
          97.56818181818181,
          81.95454545454545
        ],
        [
          100.97727272727272,
          98.43181818181819
        ],
        [
          110.63636363636363,
          106.95454545454545
        ],
        [
          120.29545454545453,
          107.52272727272727
        ],
        [
          132.22727272727272,
          108.6590909090909
        ],
        [
          143.02272727272728,
          103.54545454545455
        ],
        [
          153.8181818181818,
          95.02272727272727
        ],
        [
          160.63636363636363,
          87.06818181818181
        ],
        [
          161.77272727272728,
          75.13636363636364
        ],
        [
          157.22727272727272,
          67.18181818181819
        ],
        [
          150.4090909090909,
          63.20454545454545
        ],
        [
          140.1818181818182,
          61.5
        ],
        [
          127.68181818181819,
          61.5
        ],
        [
          119.1590909090909,
          60.93181818181818
        ],
        [
          110.63636363636363,
          61.5
        ]
      ],
      "group_id": null,
      "shape_type": "polygon",
      "flags": {}
    },
    {
      "label": "细胞核",
      "points": [
        [
          62.34090909090909,
          163.20454545454547
        ],
        [
          56.65909090909091,
          170.02272727272728
        ],
        [
          56.09090909090909,
          181.38636363636363
        ],
        [
          59.5,
          191.04545454545453
        ],
        [
          67.45454545454545,
          203.54545454545453
        ],
        [
          73.70454545454545,
          206.95454545454547
        ],
        [
          82.22727272727273,
          205.25
        ],
        [
          85.06818181818181,
          212.0681818181818
        ],
        [
          96.43181818181819,
          213.77272727272728
        ],
        [
          110.06818181818181,
          208.0909090909091
        ],
        [
          115.18181818181819,
          199.5681818181818
        ],
        [
          117.45454545454547,
          187.0681818181818
        ],
        [
          115.18181818181819,
          175.13636363636363
        ],
        [
          109.5,
          166.61363636363637
        ],
        [
          100.4090909090909,
          159.22727272727272
        ],
        [
          90.18181818181819,
          156.95454545454547
        ],
        [
          78.81818181818181,
          155.8181818181818
        ],
        [
          69.72727272727273,
          157.52272727272728
        ]
      ],
      "group_id": null,
      "shape_type": "polygon",
      "flags": {}
    },
    {
      "label": "细胞核",
      "points": [
        [
          58.93181818181819,
          129.6818181818182
        ],
        [
          57.227272727272734,
          136.5
        ],
        [
          61.20454545454545,
          138.77272727272728
        ],
        [
          67.45454545454545,
          139.9090909090909
        ],
        [
          70.86363636363636,
          137.0681818181818
        ],
        [
          70.86363636363636,
          130.8181818181818
        ],
        [
          65.75,
          129.11363636363637
        ]
      ],
      "group_id": null,
      "shape_type": "polygon",
      "flags": {}
    },
    {
      "label": "细胞核",
      "points": [
        [
          239.61363636363637,
          214.3409090909091
        ],
        [
          229.95454545454544,
          218.88636363636363
        ],
        [
          229.38636363636363,
          232.52272727272728
        ],
        [
          233.9318181818182,
          242.1818181818182
        ],
        [
          240.1818181818182,
          245.02272727272728
        ],
        [
          248.70454545454544,
          249.5681818181818
        ],
        [
          253.25,
          251.27272727272728
        ],
        [
          266.3181818181818,
          248.4318181818182
        ],
        [
          278.25,
          243.3181818181818
        ],
        [
          286.77272727272725,
          233.6590909090909
        ],
        [
          288.47727272727275,
          224.5681818181818
        ],
        [
          285.6363636363636,
          214.9090909090909
        ],
        [
          280.52272727272725,
          206.95454545454547
        ],
        [
          275.97727272727275,
          201.27272727272728
        ],
        [
          268.59090909090907,
          198.4318181818182
        ],
        [
          257.79545454545456,
          198.4318181818182
        ],
        [
          249.84090909090907,
          201.8409090909091
        ],
        [
          242.45454545454544,
          206.95454545454547
        ]
      ],
      "group_id": null,
      "shape_type": "polygon",
      "flags": {}
    },
    {
      "label": "细胞核",
      "points": [
        [
          473.70454545454544,
          176.27272727272728
        ],
        [
          463.47727272727275,
          185.9318181818182
        ],
        [
          457.79545454545456,
          193.3181818181818
        ],
        [
          454.95454545454544,
          208.6590909090909
        ],
        [
          454.3863636363636,
          220.02272727272728
        ],
        [
          457.79545454545456,
          229.11363636363637
        ],
        [
          464.04545454545456,
          228.54545454545453
        ],
        [
          472.5681818181818,
          221.72727272727272
        ],
        [
          475.97727272727275,
          216.04545454545453
        ],
        [
          478.25,
          207.52272727272728
        ],
        [
          479.3863636363636,
          202.97727272727272
        ],
        [
          483.9318181818182,
          195.5909090909091
        ],
        [
          483.3636363636364,
          184.22727272727272
        ],
        [
          479.3863636363636,
          176.8409090909091
        ]
      ],
      "group_id": null,
      "shape_type": "polygon",
      "flags": {}
    },
    {
      "label": "细胞核",
      "points": [
        [
          294.15909090909093,
          300.70454545454544
        ],
        [
          283.3636363636364,
          307.52272727272725
        ],
        [
          279.95454545454544,
          319.45454545454544
        ],
        [
          282.22727272727275,
          332.52272727272725
        ],
        [
          290.1818181818182,
          341.6136363636364
        ],
        [
          300.40909090909093,
          344.45454545454544
        ],
        [
          314.6136363636364,
          341.04545454545456
        ],
        [
          319.72727272727275,
          329.6818181818182
        ],
        [
          319.72727272727275,
          318.3181818181818
        ],
        [
          313.47727272727275,
          307.52272727272725
        ],
        [
          306.09090909090907,
          301.27272727272725
        ]
      ],
      "group_id": null,
      "shape_type": "polygon",
      "flags": {}
    },
    {
      "label": "细胞核",
      "points": [
        [
          95.86363636363636,
          351.27272727272725
        ],
        [
          90.75,
          364.34090909090907
        ],
        [
          92.45454545454545,
          377.97727272727275
        ],
        [
          98.70454545454545,
          383.09090909090907
        ],
        [
          112.9090909090909,
          384.79545454545456
        ],
        [
          125.97727272727272,
          382.52272727272725
        ],
        [
          140.75,
          377.40909090909093
        ],
        [
          150.97727272727272,
          372.29545454545456
        ],
        [
          157.22727272727272,
          361.5
        ],
        [
          153.25,
          348.4318181818182
        ],
        [
          145.86363636363637,
          342.75
        ],
        [
          136.20454545454547,
          338.20454545454544
        ],
        [
          124.8409090909091,
          336.5
        ],
        [
          115.75,
          339.34090909090907
        ],
        [
          108.36363636363637,
          343.3181818181818
        ]
      ],
      "group_id": null,
      "shape_type": "polygon",
      "flags": {}
    },
    {
      "label": "细胞核",
      "points": [
        [
          93.5909090909091,
          457.52272727272725
        ],
        [
          88.47727272727273,
          463.77272727272725
        ],
        [
          89.61363636363636,
          468.8863636363636
        ],
        [
          100.4090909090909,
          474.5681818181818
        ],
        [
          110.06818181818181,
          475.1363636363636
        ],
        [
          123.13636363636363,
          475.1363636363636
        ],
        [
          135.63636363636363,
          471.72727272727275
        ],
        [
          141.3181818181818,
          465.47727272727275
        ],
        [
          143.02272727272728,
          458.09090909090907
        ],
        [
          139.61363636363637,
          451.84090909090907
        ],
        [
          128.8181818181818,
          449.0
        ],
        [
          119.1590909090909,
          449.0
        ],
        [
          106.6590909090909,
          450.70454545454544
        ],
        [
          100.4090909090909,
          454.1136363636364
        ]
      ],
      "group_id": null,
      "shape_type": "polygon",
      "flags": {}
    },
    {
      "label": "细胞核",
      "points": [
        [
          227.6818181818182,
          406.3863636363636
        ],
        [
          226.54545454545453,
          415.47727272727275
        ],
        [
          233.9318181818182,
          430.25
        ],
        [
          241.88636363636363,
          443.3181818181818
        ],
        [
          250.40909090909093,
          452.40909090909093
        ],
        [
          261.20454545454544,
          455.25
        ],
        [
          275.40909090909093,
          447.8636363636364
        ],
        [
          275.40909090909093,
          440.47727272727275
        ],
        [
          271.4318181818182,
          428.54545454545456
        ],
        [
          265.1818181818182,
          421.15909090909093
        ],
        [
          258.3636363636364,
          413.20454545454544
        ],
        [
          252.6818181818182,
          406.95454545454544
        ],
        [
          239.61363636363637,
          402.40909090909093
        ]
      ],
      "group_id": null,
      "shape_type": "polygon",
      "flags": {}
    },
    {
      "label": "细胞核",
      "points": [
        [
          261.77272727272725,
          408.09090909090907
        ],
        [
          265.75,
          403.54545454545456
        ],
        [
          272.0,
          401.27272727272725
        ],
        [
          283.9318181818182,
          401.27272727272725
        ],
        [
          297.0,
          409.22727272727275
        ],
        [
          299.84090909090907,
          417.75
        ],
        [
          299.84090909090907,
          426.27272727272725
        ],
        [
          296.4318181818182,
          435.9318181818182
        ],
        [
          291.3181818181818,
          439.34090909090907
        ],
        [
          281.09090909090907,
          439.34090909090907
        ],
        [
          274.84090909090907,
          433.09090909090907
        ],
        [
          270.29545454545456,
          423.4318181818182
        ],
        [
          264.04545454545456,
          418.8863636363636
        ]
      ],
      "group_id": null,
      "shape_type": "polygon",
      "flags": {}
    },
    {
      "label": "细胞核",
      "points": [
        [
          341.3181818181818,
          397.8636363636364
        ],
        [
          341.3181818181818,
          409.79545454545456
        ],
        [
          348.1363636363636,
          418.3181818181818
        ],
        [
          355.52272727272725,
          425.70454545454544
        ],
        [
          362.34090909090907,
          429.6818181818182
        ],
        [
          368.02272727272725,
          430.8181818181818
        ],
        [
          377.1136363636364,
          429.1136363636364
        ],
        [
          383.3636363636364,
          421.72727272727275
        ],
        [
          385.6363636363636,
          411.5
        ],
        [
          385.0681818181818,
          400.1363636363636
        ],
        [
          379.3863636363636,
          392.75
        ],
        [
          372.0,
          389.34090909090907
        ],
        [
          364.04545454545456,
          385.9318181818182
        ],
        [
          354.3863636363636,
          385.9318181818182
        ],
        [
          349.27272727272725,
          391.6136363636364
        ]
      ],
      "group_id": null,
      "shape_type": "polygon",
      "flags": {}
    },
    {
      "label": "细胞核",
      "points": [
        [
          375.97727272727275,
          367.1818181818182
        ],
        [
          381.09090909090907,
          365.47727272727275
        ],
        [
          388.47727272727275,
          365.47727272727275
        ],
        [
          397.5681818181818,
          370.02272727272725
        ],
        [
          402.6818181818182,
          377.40909090909093
        ],
        [
          402.1136363636364,
          384.22727272727275
        ],
        [
          394.72727272727275,
          385.9318181818182
        ],
        [
          387.90909090909093,
          384.22727272727275
        ],
        [
          378.25,
          376.84090909090907
        ],
        [
          374.27272727272725,
          374.0
        ]
      ],
      "group_id": null,
      "shape_type": "polygon",
      "flags": {}
    },
    {
      "label": "细胞核",
      "points": [
        [
          500.4090909090909,
          326.84090909090907
        ],
        [
          493.5909090909091,
          336.5
        ],
        [
          487.9090909090909,
          349.5681818181818
        ],
        [
          488.47727272727275,
          363.20454545454544
        ],
        [
          493.5909090909091,
          367.75
        ],
        [
          501.5454545454545,
          366.6136363636364
        ],
        [
          508.93181818181813,
          359.79545454545456
        ],
        [
          508.93181818181813,
          346.15909090909093
        ],
        [
          508.93181818181813,
          334.22727272727275
        ],
        [
          508.93181818181813,
          324.0
        ],
        [
          506.6590909090909,
          320.59090909090907
        ]
      ],
      "group_id": null,
      "shape_type": "polygon",
      "flags": {}
    },
    {
      "label": "细胞核",
      "points": [
        [
          507.7954545454545,
          432.52272727272725
        ],
        [
          495.8636363636364,
          437.0681818181818
        ],
        [
          487.9090909090909,
          442.75
        ],
        [
          478.8181818181818,
          445.59090909090907
        ],
        [
          474.84090909090907,
          455.8181818181818
        ],
        [
          480.52272727272725,
          466.6136363636364
        ],
        [
          486.2045454545455,
          471.72727272727275
        ],
        [
          495.8636363636364,
          474.5681818181818
        ],
        [
          505.52272727272725,
          473.4318181818182
        ],
        [
          509.5,
          469.45454545454544
        ],
        [
          509.5,
          458.09090909090907
        ],
        [
          508.93181818181813,
          445.59090909090907
        ]
      ],
      "group_id": null,
      "shape_type": "polygon",
      "flags": {}
    }
  ],
  "imagePath": "2ec7d3ca-bbc5-11e8-b2bc-ac1f6b6435d0_dst.png",
  "imageData": null,
  "imageHeight": 512,
  "imageWidth": 512
}