{
  "version": "4.5.6",
  "flags": {},
  "shapes": [
    {
      "label": "细胞膜",
      "points": [
        [
          41.28571428571429,
          431.14285714285717
        ],
        [
          27.57142857142857,
          440.2857142857143
        ],
        [
          7.571428571428569,
          451.7142857142857
        ],
        [
          0,
          456
        ],
        [
          0,
          511
        ],
        [
          11.0,
          510.57142857142856
        ],
        [
          26.42857142857143,
          497.42857142857144
        ],
        [
          37.85714285714286,
          472.2857142857143
        ],
        [
          44.14285714285714,
          451.7142857142857
        ],
        [
          45.28571428571429,
          436.2857142857143
        ]
      ],
      "group_id": null,
      "shape_type": "polygon",
      "flags": {}
    },
    {
      "label": "细胞膜",
      "points": [
        [
          167.57142857142858,
          469.42857142857144
        ],
        [
          193.28571428571428,
          466.57142857142856
        ],
        [
          215.0,
          465.42857142857144
        ],
        [
          233.28571428571428,
          461.42857142857144
        ],
        [
          252.14285714285717,
          458.0
        ],
        [
          267.57142857142856,
          459.14285714285717
        ],
        [
          287.57142857142856,
          466.57142857142856
        ],
        [
          303.57142857142856,
          474.0
        ],
        [
          305.85714285714283,
          480.2857142857143
        ],
        [
          295.57142857142856,
          490.57142857142856
        ],
        [
          281.2857142857143,
          494.57142857142856
        ],
        [
          269.85714285714283,
          502.0
        ],
        [
          261.85714285714283,
          510.57142857142856
        ],
        [
          260,
          511
        ],
        [
          210,
          511
        ],
        [
          188.14285714285714,
          500.2857142857143
        ],
        [
          172.71428571428572,
          490.0
        ],
        [
          160.14285714285714,
          481.42857142857144
        ],
        [
          157.85714285714286,
          472.85714285714283
        ]
      ],
      "group_id": null,
      "shape_type": "polygon",
      "flags": {}
    },
    {
      "label": "细胞膜",
      "points": [
        [
          497.8571428571429,
          240.85714285714286
        ],
        [
          487.0,
          251.14285714285714
        ],
        [
          482.42857142857144,
          261.42857142857144
        ],
        [
          468.7142857142857,
          270.57142857142856
        ],
        [
          448.7142857142857,
          278.57142857142856
        ],
        [
          435.0,
          277.42857142857144
        ],
        [
          423.0,
          274.0
        ],
        [
          412.14285714285717,
          264.85714285714283
        ],
        [
          411.57142857142856,
          254.0
        ],
        [
          415.0,
          244.28571428571428
        ],
        [
          425.2857142857143,
          242.0
        ],
        [
          437.2857142857143,
          240.28571428571428
        ],
        [
          452.7142857142857,
          237.42857142857142
        ],
        [
          471.0,
          234.0
        ],
        [
          483.0,
          234.0
        ],
        [
          492.1428571428571,
          234.0
        ]
      ],
      "group_id": null,
      "shape_type": "polygon",
      "flags": {}
    },
    {
      "label": "细胞膜",
      "points": [
        [
          356.14285714285717,
          95.71428571428571
        ],
        [
          353.85714285714283,
          109.42857142857143
        ],
        [
          360.14285714285717,
          124.85714285714286
        ],
        [
          377.85714285714283,
          142.57142857142858
        ],
        [
          396.7142857142857,
          143.71428571428572
        ],
        [
          406.42857142857144,
          135.14285714285714
        ],
        [
          413.2857142857143,
          126.0
        ],
        [
          413.2857142857143,
          106.57142857142857
        ],
        [
          407.0,
          97.42857142857143
        ],
        [
          400.7142857142857,
          92.28571428571429
        ],
        [
          392.14285714285717,
          87.14285714285714
        ],
        [
          385.85714285714283,
          83.71428571428571
        ],
        [
          380.7142857142857,
          75.14285714285714
        ],
        [
          377.85714285714283,
          75.14285714285714
        ],
        [
          374.42857142857144,
          78.0
        ],
        [
          372.14285714285717,
          81.42857142857143
        ],
        [
          372.14285714285717,
          86.57142857142857
        ],
        [
          369.85714285714283,
          90.0
        ],
        [
          363.57142857142856,
          90.57142857142857
        ]
      ],
      "group_id": null,
      "shape_type": "polygon",
      "flags": {}
    },
    {
      "label": "细胞膜",
      "points": [
        [
          387.57142857142856,
          171.71428571428572
        ],
        [
          389.85714285714283,
          179.71428571428572
        ],
        [
          383.0,
          194.0
        ],
        [
          371.0,
          204.85714285714286
        ],
        [
          349.2857142857143,
          215.71428571428572
        ],
        [
          328.14285714285717,
          223.14285714285714
        ],
        [
          306.42857142857144,
          229.42857142857142
        ],
        [
          292.7142857142857,
          227.71428571428572
        ],
        [
          290.42857142857144,
          219.71428571428572
        ],
        [
          290.42857142857144,
          208.85714285714286
        ],
        [
          294.42857142857144,
          200.85714285714286
        ],
        [
          309.85714285714283,
          195.71428571428572
        ],
        [
          327.0,
          186.57142857142858
        ],
        [
          344.7142857142857,
          179.14285714285714
        ],
        [
          358.42857142857144,
          174.0
        ],
        [
          375.0,
          171.71428571428572
        ]
      ],
      "group_id": null,
      "shape_type": "polygon",
      "flags": {}
    },
    {
      "label": "细胞膜",
      "points": [
        [
          259.0,
          71.71428571428571
        ],
        [
          252.71428571428572,
          80.85714285714286
        ],
        [
          251.0,
          90.57142857142857
        ],
        [
          253.28571428571428,
          111.71428571428571
        ],
        [
          252.71428571428572,
          132.28571428571428
        ],
        [
          252.71428571428572,
          156.28571428571428
        ],
        [
          254.42857142857144,
          167.14285714285714
        ],
        [
          260.7142857142857,
          182.57142857142858
        ],
        [
          273.2857142857143,
          186.0
        ],
        [
          293.2857142857143,
          181.42857142857142
        ],
        [
          320.7142857142857,
          162.57142857142858
        ],
        [
          336.7142857142857,
          143.14285714285714
        ],
        [
          343.57142857142856,
          127.14285714285714
        ],
        [
          339.57142857142856,
          115.71428571428571
        ],
        [
          327.57142857142856,
          107.71428571428571
        ],
        [
          312.7142857142857,
          90.0
        ],
        [
          301.85714285714283,
          75.14285714285714
        ],
        [
          293.2857142857143,
          65.42857142857143
        ],
        [
          280.7142857142857,
          62.0
        ],
        [
          269.85714285714283,
          62.57142857142857
        ]
      ],
      "group_id": null,
      "shape_type": "polygon",
      "flags": {}
    },
    {
      "label": "细胞膜",
      "points": [
        [
          83.0,
          18.0
        ],
        [
          72.14285714285714,
          27.714285714285715
        ],
        [
          67.0,
          37.42857142857143
        ],
        [
          65.28571428571429,
          51.142857142857146
        ],
        [
          70.42857142857143,
          66.57142857142857
        ],
        [
          89.28571428571429,
          69.42857142857143
        ],
        [
          104.14285714285714,
          64.85714285714286
        ],
        [
          119.57142857142858,
          51.714285714285715
        ],
        [
          126.42857142857142,
          31.714285714285715
        ],
        [
          128.14285714285714,
          18.571428571428573
        ],
        [
          123.57142857142858,
          9.428571428571429
        ],
        [
          115.0,
          8.285714285714286
        ],
        [
          99.0,
          9.428571428571429
        ]
      ],
      "group_id": null,
      "shape_type": "polygon",
      "flags": {}
    },
    {
      "label": "细胞膜",
      "points": [
        [
          157.85714285714286,
          149.42857142857142
        ],
        [
          175.0,
          140.85714285714286
        ],
        [
          194.42857142857142,
          142.57142857142858
        ],
        [
          201.28571428571428,
          144.85714285714286
        ],
        [
          205.85714285714286,
          159.14285714285714
        ],
        [
          205.85714285714286,
          171.14285714285714
        ],
        [
          194.42857142857142,
          180.85714285714286
        ],
        [
          185.85714285714286,
          188.28571428571428
        ],
        [
          176.14285714285714,
          192.85714285714286
        ],
        [
          167.57142857142858,
          192.85714285714286
        ],
        [
          163.57142857142858,
          191.71428571428572
        ],
        [
          157.85714285714286,
          187.14285714285714
        ],
        [
          150.42857142857142,
          178.57142857142858
        ],
        [
          149.28571428571428,
          168.28571428571428
        ],
        [
          152.14285714285714,
          158.57142857142858
        ],
        [
          152.71428571428572,
          154.0
        ]
      ],
      "group_id": null,
      "shape_type": "polygon",
      "flags": {}
    },
    {
      "label": "细胞膜",
      "points": [
        [
          207.57142857142858,
          182.0
        ],
        [
          212.14285714285714,
          186.0
        ],
        [
          215.0,
          200.28571428571428
        ],
        [
          209.85714285714286,
          214.57142857142858
        ],
        [
          204.71428571428572,
          220.28571428571428
        ],
        [
          203.0,
          223.14285714285714
        ],
        [
          203.0,
          232.85714285714286
        ],
        [
          203.0,
          241.42857142857142
        ],
        [
          199.0,
          245.42857142857142
        ],
        [
          188.14285714285714,
          243.14285714285714
        ],
        [
          181.85714285714286,
          228.28571428571428
        ],
        [
          173.85714285714286,
          218.57142857142858
        ],
        [
          169.28571428571428,
          208.28571428571428
        ],
        [
          175.0,
          195.71428571428572
        ],
        [
          184.71428571428572,
          188.28571428571428
        ],
        [
          195.0,
          183.71428571428572
        ],
        [
          201.85714285714286,
          180.28571428571428
        ]
      ],
      "group_id": null,
      "shape_type": "polygon",
      "flags": {}
    },
    {
      "label": "细胞膜",
      "points": [
        [
          100.71428571428572,
          152.85714285714286
        ],
        [
          103.0,
          166.57142857142858
        ],
        [
          107.57142857142858,
          185.42857142857142
        ],
        [
          115.0,
          206.57142857142858
        ],
        [
          126.42857142857142,
          227.71428571428572
        ],
        [
          148.14285714285714,
          241.42857142857142
        ],
        [
          166.42857142857142,
          253.42857142857142
        ],
        [
          181.85714285714286,
          260.85714285714283
        ],
        [
          189.85714285714286,
          260.2857142857143
        ],
        [
          190.42857142857142,
          253.42857142857142
        ],
        [
          184.71428571428572,
          242.0
        ],
        [
          181.28571428571428,
          232.28571428571428
        ],
        [
          175.57142857142858,
          219.71428571428572
        ],
        [
          167.57142857142858,
          209.42857142857142
        ],
        [
          165.28571428571428,
          196.28571428571428
        ],
        [
          159.57142857142858,
          190.0
        ],
        [
          148.14285714285714,
          178.57142857142858
        ],
        [
          132.71428571428572,
          169.42857142857142
        ],
        [
          125.85714285714286,
          159.71428571428572
        ],
        [
          117.85714285714286,
          152.85714285714286
        ],
        [
          109.85714285714286,
          148.28571428571428
        ]
      ],
      "group_id": null,
      "shape_type": "polygon",
      "flags": {}
    },
    {
      "label": "细胞膜",
      "points": [
        [
          62.42857142857143,
          174.57142857142858
        ],
        [
          52.71428571428571,
          191.71428571428572
        ],
        [
          53.85714285714286,
          216.85714285714286
        ],
        [
          64.14285714285714,
          247.14285714285714
        ],
        [
          76.71428571428571,
          268.2857142857143
        ],
        [
          100.71428571428572,
          284.2857142857143
        ],
        [
          131.0,
          296.2857142857143
        ],
        [
          148.14285714285714,
          296.85714285714283
        ],
        [
          154.42857142857142,
          287.14285714285717
        ],
        [
          152.14285714285714,
          271.7142857142857
        ],
        [
          144.14285714285714,
          250.0
        ],
        [
          136.71428571428572,
          236.28571428571428
        ],
        [
          125.85714285714286,
          227.71428571428572
        ],
        [
          115.57142857142858,
          207.71428571428572
        ],
        [
          107.57142857142858,
          195.71428571428572
        ],
        [
          101.85714285714286,
          184.85714285714286
        ],
        [
          84.14285714285714,
          174.57142857142858
        ],
        [
          77.28571428571429,
          169.42857142857142
        ]
      ],
      "group_id": null,
      "shape_type": "polygon",
      "flags": {}
    },
    {
      "label": "细胞膜",
      "points": [
        [
          92.14285714285714,
          303.14285714285717
        ],
        [
          81.28571428571429,
          315.14285714285717
        ],
        [
          84.14285714285714,
          327.14285714285717
        ],
        [
          95.57142857142857,
          340.2857142857143
        ],
        [
          108.71428571428572,
          350.0
        ],
        [
          120.14285714285714,
          355.14285714285717
        ],
        [
          141.85714285714286,
          350.57142857142856
        ],
        [
          141.85714285714286,
          335.7142857142857
        ],
        [
          136.14285714285714,
          322.57142857142856
        ],
        [
          127.57142857142858,
          311.14285714285717
        ],
        [
          109.85714285714286,
          303.7142857142857
        ],
        [
          99.0,
          302.0
        ]
      ],
      "group_id": null,
      "shape_type": "polygon",
      "flags": {}
    },
    {
      "label": "细胞膜",
      "points": [
        [
          43.57142857142857,
          344.85714285714283
        ],
        [
          52.14285714285714,
          364.2857142857143
        ],
        [
          57.28571428571429,
          376.85714285714283
        ],
        [
          64.14285714285714,
          387.14285714285717
        ],
        [
          75.0,
          392.2857142857143
        ],
        [
          85.28571428571429,
          393.42857142857144
        ],
        [
          91.57142857142857,
          392.2857142857143
        ],
        [
          91.57142857142857,
          383.7142857142857
        ],
        [
          99.57142857142858,
          377.42857142857144
        ],
        [
          110.42857142857142,
          377.42857142857144
        ],
        [
          119.0,
          376.85714285714283
        ],
        [
          120.14285714285714,
          372.85714285714283
        ],
        [
          111.0,
          368.85714285714283
        ],
        [
          107.0,
          362.57142857142856
        ],
        [
          105.85714285714286,
          354.57142857142856
        ],
        [
          100.14285714285714,
          345.42857142857144
        ],
        [
          95.57142857142857,
          340.85714285714283
        ],
        [
          84.14285714285714,
          339.7142857142857
        ],
        [
          72.14285714285714,
          340.85714285714283
        ],
        [
          63.57142857142857,
          343.7142857142857
        ],
        [
          56.14285714285714,
          335.14285714285717
        ],
        [
          51.0,
          331.7142857142857
        ],
        [
          44.14285714285714,
          332.2857142857143
        ]
      ],
      "group_id": null,
      "shape_type": "polygon",
      "flags": {}
    },
    {
      "label": "细胞膜",
      "points": [
        [
          217.28571428571428,
          304.2857142857143
        ],
        [
          232.71428571428572,
          328.2857142857143
        ],
        [
          255.0,
          351.7142857142857
        ],
        [
          288.14285714285717,
          366.57142857142856
        ],
        [
          317.2857142857143,
          375.7142857142857
        ],
        [
          337.85714285714283,
          379.14285714285717
        ],
        [
          333.2857142857143,
          372.2857142857143
        ],
        [
          315.0,
          358.57142857142856
        ],
        [
          303.57142857142856,
          346.0
        ],
        [
          286.42857142857144,
          332.2857142857143
        ],
        [
          268.7142857142857,
          320.85714285714283
        ],
        [
          257.2857142857143,
          314.0
        ],
        [
          239.57142857142856,
          304.2857142857143
        ],
        [
          229.28571428571428,
          302.0
        ]
      ],
      "group_id": null,
      "shape_type": "polygon",
      "flags": {}
    },
    {
      "label": "细胞膜",
      "points": [
        [
          236.71428571428572,
          243.71428571428572
        ],
        [
          251.0,
          250.0
        ],
        [
          268.14285714285717,
          259.7142857142857
        ],
        [
          276.7142857142857,
          271.14285714285717
        ],
        [
          293.85714285714283,
          287.7142857142857
        ],
        [
          307.0,
          306.57142857142856
        ],
        [
          316.14285714285717,
          326.57142857142856
        ],
        [
          323.57142857142856,
          342.0
        ],
        [
          326.42857142857144,
          353.42857142857144
        ],
        [
          321.85714285714283,
          358.57142857142856
        ],
        [
          313.85714285714283,
          351.7142857142857
        ],
        [
          297.85714285714283,
          340.2857142857143
        ],
        [
          284.7142857142857,
          327.7142857142857
        ],
        [
          269.2857142857143,
          317.42857142857144
        ],
        [
          260.14285714285717,
          302.57142857142856
        ],
        [
          250.42857142857144,
          286.0
        ],
        [
          239.0,
          269.42857142857144
        ],
        [
          233.28571428571428,
          253.42857142857142
        ]
      ],
      "group_id": null,
      "shape_type": "polygon",
      "flags": {}
    },
    {
      "label": "细胞膜",
      "points": [
        [
          313.85714285714283,
          302.0
        ],
        [
          313.2857142857143,
          315.14285714285717
        ],
        [
          331.0,
          341.42857142857144
        ],
        [
          339.57142857142856,
          353.42857142857144
        ],
        [
          348.14285714285717,
          364.85714285714283
        ],
        [
          352.14285714285717,
          371.7142857142857
        ],
        [
          356.7142857142857,
          380.85714285714283
        ],
        [
          361.85714285714283,
          384.85714285714283
        ],
        [
          360.7142857142857,
          373.42857142857144
        ],
        [
          358.42857142857144,
          360.2857142857143
        ],
        [
          367.57142857142856,
          346.0
        ],
        [
          373.2857142857143,
          326.57142857142856
        ],
        [
          374.42857142857144,
          310.0
        ],
        [
          372.14285714285717,
          295.14285714285717
        ],
        [
          357.85714285714283,
          284.2857142857143
        ],
        [
          341.85714285714283,
          280.2857142857143
        ],
        [
          332.7142857142857,
          280.2857142857143
        ],
        [
          324.14285714285717,
          288.2857142857143
        ],
        [
          317.85714285714283,
          295.14285714285717
        ]
      ],
      "group_id": null,
      "shape_type": "polygon",
      "flags": {}
    },
    {
      "label": "细胞膜",
      "points": [
        [
          2.428571428571427,
          294.0
        ],
        [
          23.57142857142857,
          327.7142857142857
        ],
        [
          41.28571428571429,
          359.7142857142857
        ],
        [
          62.42857142857143,
          384.2857142857143
        ],
        [
          75.0,
          392.2857142857143
        ],
        [
          91.57142857142857,
          396.85714285714283
        ],
        [
          111.57142857142858,
          407.14285714285717
        ],
        [
          131.57142857142858,
          420.85714285714283
        ],
        [
          146.42857142857142,
          439.7142857142857
        ],
        [
          151.0,
          447.14285714285717
        ],
        [
          148.14285714285714,
          454.0
        ],
        [
          137.28571428571428,
          454.0
        ],
        [
          110.42857142857142,
          439.7142857142857
        ],
        [
          88.14285714285714,
          425.42857142857144
        ],
        [
          74.42857142857143,
          406.57142857142856
        ],
        [
          62.42857142857143,
          389.42857142857144
        ],
        [
          44.71428571428571,
          375.14285714285717
        ],
        [
          32.714285714285715,
          361.42857142857144
        ],
        [
          19.0,
          355.14285714285717
        ],
        [
          7.571428571428569,
          342.57142857142856
        ],
        [
          0.14285714285714235,
          330.57142857142856
        ]
      ],
      "group_id": null,
      "shape_type": "polygon",
      "flags": {}
    },
    {
      "label": "细胞核",
      "points": [
        [
          88.14285714285714,
          32.285714285714285
        ],
        [
          81.85714285714286,
          40.285714285714285
        ],
        [
          82.42857142857143,
          54.0
        ],
        [
          87.0,
          60.857142857142854
        ],
        [
          96.71428571428571,
          64.85714285714286
        ],
        [
          109.28571428571428,
          57.42857142857143
        ],
        [
          116.14285714285714,
          50.57142857142857
        ],
        [
          119.57142857142858,
          39.714285714285715
        ],
        [
          117.85714285714286,
          29.428571428571427
        ],
        [
          109.85714285714286,
          24.857142857142858
        ],
        [
          99.57142857142858,
          24.857142857142858
        ]
      ],
      "group_id": null,
      "shape_type": "polygon",
      "flags": {}
    },
    {
      "label": "细胞核",
      "points": [
        [
          260.7142857142857,
          78.0
        ],
        [
          257.85714285714283,
          90.57142857142857
        ],
        [
          261.2857142857143,
          106.57142857142857
        ],
        [
          271.57142857142856,
          110.0
        ],
        [
          289.2857142857143,
          108.85714285714286
        ],
        [
          300.14285714285717,
          102.57142857142857
        ],
        [
          303.0,
          94.0
        ],
        [
          301.2857142857143,
          84.28571428571429
        ],
        [
          294.42857142857144,
          76.28571428571429
        ],
        [
          288.7142857142857,
          68.85714285714286
        ],
        [
          282.42857142857144,
          67.71428571428571
        ],
        [
          272.14285714285717,
          68.85714285714286
        ]
      ],
      "group_id": null,
      "shape_type": "polygon",
      "flags": {}
    },
    {
      "label": "细胞核",
      "points": [
        [
          275.57142857142856,
          143.14285714285714
        ],
        [
          291.0,
          144.28571428571428
        ],
        [
          300.14285714285717,
          150.0
        ],
        [
          300.7142857142857,
          159.14285714285714
        ],
        [
          299.57142857142856,
          166.57142857142858
        ],
        [
          295.0,
          175.71428571428572
        ],
        [
          281.2857142857143,
          178.57142857142858
        ],
        [
          269.2857142857143,
          178.0
        ],
        [
          260.7142857142857,
          172.28571428571428
        ],
        [
          257.2857142857143,
          157.42857142857142
        ],
        [
          258.42857142857144,
          147.14285714285714
        ],
        [
          264.14285714285717,
          143.71428571428572
        ]
      ],
      "group_id": null,
      "shape_type": "polygon",
      "flags": {}
    },
    {
      "label": "细胞核",
      "points": [
        [
          315.57142857142856,
          138.57142857142858
        ],
        [
          320.14285714285717,
          136.85714285714286
        ],
        [
          328.7142857142857,
          139.14285714285714
        ],
        [
          328.7142857142857,
          144.85714285714286
        ],
        [
          325.2857142857143,
          150.0
        ],
        [
          320.14285714285717,
          151.71428571428572
        ],
        [
          315.0,
          149.42857142857142
        ],
        [
          314.42857142857144,
          144.28571428571428
        ]
      ],
      "group_id": null,
      "shape_type": "polygon",
      "flags": {}
    },
    {
      "label": "细胞核",
      "points": [
        [
          363.0,
          106.0
        ],
        [
          369.85714285714283,
          100.85714285714286
        ],
        [
          378.42857142857144,
          98.57142857142857
        ],
        [
          391.0,
          103.14285714285714
        ],
        [
          397.2857142857143,
          112.28571428571429
        ],
        [
          401.2857142857143,
          121.42857142857143
        ],
        [
          400.7142857142857,
          130.0
        ],
        [
          394.42857142857144,
          136.85714285714286
        ],
        [
          388.14285714285717,
          141.42857142857142
        ],
        [
          380.14285714285717,
          138.57142857142858
        ],
        [
          372.14285714285717,
          134.57142857142858
        ],
        [
          365.85714285714283,
          126.0
        ],
        [
          362.42857142857144,
          118.0
        ],
        [
          359.0,
          111.14285714285714
        ]
      ],
      "group_id": null,
      "shape_type": "polygon",
      "flags": {}
    },
    {
      "label": "细胞核",
      "points": [
        [
          364.14285714285717,
          180.28571428571428
        ],
        [
          368.7142857142857,
          190.0
        ],
        [
          365.85714285714283,
          199.71428571428572
        ],
        [
          355.57142857142856,
          206.57142857142858
        ],
        [
          340.7142857142857,
          207.71428571428572
        ],
        [
          323.0,
          207.71428571428572
        ],
        [
          320.7142857142857,
          201.42857142857142
        ],
        [
          320.7142857142857,
          195.71428571428572
        ],
        [
          325.2857142857143,
          189.42857142857142
        ],
        [
          339.57142857142856,
          183.14285714285714
        ],
        [
          352.14285714285717,
          178.57142857142858
        ]
      ],
      "group_id": null,
      "shape_type": "polygon",
      "flags": {}
    },
    {
      "label": "细胞核",
      "points": [
        [
          431.57142857142856,
          247.71428571428572
        ],
        [
          445.2857142857143,
          243.14285714285714
        ],
        [
          459.0,
          242.0
        ],
        [
          475.0,
          242.57142857142858
        ],
        [
          479.57142857142856,
          250.0
        ],
        [
          476.7142857142857,
          257.42857142857144
        ],
        [
          472.14285714285717,
          266.57142857142856
        ],
        [
          460.7142857142857,
          271.14285714285717
        ],
        [
          444.14285714285717,
          275.7142857142857
        ],
        [
          434.42857142857144,
          275.14285714285717
        ],
        [
          426.42857142857144,
          270.57142857142856
        ],
        [
          424.7142857142857,
          263.14285714285717
        ],
        [
          424.7142857142857,
          255.14285714285717
        ]
      ],
      "group_id": null,
      "shape_type": "polygon",
      "flags": {}
    },
    {
      "label": "细胞核",
      "points": [
        [
          336.14285714285717,
          291.14285714285717
        ],
        [
          327.0,
          300.2857142857143
        ],
        [
          325.85714285714283,
          308.85714285714283
        ],
        [
          328.14285714285717,
          325.42857142857144
        ],
        [
          335.0,
          334.0
        ],
        [
          344.7142857142857,
          333.42857142857144
        ],
        [
          347.57142857142856,
          330.0
        ],
        [
          355.57142857142856,
          328.85714285714283
        ],
        [
          360.14285714285717,
          324.85714285714283
        ],
        [
          362.42857142857144,
          314.0
        ],
        [
          362.42857142857144,
          299.7142857142857
        ],
        [
          357.85714285714283,
          294.57142857142856
        ],
        [
          351.0,
          289.42857142857144
        ],
        [
          343.57142857142856,
          289.42857142857144
        ]
      ],
      "group_id": null,
      "shape_type": "polygon",
      "flags": {}
    },
    {
      "label": "细胞核",
      "points": [
        [
          265.2857142857143,
          288.85714285714283
        ],
        [
          271.0,
          283.7142857142857
        ],
        [
          281.2857142857143,
          282.57142857142856
        ],
        [
          289.85714285714283,
          286.57142857142856
        ],
        [
          300.14285714285717,
          302.0
        ],
        [
          303.0,
          311.7142857142857
        ],
        [
          304.14285714285717,
          318.0
        ],
        [
          301.2857142857143,
          327.7142857142857
        ],
        [
          291.57142857142856,
          328.2857142857143
        ],
        [
          278.42857142857144,
          320.85714285714283
        ],
        [
          268.14285714285717,
          308.2857142857143
        ],
        [
          261.2857142857143,
          297.42857142857144
        ]
      ],
      "group_id": null,
      "shape_type": "polygon",
      "flags": {}
    },
    {
      "label": "细胞核",
      "points": [
        [
          256.14285714285717,
          330.0
        ],
        [
          256.14285714285717,
          340.2857142857143
        ],
        [
          264.14285714285717,
          349.42857142857144
        ],
        [
          277.85714285714283,
          355.14285714285717
        ],
        [
          284.7142857142857,
          359.7142857142857
        ],
        [
          297.85714285714283,
          363.7142857142857
        ],
        [
          308.14285714285717,
          365.42857142857144
        ],
        [
          311.57142857142856,
          360.85714285714283
        ],
        [
          308.7142857142857,
          351.14285714285717
        ],
        [
          301.85714285714283,
          345.42857142857144
        ],
        [
          288.7142857142857,
          335.14285714285717
        ],
        [
          278.42857142857144,
          328.2857142857143
        ],
        [
          269.85714285714283,
          323.14285714285717
        ],
        [
          263.0,
          323.14285714285717
        ]
      ],
      "group_id": null,
      "shape_type": "polygon",
      "flags": {}
    },
    {
      "label": "细胞核",
      "points": [
        [
          228.14285714285717,
          475.14285714285717
        ],
        [
          219.0,
          482.0
        ],
        [
          216.14285714285714,
          488.2857142857143
        ],
        [
          213.85714285714286,
          498.57142857142856
        ],
        [
          216.71428571428572,
          505.42857142857144
        ],
        [
          219.0,
          508.85714285714283
        ],
        [
          259.0,
          508.85714285714283
        ],
        [
          264.14285714285717,
          502.0
        ],
        [
          270.42857142857144,
          494.0
        ],
        [
          274.42857142857144,
          492.85714285714283
        ],
        [
          275.0,
          482.0
        ],
        [
          271.0,
          471.7142857142857
        ],
        [
          267.0,
          468.2857142857143
        ],
        [
          257.85714285714283,
          468.2857142857143
        ],
        [
          248.14285714285717,
          467.14285714285717
        ],
        [
          237.28571428571428,
          471.7142857142857
        ]
      ],
      "group_id": null,
      "shape_type": "polygon",
      "flags": {}
    },
    {
      "label": "细胞核",
      "points": [
        [
          101.85714285714286,
          320.2857142857143
        ],
        [
          97.28571428571429,
          328.85714285714283
        ],
        [
          103.0,
          340.2857142857143
        ],
        [
          115.0,
          346.57142857142856
        ],
        [
          125.28571428571428,
          347.14285714285717
        ],
        [
          129.85714285714286,
          339.14285714285717
        ],
        [
          129.85714285714286,
          330.57142857142856
        ],
        [
          126.42857142857142,
          322.57142857142856
        ],
        [
          118.42857142857142,
          320.2857142857143
        ],
        [
          112.14285714285714,
          317.42857142857144
        ]
      ],
      "group_id": null,
      "shape_type": "polygon",
      "flags": {}
    },
    {
      "label": "细胞核",
      "points": [
        [
          59.57142857142857,
          363.14285714285717
        ],
        [
          70.42857142857143,
          359.7142857142857
        ],
        [
          84.71428571428571,
          359.14285714285717
        ],
        [
          96.14285714285714,
          368.2857142857143
        ],
        [
          96.71428571428571,
          373.42857142857144
        ],
        [
          91.0,
          380.85714285714283
        ],
        [
          88.14285714285714,
          382.57142857142856
        ],
        [
          87.57142857142857,
          388.2857142857143
        ],
        [
          83.57142857142857,
          389.42857142857144
        ],
        [
          76.14285714285714,
          388.2857142857143
        ],
        [
          68.71428571428571,
          384.2857142857143
        ],
        [
          63.0,
          379.14285714285717
        ],
        [
          58.42857142857143,
          369.42857142857144
        ]
      ],
      "group_id": null,
      "shape_type": "polygon",
      "flags": {}
    },
    {
      "label": "细胞核",
      "points": [
        [
          73.28571428571429,
          399.14285714285717
        ],
        [
          80.71428571428571,
          398.0
        ],
        [
          95.0,
          402.57142857142856
        ],
        [
          116.71428571428572,
          412.85714285714283
        ],
        [
          125.85714285714286,
          422.0
        ],
        [
          125.28571428571428,
          428.85714285714283
        ],
        [
          115.57142857142858,
          434.57142857142856
        ],
        [
          104.14285714285714,
          430.57142857142856
        ],
        [
          89.85714285714286,
          419.14285714285717
        ],
        [
          80.71428571428571,
          410.57142857142856
        ]
      ],
      "group_id": null,
      "shape_type": "polygon",
      "flags": {}
    },
    {
      "label": "细胞核",
      "points": [
        [
          11.57142857142857,
          459.7142857142857
        ],
        [
          3.5714285714285694,
          464.85714285714283
        ],
        [
          3.5714285714285694,
          472.85714285714283
        ],
        [
          3.5714285714285694,
          481.42857142857144
        ],
        [
          8.142857142857146,
          491.14285714285717
        ],
        [
          12.142857142857146,
          492.85714285714283
        ],
        [
          20.142857142857146,
          490.0
        ],
        [
          26.42857142857143,
          479.7142857142857
        ],
        [
          33.857142857142854,
          469.42857142857144
        ],
        [
          36.14285714285714,
          456.85714285714283
        ],
        [
          33.857142857142854,
          450.57142857142856
        ],
        [
          27.57142857142857,
          449.42857142857144
        ],
        [
          21.285714285714285,
          452.2857142857143
        ]
      ],
      "group_id": null,
      "shape_type": "polygon",
      "flags": {}
    },
    {
      "label": "细胞核",
      "points": [
        [
          66.42857142857143,
          191.14285714285714
        ],
        [
          59.57142857142857,
          201.42857142857142
        ],
        [
          61.85714285714286,
          224.28571428571428
        ],
        [
          73.85714285714286,
          240.85714285714286
        ],
        [
          93.28571428571429,
          244.85714285714286
        ],
        [
          108.71428571428572,
          235.14285714285714
        ],
        [
          112.14285714285714,
          222.57142857142858
        ],
        [
          107.57142857142858,
          204.28571428571428
        ],
        [
          101.28571428571428,
          192.28571428571428
        ],
        [
          89.28571428571429,
          187.14285714285714
        ],
        [
          77.28571428571429,
          186.57142857142858
        ]
      ],
      "group_id": null,
      "shape_type": "polygon",
      "flags": {}
    },
    {
      "label": "细胞核",
      "points": [
        [
          125.28571428571428,
          190.0
        ],
        [
          119.0,
          198.0
        ],
        [
          123.0,
          216.85714285714286
        ],
        [
          132.71428571428572,
          224.85714285714286
        ],
        [
          145.28571428571428,
          227.14285714285714
        ],
        [
          158.42857142857142,
          221.42857142857142
        ],
        [
          162.42857142857142,
          212.28571428571428
        ],
        [
          160.71428571428572,
          197.42857142857142
        ],
        [
          153.85714285714286,
          190.57142857142858
        ],
        [
          145.85714285714286,
          183.14285714285714
        ],
        [
          137.85714285714286,
          182.57142857142858
        ]
      ],
      "group_id": null,
      "shape_type": "polygon",
      "flags": {}
    },
    {
      "label": "细胞核",
      "points": [
        [
          167.0,
          154.0
        ],
        [
          163.0,
          163.71428571428572
        ],
        [
          160.71428571428572,
          176.28571428571428
        ],
        [
          165.28571428571428,
          184.28571428571428
        ],
        [
          172.71428571428572,
          184.85714285714286
        ],
        [
          187.0,
          182.0
        ],
        [
          196.71428571428572,
          176.28571428571428
        ],
        [
          200.14285714285714,
          168.85714285714286
        ],
        [
          198.42857142857142,
          155.71428571428572
        ],
        [
          194.42857142857142,
          150.0
        ],
        [
          186.42857142857142,
          146.57142857142858
        ],
        [
          177.28571428571428,
          146.57142857142858
        ]
      ],
      "group_id": null,
      "shape_type": "polygon",
      "flags": {}
    },
    {
      "label": "细胞核",
      "points": [
        [
          193.85714285714286,
          193.42857142857142
        ],
        [
          191.0,
          202.57142857142858
        ],
        [
          189.28571428571428,
          212.85714285714286
        ],
        [
          193.28571428571428,
          220.85714285714286
        ],
        [
          205.28571428571428,
          214.0
        ],
        [
          210.42857142857142,
          204.85714285714286
        ],
        [
          211.57142857142858,
          198.0
        ],
        [
          210.42857142857142,
          191.14285714285714
        ],
        [
          203.57142857142858,
          188.85714285714286
        ]
      ],
      "group_id": null,
      "shape_type": "polygon",
      "flags": {}
    }
  ],
  "imagePath": "2fce7e30-bba3-11e8-b2b9-ac1f6b6435d0_dst.png",
  "imageData": null,
  "imageHeight": 512,
  "imageWidth": 512
}